t,traj,x_gps,y_gps,th_gps,x_odom,y_odom,th_odom
0.032,line,0.0014,-0.3,-0.0,0.0032,-0.3,0.0
0.048,line,0.004,-0.3,-0.0,0.0064,-0.3,0.0
0.064,line,0.0071,-0.3,0.0,0.0096,-0.3,0.0
0.08,line,0.0103,-0.3,-0.0,0.0128,-0.3,0.0
0.096,line,0.0135,-0.3,-0.0,0.016,-0.3,0.0
0.112,line,0.0167,-0.3,-0.0,0.0192,-0.3,0.0
0.128,line,0.0199,-0.3,-0.0,0.0224,-0.3,0.0
0.144,line,0.023,-0.3,-0.0,0.0256,-0.3,0.0
0.16,line,0.0262,-0.3,-0.0,0.0288,-0.3,0.0
0.176,line,0.0294,-0.3,-0.0,0.032,-0.3,0.0
0.192,line,0.0326,-0.3,-0.0,0.0352,-0.3,0.0
0.208,line,0.0357,-0.3,-0.0,0.0384,-0.3,0.0
0.224,line,0.0389,-0.3,-0.0,0.0416,-0.3,0.0
0.24,line,0.0421,-0.3,-0.0,0.0448,-0.3,-0.0
0.256,line,0.0453,-0.3,-0.0,0.048,-0.3,-0.0
0.272,line,0.0484,-0.3,-0.0,0.0512,-0.3,0.0
0.288,line,0.0516,-0.3,-0.0,0.0544,-0.3,0.0
0.304,line,0.0548,-0.3,-0.0,0.0576,-0.3,-0.0
0.32,line,0.058,-0.3,-0.0,0.0608,-0.3,0.0
0.336,line,0.0611,-0.3,-0.0,0.064,-0.3,0.0
0.352,line,0.0643,-0.3,-0.0,0.0672,-0.3,0.0
0.368,line,0.0675,-0.3,-0.0,0.0704,-0.3,-0.0
0.384,line,0.0706,-0.3,-0.0,0.0736,-0.3,0.0
0.4,line,0.0738,-0.3,-0.0,0.0768,-0.3,-0.0
0.416,line,0.077,-0.3,-0.0,0.08,-0.3,0.0
0.432,line,0.0802,-0.3,-0.0,0.0832,-0.3,-0.0
0.448,line,0.0833,-0.3,-0.0,0.0864,-0.3,0.0
0.464,line,0.0865,-0.3,-0.0,0.0896,-0.3,-0.0
0.48,line,0.0897,-0.3,-0.0,0.0928,-0.3,0.0
0.496,line,0.0928,-0.3,-0.0,0.096,-0.3,-0.0
0.512,line,0.096,-0.3,-0.0,0.0992,-0.3,0.0
0.528,line,0.0992,-0.3,-0.0,0.1024,-0.3,0.0
0.544,line,0.1024,-0.3,-0.0,0.1056,-0.3,0.0
0.56,line,0.1055,-0.3,-0.0,0.1088,-0.3,0.0
0.576,line,0.1087,-0.3,-0.0,0.112,-0.3,0.0
0.592,line,0.1119,-0.3,-0.0,0.1152,-0.3,0.0
0.608,line,0.115,-0.3,-0.0,0.1184,-0.3,0.0
0.624,line,0.1182,-0.3,-0.0,0.1216,-0.3,0.0
0.64,line,0.1214,-0.3,-0.0,0.1248,-0.3,0.0
0.656,line,0.1246,-0.3,-0.0,0.128,-0.3,0.0
0.672,line,0.1277,-0.3,-0.0,0.1312,-0.3,-0.0
0.688,line,0.1309,-0.3,-0.0,0.1344,-0.3,0.0
0.704,line,0.1341,-0.3,-0.0,0.1376,-0.3,0.0
0.72,line,0.1373,-0.3,-0.0,0.1408,-0.3,0.0
0.736,line,0.1404,-0.3,-0.0,0.144,-0.3,-0.0
0.752,line,0.1436,-0.3,-0.0,0.1471,-0.3,-0.0
0.768,line,0.1468,-0.3,-0.0,0.1503,-0.3,-0.0
0.784,line,0.1499,-0.3,-0.0,0.1535,-0.3,-0.0
0.8,line,0.1531,-0.3,-0.0,0.1567,-0.3,-0.0
0.816,line,0.1563,-0.3,-0.0,0.1599,-0.3,0.0
0.832,line,0.1595,-0.3,-0.0,0.1631,-0.3,-0.0
0.848,line,0.1626,-0.3,0.0,0.1663,-0.3,-0.0
0.864,line,0.1658,-0.3,0.0,0.1695,-0.3,-0.0
0.88,line,0.169,-0.3,0.0,0.1727,-0.3,0.0
0.896,line,0.1721,-0.3,0.0,0.1759,-0.3,0.0
0.912,line,0.1753,-0.3,0.0,0.1791,-0.3,-0.0
0.928,line,0.1785,-0.3,0.0,0.1823,-0.3,-0.0
0.944,line,0.1817,-0.3,0.0,0.1855,-0.3,-0.0
0.96,line,0.1848,-0.3,0.0,0.1887,-0.3,-0.0
0.976,line,0.188,-0.3,0.0,0.1919,-0.3,-0.0
0.992,line,0.1912,-0.3,0.0,0.1951,-0.3,-0.0
1.008,line,0.1943,-0.3,0.0,0.1983,-0.3,-0.0
1.024,line,0.1975,-0.3,0.0,0.2015,-0.3,-0.0
1.04,line,0.2007,-0.3,0.0,0.2047,-0.3,-0.0
1.056,line,0.2039,-0.3,0.0,0.2079,-0.3,-0.0
1.072,line,0.207,-0.3,0.0,0.2111,-0.3,-0.0
1.088,line,0.2102,-0.3,0.0,0.2143,-0.3,-0.0
1.104,line,0.2134,-0.3,0.0,0.2175,-0.3,-0.0
1.12,line,0.2166,-0.3,0.0,0.2207,-0.3,-0.0
1.136,line,0.2197,-0.3,0.0,0.2239,-0.3,-0.0
1.152,line,0.2229,-0.3,0.0,0.2271,-0.3,-0.0
1.168,line,0.2261,-0.3,0.0,0.2303,-0.3,-0.0
1.184,line,0.2292,-0.3,0.0,0.2335,-0.3,-0.0
1.2,line,0.2324,-0.3,0.0,0.2367,-0.3,-0.0
1.216,line,0.2356,-0.3,0.0,0.2399,-0.3,-0.0
1.232,line,0.2388,-0.3,0.0,0.2431,-0.3,-0.0
1.248,line,0.2419,-0.3,0.0,0.2463,-0.3,-0.0
1.264,line,0.2451,-0.3,0.0,0.2495,-0.3,-0.0
1.28,line,0.2483,-0.3,0.0,0.2527,-0.3,-0.0
1.296,line,0.2514,-0.3,0.0,0.2559,-0.3,-0.0
1.312,line,0.2546,-0.3,0.0,0.2591,-0.3,-0.0
1.328,line,0.2578,-0.3,0.0,0.2623,-0.3,-0.0
1.344,line,0.261,-0.3,0.0,0.2655,-0.3,-0.0
1.36,line,0.2641,-0.3,0.0,0.2687,-0.3,-0.0
1.376,line,0.2673,-0.3,0.0,0.2719,-0.3,-0.0
1.392,line,0.2705,-0.3,0.0,0.2751,-0.3,-0.0
1.408,line,0.2736,-0.3,0.0,0.2783,-0.3,-0.0
1.424,line,0.2768,-0.3,0.0,0.2815,-0.3,-0.0
1.44,line,0.28,-0.3,0.0,0.2847,-0.3,-0.0
1.456,line,0.2832,-0.3,0.0,0.2879,-0.3,-0.0
1.472,line,0.2863,-0.3,0.0,0.2911,-0.3,-0.0
1.488,line,0.2895,-0.3,0.0,0.2943,-0.3,-0.0
1.504,line,0.2927,-0.3,0.0,0.2975,-0.3,-0.0
1.52,line,0.2959,-0.3,0.0,0.3007,-0.3,-0.0
1.536,line,0.299,-0.3,0.0,0.3039,-0.3,-0.0
1.552,line,0.3022,-0.3,0.0,0.3071,-0.3,-0.0
1.568,line,0.3054,-0.3,0.0,0.3103,-0.3,-0.0
1.584,line,0.3085,-0.3,0.0,0.3135,-0.3,-0.0
1.6,line,0.3117,-0.3,0.0,0.3167,-0.3,-0.0
1.616,line,0.3149,-0.3,0.0,0.3199,-0.3,-0.0
1.632,line,0.3181,-0.3,0.0,0.3231,-0.3,-0.0
1.648,line,0.3212,-0.3,0.0,0.3263,-0.3,-0.0
1.664,line,0.3244,-0.3,0.0,0.3295,-0.3,-0.0
1.68,line,0.3276,-0.3,0.0,0.3327,-0.3,-0.0
1.696,line,0.3307,-0.3,0.0,0.3359,-0.3,-0.0
1.712,line,0.3339,-0.3,0.0,0.3391,-0.3,-0.0
1.728,line,0.3371,-0.3,0.0,0.3423,-0.3,-0.0
1.744,line,0.3403,-0.3,0.0,0.3455,-0.3,-0.0
1.76,line,0.3434,-0.3,0.0,0.3487,-0.3,-0.0
1.776,line,0.3466,-0.3,0.0,0.3519,-0.3,-0.0
1.792,line,0.3498,-0.3,0.0,0.3551,-0.3,-0.0
1.808,line,0.3529,-0.3,0.0,0.3583,-0.3,-0.0
1.824,line,0.3561,-0.3,0.0,0.3615,-0.3,-0.0
1.84,line,0.3593,-0.3,0.0,0.3647,-0.3,-0.0
1.856,line,0.3625,-0.3,0.0,0.3679,-0.3,-0.0
1.872,line,0.3656,-0.3,0.0,0.3711,-0.3,-0.0
1.888,line,0.3688,-0.3,0.0,0.3743,-0.3,-0.0
1.904,line,0.372,-0.3,0.0,0.3775,-0.3,-0.0
1.92,line,0.3752,-0.3,0.0,0.3807,-0.3,-0.0
1.936,line,0.3783,-0.3,0.0,0.3839,-0.3,-0.0
1.952,line,0.3815,-0.3,0.0,0.3871,-0.3,-0.0
1.968,line,0.3847,-0.3,0.0,0.3903,-0.3,-0.0
1.984,line,0.3878,-0.3,0.0,0.3935,-0.3,-0.0
2.0,line,0.391,-0.3,0.0,0.3967,-0.3,-0.0
2.016,line,0.3942,-0.3,0.0,0.3999,-0.3,-0.0
2.032,line,0.3974,-0.3,0.0,0.4031,-0.3,-0.0
2.048,line,0.4005,-0.3,0.0,0.4063,-0.3,-0.0
2.064,line,0.4037,-0.3,0.0,0.4095,-0.3,-0.0
2.08,line,0.4069,-0.3,0.0,0.4127,-0.3,-0.0
2.096,line,0.41,-0.3,0.0,0.4159,-0.3,-0.0
2.112,line,0.4132,-0.3,0.0,0.4191,-0.3,-0.0
2.128,line,0.4164,-0.3,0.0,0.4223,-0.3,-0.0
2.144,line,0.4196,-0.3,0.0,0.4255,-0.3,-0.0
2.16,line,0.4227,-0.3,0.0,0.4287,-0.3,-0.0
2.176,line,0.4259,-0.3,0.0,0.4319,-0.3,-0.0
2.192,line,0.4291,-0.3,0.0,0.4351,-0.3,-0.0
2.208,line,0.4322,-0.3,0.0,0.4383,-0.3,-0.0
2.224,line,0.4354,-0.3,0.0,0.4414,-0.3,-0.0
2.24,line,0.4386,-0.3,0.0,0.4446,-0.3,-0.0
2.256,line,0.4418,-0.3,0.0,0.4478,-0.3,-0.0
2.272,line,0.4449,-0.3,0.0,0.451,-0.3,-0.0
2.288,line,0.4481,-0.3,0.0,0.4542,-0.3,-0.0
2.304,line,0.4513,-0.3,0.0,0.4574,-0.3,-0.0
2.32,line,0.4545,-0.3,0.0,0.4606,-0.3,-0.0
2.336,line,0.4576,-0.3,0.0,0.4638,-0.3,-0.0
2.352,line,0.4608,-0.3,0.0,0.467,-0.3,-0.0
2.368,line,0.464,-0.3,0.0,0.4702,-0.3,-0.0
2.384,line,0.4671,-0.3,0.0,0.4734,-0.3,-0.0
2.4,line,0.4703,-0.3,0.0,0.4766,-0.3,-0.0
2.416,line,0.4735,-0.3,0.0,0.4798,-0.3,-0.0
2.432,line,0.4767,-0.3,0.0,0.483,-0.3,-0.0
2.448,line,0.4798,-0.3,0.0,0.4862,-0.3,-0.0
2.464,line,0.483,-0.3,0.0,0.4894,-0.3,-0.0
2.48,line,0.4862,-0.3,0.0,0.4926,-0.3,-0.0
2.496,line,0.4893,-0.3,0.0,0.4958,-0.3,-0.0
2.512,line,0.4925,-0.3,0.0,0.499,-0.3,-0.0
2.528,line,0.4957,-0.3,0.0,0.5022,-0.3,-0.0
2.544,line,0.4989,-0.3,0.0,0.5054,-0.3,-0.0
2.56,line,0.502,-0.3,0.0,0.5086,-0.3,-0.0
2.576,line,0.5052,-0.3,0.0,0.5118,-0.3,-0.0
2.592,line,0.5084,-0.3,0.0,0.515,-0.3,-0.0
2.608,line,0.5115,-0.3,0.0,0.5182,-0.3,-0.0
2.624,line,0.5147,-0.3,0.0,0.5214,-0.3,-0.0
2.64,line,0.5179,-0.3,0.0,0.5246,-0.3,-0.0
2.656,line,0.5211,-0.3,0.0,0.5278,-0.3,-0.0
2.672,line,0.5242,-0.3,0.0,0.531,-0.3,-0.0
2.688,line,0.5274,-0.3,0.0,0.5342,-0.3,-0.0
2.704,line,0.5306,-0.3,0.0,0.5374,-0.3,-0.0
2.72,line,0.5338,-0.3,0.0,0.5406,-0.3,-0.0
2.736,line,0.5369,-0.3,0.0,0.5438,-0.3,-0.0
2.752,line,0.5401,-0.3,0.0,0.547,-0.3,-0.0
2.768,line,0.5433,-0.3,0.0,0.5502,-0.3,-0.0
2.784,line,0.5464,-0.3,0.0,0.5534,-0.3,-0.0
2.8,line,0.5496,-0.3,0.0,0.5566,-0.3,-0.0
2.816,line,0.5528,-0.3,0.0,0.5598,-0.3,-0.0
2.832,line,0.556,-0.3,0.0,0.563,-0.3,-0.0
2.848,line,0.5591,-0.3,0.0,0.5662,-0.3,-0.0
2.864,line,0.5623,-0.3,0.0,0.5694,-0.3,-0.0
2.88,line,0.5655,-0.3,0.0,0.5726,-0.3,-0.0
2.896,line,0.5686,-0.3,0.0,0.5758,-0.3,-0.0
2.912,line,0.5718,-0.3,0.0,0.579,-0.3,-0.0
2.928,line,0.575,-0.3,0.0,0.5822,-0.3,-0.0
2.944,line,0.5782,-0.3,0.0,0.5854,-0.3,-0.0
2.96,line,0.5813,-0.3,0.0,0.5886,-0.3,-0.0
2.976,line,0.5845,-0.3,0.0,0.5918,-0.3,-0.0
2.992,line,0.5877,-0.3,0.0,0.595,-0.3,-0.0
3.008,line,0.5908,-0.3,0.0,0.5982,-0.3,-0.0
3.024,line,0.594,-0.3,0.0,0.6014,-0.3,-0.0
3.04,line,0.5972,-0.3,0.0,0.6046,-0.3,-0.0
3.056,line,0.6004,-0.3,0.0,0.6078,-0.3,-0.0
3.072,line,0.6035,-0.3,0.0,0.611,-0.3,-0.0
3.088,line,0.6067,-0.3,0.0,0.6142,-0.3,-0.0
3.104,line,0.6099,-0.3,0.0,0.6174,-0.3,-0.0
3.12,line,0.6131,-0.3,0.0,0.6206,-0.3,-0.0
3.136,line,0.6162,-0.3,0.0,0.6238,-0.3,-0.0
3.152,line,0.6194,-0.3,0.0,0.627,-0.3,-0.0
3.168,line,0.6226,-0.3,0.0,0.6302,-0.3,-0.0
3.184,line,0.6257,-0.3,0.0,0.6334,-0.3,-0.0
3.2,line,0.6289,-0.3,0.0,0.6366,-0.3,-0.0
3.216,line,0.6321,-0.3,0.0,0.6398,-0.3,-0.0
3.232,line,0.6353,-0.3,0.0,0.643,-0.3,-0.0
3.248,line,0.6384,-0.3,0.0,0.6462,-0.3,-0.0
3.264,line,0.6416,-0.3,0.0,0.6494,-0.3,-0.0
3.28,line,0.6448,-0.3,0.0,0.6526,-0.3,-0.0
3.296,line,0.6479,-0.3,0.0,0.6558,-0.3,-0.0
3.312,line,0.6511,-0.3,0.0,0.659,-0.3,-0.0
3.328,line,0.6543,-0.3,0.0,0.6622,-0.3,-0.0
3.344,line,0.6575,-0.3,0.0,0.6654,-0.3,-0.0
3.36,line,0.6606,-0.3,0.0,0.6686,-0.3,-0.0
3.376,line,0.6638,-0.3,0.0,0.6718,-0.3,-0.0
3.392,line,0.667,-0.3,0.0,0.675,-0.3,-0.0
3.408,line,0.6701,-0.3,0.0,0.6782,-0.3,0.0
3.424,line,0.6733,-0.3,0.0,0.6814,-0.3,-0.0
3.44,line,0.6765,-0.3,0.0,0.6846,-0.3,-0.0
3.456,line,0.6797,-0.3,0.0,0.6878,-0.3,-0.0
3.472,line,0.6828,-0.3,0.0,0.691,-0.3,-0.0
3.488,line,0.686,-0.3,0.0,0.6942,-0.3,-0.0
3.504,line,0.6892,-0.3,0.0,0.6974,-0.3,-0.0
3.52,line,0.6924,-0.3,0.0,0.7006,-0.3,-0.0
3.536,line,0.6955,-0.3,0.0,0.7038,-0.3,-0.0
3.552,line,0.6987,-0.3,0.0,0.707,-0.3,-0.0
3.568,line,0.7019,-0.3,0.0,0.7102,-0.3,-0.0
3.584,line,0.705,-0.3,0.0,0.7134,-0.3,-0.0
3.6,line,0.7082,-0.3,0.0,0.7166,-0.3,-0.0
3.616,line,0.7114,-0.3,0.0,0.7198,-0.3,-0.0
3.632,line,0.7146,-0.3,0.0,0.723,-0.3,-0.0
3.648,line,0.7177,-0.3,0.0,0.7262,-0.3,-0.0
3.664,line,0.7209,-0.3,0.0,0.7294,-0.3,-0.0
3.68,line,0.7241,-0.3,0.0,0.7326,-0.3,-0.0
3.696,line,0.7272,-0.3,0.0,0.7357,-0.3,-0.0
3.712,line,0.7304,-0.3,0.0,0.7389,-0.3,-0.0
3.728,line,0.7336,-0.3,0.0,0.7421,-0.3,-0.0
3.744,line,0.7368,-0.3,0.0,0.7453,-0.3,-0.0
3.76,line,0.7399,-0.3,0.0,0.7485,-0.3,-0.0
3.776,line,0.7431,-0.3,0.0,0.7517,-0.3,-0.0
3.792,line,0.7463,-0.3,0.0,0.7549,-0.3,-0.0
3.808,line,0.7494,-0.3,0.0,0.7581,-0.3,-0.0
3.824,line,0.7526,-0.3,0.0,0.7613,-0.3,-0.0
3.84,line,0.7558,-0.3,0.0,0.7645,-0.3,-0.0
3.856,line,0.759,-0.3,0.0,0.7677,-0.3,-0.0
3.872,line,0.7621,-0.3,0.0,0.7709,-0.3,-0.0
3.888,line,0.7653,-0.3,0.0,0.7741,-0.3,-0.0
3.904,line,0.7685,-0.3,0.0,0.7773,-0.3,-0.0
3.92,line,0.7717,-0.3,0.0,0.7805,-0.3,-0.0
3.936,line,0.7748,-0.3,0.0,0.7837,-0.3,-0.0
3.952,line,0.778,-0.3,0.0,0.7869,-0.3,-0.0
3.968,line,0.7812,-0.3,0.0,0.7901,-0.3,-0.0
3.984,line,0.7843,-0.3,0.0,0.7933,-0.3,-0.0
4.0,line,0.7875,-0.3,0.0,0.7965,-0.3,-0.0
4.016,line,0.7907,-0.3,0.0,0.7997,-0.3,-0.0
4.032,line,0.7939,-0.3,0.0,0.8029,-0.3,-0.0
4.048,line,0.797,-0.3,0.0,0.8061,-0.3,-0.0
4.064,line,0.8002,-0.3,0.0,0.8093,-0.3,-0.0
4.08,line,0.8034,-0.3,0.0,0.8125,-0.3,-0.0
4.096,line,0.8065,-0.3,0.0,0.8157,-0.3,-0.0
4.112,line,0.8097,-0.3,0.0,0.8189,-0.3,-0.0
4.128,line,0.8129,-0.3,0.0,0.8221,-0.3,-0.0
4.144,line,0.8161,-0.3,0.0,0.8253,-0.3,-0.0
4.16,line,0.8192,-0.3,0.0,0.8285,-0.3,-0.0
4.176,line,0.8224,-0.3,0.0,0.8317,-0.3,-0.0
4.192,line,0.8256,-0.3,0.0,0.8349,-0.3,-0.0
4.208,line,0.8287,-0.3,0.0,0.8381,-0.3,-0.0
4.224,line,0.8319,-0.3,0.0,0.8413,-0.3,-0.0
4.24,line,0.8351,-0.3,0.0,0.8445,-0.3,-0.0
4.256,line,0.8383,-0.3,0.0,0.8477,-0.3,0.0
4.272,line,0.8414,-0.3,0.0,0.8509,-0.3,-0.0
4.288,line,0.8446,-0.3,0.0,0.8541,-0.3,-0.0
4.304,line,0.8478,-0.3,0.0,0.8573,-0.3,-0.0
4.32,line,0.851,-0.3,0.0,0.8605,-0.3,-0.0
4.336,line,0.8541,-0.3,0.0,0.8637,-0.3,-0.0
4.352,line,0.8573,-0.3,0.0,0.8669,-0.3,-0.0
4.368,line,0.8605,-0.3,0.0,0.8701,-0.3,-0.0
4.384,line,0.8636,-0.3,0.0,0.8733,-0.3,0.0
4.4,line,0.8668,-0.3,0.0,0.8765,-0.3,-0.0
4.416,line,0.87,-0.3,0.0,0.8797,-0.3,-0.0
4.432,line,0.8732,-0.3,0.0,0.8829,-0.3,-0.0
4.448,line,0.8763,-0.3,0.0,0.8861,-0.3,-0.0
4.464,line,0.8795,-0.3,0.0,0.8893,-0.3,-0.0
4.48,line,0.8827,-0.3,0.0,0.8925,-0.3,-0.0
4.496,line,0.8858,-0.3,0.0,0.8957,-0.3,-0.0
4.512,line,0.889,-0.3,0.0,0.8989,-0.3,-0.0
4.528,line,0.8922,-0.3,0.0,0.9021,-0.3,-0.0
4.544,line,0.8954,-0.3,0.0,0.9053,-0.3,-0.0
4.56,line,0.8985,-0.3,0.0,0.9085,-0.3,-0.0
4.576,line,0.9017,-0.3,0.0,0.9117,-0.3,-0.0
4.592,line,0.9049,-0.3,0.0,0.9149,-0.3,-0.0
4.608,line,0.908,-0.3,0.0,0.9181,-0.3,-0.0
4.624,line,0.9112,-0.3,0.0,0.9213,-0.3,-0.0
4.64,line,0.9144,-0.3,0.0,0.9245,-0.3,0.0
4.656,line,0.9176,-0.3,0.0,0.9277,-0.3,-0.0
4.672,line,0.9207,-0.3,0.0,0.9309,-0.3,-0.0
4.688,line,0.9239,-0.3,0.0,0.9341,-0.3,-0.0
4.704,line,0.9271,-0.3,0.0,0.9373,-0.3,-0.0
4.72,line,0.9303,-0.3,0.0,0.9405,-0.3,-0.0
4.736,line,0.9334,-0.3,0.0,0.9437,-0.3,-0.0
4.752,line,0.9366,-0.3,0.0,0.9469,-0.3,-0.0
4.768,line,0.9398,-0.3,0.0,0.9501,-0.3,-0.0
4.784,line,0.9429,-0.3,0.0,0.9533,-0.3,-0.0
4.8,line,0.9461,-0.3,0.0,0.9565,-0.3,-0.0
4.816,line,0.9493,-0.3,0.0,0.9597,-0.3,-0.0
4.832,line,0.9525,-0.3,0.0,0.9629,-0.3,-0.0
4.848,line,0.9556,-0.3,0.0,0.9661,-0.3,-0.0
4.864,line,0.9588,-0.3,0.0,0.9693,-0.3,-0.0
4.88,line,0.962,-0.3,0.0,0.9725,-0.3,-0.0
4.896,line,0.9651,-0.3,0.0,0.9757,-0.3,-0.0
4.912,line,0.9683,-0.3,0.0,0.9789,-0.3,-0.0
4.928,line,0.9715,-0.3,0.0,0.9821,-0.3,-0.0
4.944,line,0.9747,-0.3,0.0,0.9853,-0.3,-0.0
4.96,line,0.9778,-0.3,0.0,0.9885,-0.3,-0.0
4.976,line,0.981,-0.3,0.0,0.9917,-0.3,-0.0
4.992,line,0.9842,-0.3,0.0,0.9949,-0.3,-0.0
5.008,line,0.9873,-0.3,0.0,0.9981,-0.3,-0.0
5.024,line,0.9905,-0.3,0.0,1.0013,-0.3,-0.0
5.04,line,0.9924,-0.3,-0.0,1.0013,-0.3,-0.0
5.056,line,0.993,-0.3,-0.0,1.0013,-0.3,-0.0
5.072,line,0.993,-0.3,-0.0,1.0013,-0.3,-0.0
5.088,line,0.993,-0.3,-0.0,1.0013,-0.3,-0.0
5.104,line,0.993,-0.3,-0.0,1.0013,-0.3,-0.0
5.12,line,0.993,-0.3,-0.0,1.0013,-0.3,-0.0
5.136,line,0.993,-0.3,-0.0,1.0013,-0.3,-0.0
5.152,line,0.993,-0.3,-0.0,1.0013,-0.3,-0.0
5.168,line,0.993,-0.3,-0.0,1.0013,-0.3,-0.0
5.184,line,0.993,-0.3,-0.0,1.0013,-0.3,-0.0
5.2,line,0.993,-0.3,-0.0,1.0013,-0.3,-0.0
5.216,line,0.993,-0.3,-0.0,1.0013,-0.3,-0.0
5.232,line,0.993,-0.3,-0.0,1.0013,-0.3,-0.0
5.248,line,0.993,-0.3,-0.0,1.0013,-0.3,-0.0
5.264,line,0.993,-0.3,-0.0,1.0013,-0.3,-0.0
5.28,line,0.993,-0.3,-0.0,1.0013,-0.3,-0.0
5.296,line,0.993,-0.3,-0.0,1.0013,-0.3,-0.0
5.312,line,0.993,-0.3,-0.0,1.0013,-0.3,-0.0
5.328,line,0.993,-0.3,-0.0,1.0013,-0.3,-0.0
5.344,line,0.993,-0.3,-0.0,1.0013,-0.3,-0.0
5.36,line,0.993,-0.3,-0.0,1.0013,-0.3,-0.0
5.376,line,0.993,-0.3,-0.0,1.0013,-0.3,-0.0
5.392,line,0.993,-0.3,-0.0,1.0013,-0.3,-0.0
5.408,line,0.993,-0.3,-0.0,1.0013,-0.3,-0.0
5.424,line,0.993,-0.3,-0.0,1.0013,-0.3,-0.0
5.44,line,0.993,-0.3,-0.0,1.0013,-0.3,-0.0
5.456,line,0.993,-0.3,-0.0,1.0013,-0.3,-0.0
5.472,line,0.993,-0.3,-0.0,1.0013,-0.3,-0.0
5.488,line,0.993,-0.3,-0.0,1.0013,-0.3,-0.0
5.504,line,0.993,-0.3,-0.0,1.0013,-0.3,-0.0
5.52,line,0.993,-0.3,-0.0,1.0013,-0.3,-0.0
5.536,line,0.993,-0.3,-0.0,1.0013,-0.3,-0.0
5.552,square,0.9943,-0.3,-0.0,0.9962,-0.3,-0.0
5.568,square,0.9969,-0.3,-0.0,0.9994,-0.3,-0.0
5.584,square,1.0,-0.3,-0.0,1.0026,-0.3,-0.0
5.6,square,1.0032,-0.3,-0.0,1.0058,-0.3,-0.0
5.616,square,1.0064,-0.3,-0.0,1.009,-0.3,-0.0
5.632,square,1.0095,-0.3,-0.0,1.0122,-0.3,-0.0
5.648,square,1.0127,-0.3,-0.0,1.0154,-0.3,-0.0
5.664,square,1.0159,-0.3,-0.0,1.0186,-0.3,-0.0
5.68,square,1.0191,-0.3,-0.0,1.0218,-0.3,-0.0
5.696,square,1.0222,-0.3,-0.0,1.025,-0.3,-0.0
5.712,square,1.0254,-0.3,-0.0,1.0282,-0.3,-0.0
5.728,square,1.0286,-0.3,-0.0,1.0314,-0.3,-0.0
5.744,square,1.0318,-0.3,-0.0,1.0346,-0.3,-0.0
5.76,square,1.0349,-0.3,-0.0,1.0378,-0.3,-0.0
5.776,square,1.0381,-0.3,-0.0,1.041,-0.3,-0.0
5.792,square,1.0413,-0.3,-0.0,1.0442,-0.3,-0.0
5.808,square,1.0444,-0.3,-0.0,1.0474,-0.3,-0.0
5.824,square,1.0476,-0.3,-0.0,1.0506,-0.3,-0.0
5.84,square,1.0508,-0.3,-0.0,1.0538,-0.3,-0.0
5.856,square,1.054,-0.3,-0.0,1.057,-0.3,-0.0
5.872,square,1.0571,-0.3,-0.0,1.0602,-0.3,-0.0
5.888,square,1.0603,-0.3,-0.0,1.0634,-0.3,-0.0
5.904,square,1.0635,-0.3,-0.0,1.0666,-0.3,-0.0
5.92,square,1.0666,-0.3,-0.0,1.0698,-0.3,-0.0
5.936,square,1.0698,-0.3,-0.0,1.073,-0.3,-0.0
5.952,square,1.073,-0.3,-0.0,1.0762,-0.3,-0.0
5.968,square,1.0762,-0.3,-0.0,1.0794,-0.3,-0.0
5.984,square,1.0793,-0.3,-0.0,1.0826,-0.3,-0.0
6.0,square,1.0825,-0.3,-0.0,1.0858,-0.3,-0.0
6.016,square,1.0857,-0.3,-0.0,1.089,-0.3,-0.0
6.032,square,1.0889,-0.3,-0.0,1.0922,-0.3,-0.0
6.048,square,1.092,-0.3,-0.0,1.0954,-0.3,-0.0
6.064,square,1.0952,-0.3,-0.0,1.0986,-0.3,-0.0
6.08,square,1.0984,-0.3,-0.0,1.1018,-0.3,-0.0
6.096,square,1.1015,-0.3,-0.0,1.105,-0.3,-0.0
6.112,square,1.1047,-0.3,-0.0,1.1082,-0.3,-0.0
6.128,square,1.1079,-0.3,-0.0,1.1114,-0.3,-0.0
6.144,square,1.1111,-0.3,-0.0,1.1146,-0.3,-0.0
6.16,square,1.1142,-0.3,-0.0,1.1178,-0.3,-0.0
6.176,square,1.1174,-0.3,-0.0,1.121,-0.3,-0.0
6.192,square,1.1206,-0.3,-0.0,1.1242,-0.3,-0.0
6.208,square,1.1237,-0.3,-0.0,1.1274,-0.3,-0.0
6.224,square,1.1269,-0.3,-0.0,1.1306,-0.3,-0.0
6.24,square,1.1301,-0.3,-0.0,1.1338,-0.3,-0.0
6.256,square,1.1333,-0.3,-0.0,1.137,-0.3,-0.0
6.272,square,1.1364,-0.3,-0.0,1.1402,-0.3,-0.0
6.288,square,1.1396,-0.3,-0.0,1.1434,-0.3,-0.0
6.304,square,1.1428,-0.3,-0.0,1.1466,-0.3,-0.0
6.32,square,1.1459,-0.3,-0.0,1.1498,-0.3,-0.0
6.336,square,1.1491,-0.3,-0.0,1.153,-0.3,-0.0
6.352,square,1.1523,-0.3,-0.0,1.1562,-0.3,-0.0
6.368,square,1.1555,-0.3,0.0,1.1594,-0.3,-0.0
6.384,square,1.1586,-0.3,0.0,1.1626,-0.3,-0.0
6.4,square,1.1618,-0.3,0.0,1.1658,-0.3,-0.0
6.416,square,1.165,-0.3,0.0,1.169,-0.3,-0.0
6.432,square,1.1681,-0.3,0.0,1.1722,-0.3,-0.0
6.448,square,1.1713,-0.3,0.0,1.1754,-0.3,-0.0
6.464,square,1.1745,-0.3,0.0,1.1786,-0.3,-0.0
6.48,square,1.1777,-0.3,0.0,1.1818,-0.3,-0.0
6.496,square,1.1808,-0.3,0.0,1.185,-0.3,-0.0
6.512,square,1.184,-0.3,0.0,1.1882,-0.3,-0.0
6.528,square,1.1872,-0.3,0.0,1.1914,-0.3,-0.0
6.544,square,1.1904,-0.3,0.0,1.1946,-0.3,-0.0
6.56,square,1.1935,-0.3,0.0,1.1978,-0.3,-0.0
6.576,square,1.1967,-0.3,0.0,1.201,-0.3,-0.0
6.592,square,1.1999,-0.3,0.0,1.2042,-0.3,-0.0
6.608,square,1.203,-0.3,0.0,1.2074,-0.3,-0.0
6.624,square,1.2062,-0.3,0.0,1.2106,-0.3,-0.0
6.64,square,1.2094,-0.3,0.0,1.2138,-0.3,-0.0
6.656,square,1.2126,-0.3,0.0,1.217,-0.3,-0.0
6.672,square,1.2157,-0.3,0.0,1.2202,-0.3,-0.0
6.688,square,1.2189,-0.3,0.0,1.2234,-0.3,-0.0
6.704,square,1.2221,-0.3,0.0,1.2266,-0.3,-0.0
6.72,square,1.2252,-0.3,0.0,1.2298,-0.3,-0.0
6.736,square,1.2284,-0.3,0.0,1.233,-0.3,-0.0
6.752,square,1.2316,-0.3,0.0,1.2362,-0.3,-0.0
6.768,square,1.2348,-0.3,0.0,1.2393,-0.3,-0.0
6.784,square,1.2379,-0.3,0.0,1.2425,-0.3,-0.0
6.8,square,1.2411,-0.3,0.0,1.2457,-0.3,-0.0
6.816,square,1.2443,-0.3,0.0,1.2489,-0.3,-0.0
6.832,square,1.2474,-0.3,0.0,1.2521,-0.3,-0.0
6.848,square,1.2506,-0.3,0.0,1.2553,-0.3,-0.0
6.864,square,1.2538,-0.3,0.0,1.2585,-0.3,-0.0
6.88,square,1.257,-0.3,0.0,1.2617,-0.3,-0.0
6.896,square,1.2601,-0.3,0.0,1.2649,-0.3,-0.0
6.912,square,1.2633,-0.3,0.0,1.2681,-0.3,-0.0
6.928,square,1.2665,-0.3,0.0,1.2713,-0.3,-0.0
6.944,square,1.2697,-0.3,0.0,1.2745,-0.3,-0.0
6.96,square,1.2728,-0.3,0.0,1.2777,-0.3,-0.0
6.976,square,1.276,-0.3,0.0,1.2809,-0.3,-0.0
6.992,square,1.2792,-0.3,0.0,1.2841,-0.3,-0.0
7.008,square,1.2823,-0.3,0.0,1.2873,-0.3,-0.0
7.024,square,1.2855,-0.3,0.0,1.2905,-0.3,-0.0
7.04,square,1.2887,-0.3,0.0,1.2937,-0.3,-0.0
7.056,square,1.2919,-0.3,0.0,1.2969,-0.3,-0.0
7.072,square,1.295,-0.3,0.0,1.3001,-0.3,-0.0
7.088,square,1.2982,-0.3,0.0,1.3033,-0.3,-0.0
7.104,square,1.3014,-0.3,0.0,1.3065,-0.3,-0.0
7.12,square,1.3045,-0.3,0.0,1.3097,-0.3,-0.0
7.136,square,1.3077,-0.3,0.0,1.3129,-0.3,-0.0
7.152,square,1.3109,-0.3,0.0,1.3161,-0.3,-0.0
7.168,square,1.3141,-0.3,0.0,1.3193,-0.3,-0.0
7.184,square,1.3172,-0.3,0.0,1.3225,-0.3,-0.0
7.2,square,1.3204,-0.3,0.0,1.3257,-0.3,-0.0
7.216,square,1.3236,-0.3,0.0,1.3289,-0.3,-0.0
7.232,square,1.3267,-0.3,0.0,1.3321,-0.3,-0.0
7.248,square,1.3299,-0.3,0.0,1.3353,-0.3,-0.0
7.264,square,1.3331,-0.3,0.0,1.3385,-0.3,-0.0
7.28,square,1.3363,-0.3,0.0,1.3417,-0.3,-0.0
7.296,square,1.3394,-0.3,0.0,1.3449,-0.3,-0.0
7.312,square,1.3426,-0.3,0.0,1.3481,-0.3,-0.0
7.328,square,1.3458,-0.3,0.0,1.3513,-0.3,-0.0
7.344,square,1.349,-0.3,0.0,1.3545,-0.3,-0.0
7.36,square,1.3521,-0.3,0.0,1.3577,-0.3,-0.0
7.376,square,1.3553,-0.3,0.0,1.3609,-0.3,-0.0
7.392,square,1.3585,-0.3,0.0,1.3641,-0.3,-0.0
7.408,square,1.3616,-0.3,0.0,1.3673,-0.3,-0.0
7.424,square,1.3648,-0.3,0.0,1.3705,-0.3,-0.0
7.44,square,1.368,-0.3,0.0,1.3737,-0.3,-0.0
7.456,square,1.3712,-0.3,0.0,1.3769,-0.3,-0.0
7.472,square,1.3743,-0.3,0.0,1.3801,-0.3,-0.0
7.488,square,1.3775,-0.3,0.0,1.3833,-0.3,-0.0
7.504,square,1.3807,-0.3,0.0,1.3865,-0.3,-0.0
7.52,square,1.3838,-0.3,0.0,1.3897,-0.3,-0.0
7.536,square,1.387,-0.3,0.0,1.3929,-0.3,-0.0
7.552,square,1.3902,-0.3,0.0,1.3961,-0.3,-0.0
7.568,square,1.3934,-0.3,0.0,1.3993,-0.3,-0.0
7.584,square,1.3965,-0.3,0.0,1.4025,-0.3,-0.0
7.6,square,1.3997,-0.3,0.0,1.4057,-0.3,-0.0
7.616,square,1.4029,-0.3,0.0,1.4089,-0.3,-0.0
7.632,square,1.406,-0.3,0.0,1.4121,-0.3,-0.0
7.648,square,1.4092,-0.3,0.0,1.4153,-0.3,-0.0
7.664,square,1.4124,-0.3,0.0,1.4185,-0.3,-0.0
7.68,square,1.4156,-0.3,0.0,1.4217,-0.3,-0.0
7.696,square,1.4187,-0.3,0.0,1.4249,-0.3,-0.0
7.712,square,1.4219,-0.3,0.0,1.4281,-0.3,-0.0
7.728,square,1.4251,-0.3,0.0,1.4313,-0.3,-0.0
7.744,square,1.4283,-0.3,0.0,1.4345,-0.3,-0.0
7.76,square,1.4314,-0.3,0.0,1.4377,-0.3,-0.0
7.776,square,1.4346,-0.3,0.0,1.4409,-0.3,-0.0
7.792,square,1.4378,-0.3,0.0,1.4441,-0.3,-0.0
7.808,square,1.4409,-0.3,0.0,1.4473,-0.3,-0.0
7.824,square,1.4441,-0.3,0.0,1.4505,-0.3,-0.0
7.84,square,1.4473,-0.3,0.0,1.4537,-0.3,-0.0
7.856,square,1.4505,-0.3,0.0,1.4569,-0.3,-0.0
7.872,square,1.4536,-0.3,0.0,1.4601,-0.3,-0.0
7.888,square,1.4568,-0.3,0.0,1.4633,-0.3,-0.0
7.904,square,1.46,-0.3,0.0,1.4665,-0.3,-0.0
7.92,square,1.4631,-0.3,0.0,1.4697,-0.3,-0.0
7.936,square,1.4663,-0.3,0.0,1.4729,-0.3,-0.0
7.952,square,1.4695,-0.3,0.0,1.4761,-0.3,-0.0
7.968,square,1.4727,-0.3,0.0,1.4793,-0.3,-0.0
7.984,square,1.4758,-0.3,0.0,1.4825,-0.3,-0.0
8.0,square,1.479,-0.3,0.0,1.4857,-0.3,-0.0
8.016,square,1.4822,-0.3,0.0,1.4889,-0.3,-0.0
8.032,square,1.4853,-0.3,0.0,1.4921,-0.3,-0.0
8.048,square,1.4885,-0.3,0.0,1.4953,-0.3,-0.0
8.064,square,1.4904,-0.3,-0.0,1.4953,-0.3,0.0126
8.08,square,1.4914,-0.3,0.004,1.4953,-0.3,0.0251
8.096,square,1.4917,-0.3,0.0137,1.4953,-0.3,0.0377
8.112,square,1.4917,-0.3,0.0262,1.4953,-0.3,0.0503
8.128,square,1.4917,-0.3,0.0386,1.4953,-0.3,0.0628
8.144,square,1.4917,-0.3,0.0511,1.4953,-0.3,0.0754
8.16,square,1.4917,-0.3,0.0636,1.4953,-0.3,0.088
8.176,square,1.4917,-0.3,0.076,1.4953,-0.3,0.1005
8.192,square,1.4917,-0.3,0.0885,1.4953,-0.3,0.1131
8.208,square,1.4917,-0.3,0.1009,1.4953,-0.3,0.1257
8.224,square,1.4917,-0.3,0.1134,1.4953,-0.3,0.1382
8.24,square,1.4917,-0.3,0.1258,1.4953,-0.3,0.1508
8.256,square,1.4917,-0.3,0.1383,1.4953,-0.3,0.1633
8.272,square,1.4917,-0.3,0.1507,1.4953,-0.3,0.1759
8.288,square,1.4917,-0.3,0.1632,1.4953,-0.3,0.1885
8.304,square,1.4917,-0.3,0.1756,1.4953,-0.3,0.201
8.32,square,1.4917,-0.3,0.1881,1.4953,-0.3,0.2136
8.336,square,1.4917,-0.3,0.2005,1.4953,-0.3,0.2262
8.352,square,1.4917,-0.3,0.213,1.4953,-0.3,0.2387
8.368,square,1.4917,-0.3,0.2254,1.4953,-0.3,0.2513
8.384,square,1.4917,-0.3,0.2379,1.4953,-0.3,0.2639
8.4,square,1.4917,-0.3,0.2504,1.4953,-0.3,0.2764
8.416,square,1.4917,-0.3,0.2628,1.4953,-0.3,0.289
8.432,square,1.4917,-0.3,0.2753,1.4953,-0.3,0.3016
8.448,square,1.4917,-0.3,0.2877,1.4953,-0.3,0.3141
8.464,square,1.4917,-0.3,0.3002,1.4953,-0.3,0.3267
8.48,square,1.4917,-0.3,0.3126,1.4953,-0.3,0.3393
8.496,square,1.4917,-0.3,0.3251,1.4953,-0.3,0.3518
8.512,square,1.4917,-0.3,0.3375,1.4953,-0.3,0.3644
8.528,square,1.4917,-0.3,0.35,1.4953,-0.3,0.377
8.544,square,1.4917,-0.3,0.3624,1.4953,-0.3,0.3895
8.56,square,1.4917,-0.3,0.3749,1.4953,-0.3,0.4021
8.576,square,1.4917,-0.3,0.3873,1.4953,-0.3,0.4147
8.592,square,1.4917,-0.3,0.3998,1.4953,-0.3,0.4272
8.608,square,1.4917,-0.3,0.4122,1.4953,-0.3,0.4398
8.624,square,1.4917,-0.3,0.4247,1.4953,-0.3,0.4524
8.64,square,1.4917,-0.3,0.4371,1.4953,-0.3,0.4649
8.656,square,1.4917,-0.3,0.4496,1.4953,-0.3,0.4775
8.672,square,1.4917,-0.3,0.462,1.4953,-0.3,0.49
8.688,square,1.4917,-0.3,0.4745,1.4953,-0.3,0.5026
8.704,square,1.4917,-0.3,0.4869,1.4953,-0.3,0.5152
8.72,square,1.4917,-0.3,0.4994,1.4953,-0.3,0.5277
8.736,square,1.4917,-0.3,0.5118,1.4953,-0.3,0.5403
8.752,square,1.4917,-0.3,0.5243,1.4953,-0.3,0.5529
8.768,square,1.4917,-0.3,0.5367,1.4953,-0.3,0.5654
8.784,square,1.4917,-0.3,0.5492,1.4953,-0.3,0.578
8.8,square,1.4917,-0.3,0.5617,1.4953,-0.3,0.5906
8.816,square,1.4917,-0.3,0.5741,1.4953,-0.3,0.6031
8.832,square,1.4917,-0.3,0.5866,1.4953,-0.3,0.6157
8.848,square,1.4917,-0.3,0.599,1.4953,-0.3,0.6283
8.864,square,1.4917,-0.3,0.6115,1.4953,-0.3,0.6408
8.88,square,1.4917,-0.3,0.6239,1.4953,-0.3,0.6534
8.896,square,1.4917,-0.3,0.6364,1.4953,-0.3,0.666
8.912,square,1.4917,-0.3,0.6488,1.4953,-0.3,0.6785
8.928,square,1.4917,-0.3,0.6613,1.4953,-0.3,0.6911
8.944,square,1.4917,-0.3,0.6737,1.4953,-0.3,0.7037
8.96,square,1.4917,-0.3,0.6862,1.4953,-0.3,0.7162
8.976,square,1.4917,-0.3,0.6986,1.4953,-0.3,0.7288
8.992,square,1.4917,-0.3,0.7111,1.4953,-0.3,0.7414
9.008,square,1.4917,-0.3,0.7235,1.4953,-0.3,0.7539
9.024,square,1.4917,-0.3,0.736,1.4953,-0.3,0.7665
9.04,square,1.4917,-0.3,0.7484,1.4953,-0.3,0.7791
9.056,square,1.4917,-0.3,0.7609,1.4953,-0.3,0.7916
9.072,square,1.4917,-0.3,0.7733,1.4953,-0.3,0.8042
9.088,square,1.4917,-0.3,0.7858,1.4953,-0.3,0.8167
9.104,square,1.4917,-0.3,0.7982,1.4953,-0.3,0.8293
9.12,square,1.4917,-0.3,0.8107,1.4953,-0.3,0.8419
9.136,square,1.4917,-0.3,0.8231,1.4953,-0.3,0.8544
9.152,square,1.4917,-0.3,0.8356,1.4953,-0.3,0.867
9.168,square,1.4917,-0.3,0.848,1.4953,-0.3,0.8796
9.184,square,1.4917,-0.3,0.8605,1.4953,-0.3,0.8921
9.2,square,1.4917,-0.3,0.8729,1.4953,-0.3,0.9047
9.216,square,1.4917,-0.3,0.8854,1.4953,-0.3,0.9173
9.232,square,1.4917,-0.3,0.8979,1.4953,-0.3,0.9298
9.248,square,1.4917,-0.3,0.9103,1.4953,-0.3,0.9424
9.264,square,1.4917,-0.3,0.9228,1.4953,-0.3,0.955
9.28,square,1.4917,-0.3,0.9352,1.4953,-0.3,0.9675
9.296,square,1.4917,-0.3,0.9477,1.4953,-0.3,0.9801
9.312,square,1.4917,-0.3,0.9601,1.4953,-0.3,0.9927
9.328,square,1.4917,-0.3,0.9726,1.4953,-0.3,1.0052
9.344,square,1.4917,-0.3,0.985,1.4953,-0.3,1.0178
9.36,square,1.4917,-0.3,0.9975,1.4953,-0.3,1.0304
9.376,square,1.4917,-0.3,1.0099,1.4953,-0.3,1.0429
9.392,square,1.4917,-0.3,1.0224,1.4953,-0.3,1.0555
9.408,square,1.4917,-0.3,1.0348,1.4953,-0.3,1.0681
9.424,square,1.4917,-0.3,1.0473,1.4953,-0.3,1.0806
9.44,square,1.4917,-0.3,1.0597,1.4953,-0.3,1.0932
9.456,square,1.4917,-0.3,1.0722,1.4953,-0.3,1.1058
9.472,square,1.4917,-0.3,1.0846,1.4953,-0.3,1.1183
9.488,square,1.4917,-0.3,1.0971,1.4953,-0.3,1.1309
9.504,square,1.4917,-0.3,1.1095,1.4953,-0.3,1.1435
9.52,square,1.4917,-0.3,1.122,1.4953,-0.3,1.156
9.536,square,1.4917,-0.3,1.1344,1.4953,-0.3,1.1686
9.552,square,1.4917,-0.3,1.1469,1.4953,-0.3,1.1811
9.568,square,1.4917,-0.3,1.1593,1.4953,-0.3,1.1937
9.584,square,1.4917,-0.3,1.1718,1.4953,-0.3,1.2063
9.6,square,1.4917,-0.3,1.1842,1.4953,-0.3,1.2188
9.616,square,1.4917,-0.3,1.1967,1.4953,-0.3,1.2314
9.632,square,1.4917,-0.3,1.2091,1.4953,-0.3,1.244
9.648,square,1.4917,-0.3,1.2216,1.4953,-0.3,1.2565
9.664,square,1.4917,-0.3,1.234,1.4953,-0.3,1.2691
9.68,square,1.4917,-0.3,1.2465,1.4953,-0.3,1.2817
9.696,square,1.4917,-0.3,1.259,1.4953,-0.3,1.2942
9.712,square,1.4917,-0.3,1.2714,1.4953,-0.3,1.3068
9.728,square,1.4917,-0.3,1.2839,1.4953,-0.3,1.3194
9.744,square,1.4917,-0.3,1.2963,1.4953,-0.3,1.3319
9.76,square,1.4917,-0.3,1.3088,1.4953,-0.3,1.3445
9.776,square,1.4917,-0.3,1.3212,1.4953,-0.3,1.3571
9.792,square,1.4917,-0.3,1.3337,1.4953,-0.3,1.3696
9.808,square,1.4917,-0.3,1.3461,1.4953,-0.3,1.3822
9.824,square,1.4917,-0.3,1.3586,1.4953,-0.3,1.3948
9.84,square,1.4917,-0.3,1.371,1.4953,-0.3,1.4073
9.856,square,1.4917,-0.3,1.3835,1.4953,-0.3,1.4199
9.872,square,1.4917,-0.3,1.3959,1.4953,-0.3,1.4325
9.888,square,1.4917,-0.3,1.4084,1.4953,-0.3,1.445
9.904,square,1.4917,-0.3,1.4208,1.4953,-0.3,1.4576
9.92,square,1.4917,-0.3,1.4333,1.4953,-0.3,1.4702
9.936,square,1.4917,-0.3,1.4457,1.4953,-0.3,1.4827
9.952,square,1.4917,-0.3,1.4582,1.4953,-0.3,1.4953
9.968,square,1.4917,-0.3,1.4706,1.4953,-0.3,1.5078
9.984,square,1.4917,-0.3,1.4831,1.4953,-0.3,1.5204
10.0,square,1.4917,-0.3,1.4955,1.4953,-0.3,1.533
10.016,square,1.4917,-0.3,1.508,1.4953,-0.3,1.5455
10.032,square,1.4917,-0.3,1.5204,1.4953,-0.3,1.5581
10.048,square,1.4917,-0.3,1.5329,1.4953,-0.3,1.5707
10.064,square,1.4918,-0.2987,1.5449,1.4953,-0.2968,1.5707
10.08,square,1.4919,-0.2965,1.553,1.4953,-0.2936,1.5707
10.096,square,1.4919,-0.2936,1.5552,1.4953,-0.2904,1.5707
10.112,square,1.492,-0.2904,1.5552,1.4953,-0.2872,1.5707
10.128,square,1.492,-0.2873,1.5552,1.4953,-0.284,1.5707
10.144,square,1.4921,-0.2841,1.5552,1.4953,-0.2808,1.5707
10.16,square,1.4921,-0.2809,1.5552,1.4953,-0.2776,1.5707
10.176,square,1.4922,-0.2778,1.5552,1.4953,-0.2744,1.5707
10.192,square,1.4922,-0.2746,1.5552,1.4953,-0.2712,1.5707
10.208,square,1.4923,-0.2714,1.5552,1.4953,-0.268,1.5707
10.224,square,1.4923,-0.2682,1.5552,1.4953,-0.2648,1.5707
10.24,square,1.4924,-0.2651,1.5552,1.4953,-0.2616,1.5707
10.256,square,1.4924,-0.2619,1.5552,1.4953,-0.2584,1.5707
10.272,square,1.4924,-0.2587,1.5552,1.4953,-0.2552,1.5707
10.288,square,1.4925,-0.2556,1.5552,1.4953,-0.252,1.5707
10.304,square,1.4925,-0.2524,1.5552,1.4953,-0.2488,1.5707
10.32,square,1.4926,-0.2492,1.5552,1.4953,-0.2456,1.5707
10.336,square,1.4926,-0.246,1.5552,1.4953,-0.2424,1.5707
10.352,square,1.4927,-0.2429,1.5552,1.4953,-0.2392,1.5707
10.368,square,1.4927,-0.2397,1.5552,1.4953,-0.236,1.5707
10.384,square,1.4928,-0.2365,1.5552,1.4953,-0.2328,1.5707
10.4,square,1.4928,-0.2334,1.5552,1.4953,-0.2296,1.5707
10.416,square,1.4929,-0.2302,1.5552,1.4953,-0.2264,1.5707
10.432,square,1.4929,-0.227,1.5552,1.4953,-0.2232,1.5707
10.448,square,1.493,-0.2238,1.5552,1.4953,-0.22,1.5707
10.464,square,1.493,-0.2207,1.5552,1.4953,-0.2168,1.5707
10.48,square,1.4931,-0.2175,1.5552,1.4953,-0.2136,1.5707
10.496,square,1.4931,-0.2143,1.5552,1.4953,-0.2104,1.5707
10.512,square,1.4932,-0.2112,1.5552,1.4953,-0.2072,1.5707
10.528,square,1.4932,-0.208,1.5552,1.4953,-0.204,1.5707
10.544,square,1.4933,-0.2048,1.5552,1.4953,-0.2008,1.5707
10.56,square,1.4933,-0.2016,1.5552,1.4953,-0.1976,1.5707
10.576,square,1.4934,-0.1985,1.5552,1.4953,-0.1944,1.5707
10.592,square,1.4934,-0.1953,1.5552,1.4953,-0.1912,1.5707
10.608,square,1.4935,-0.1921,1.5552,1.4953,-0.188,1.5707
10.624,square,1.4935,-0.1889,1.5552,1.4953,-0.1848,1.5707
10.64,square,1.4936,-0.1858,1.5552,1.4953,-0.1816,1.5707
10.656,square,1.4936,-0.1826,1.5552,1.4953,-0.1784,1.5707
10.672,square,1.4937,-0.1794,1.5552,1.4953,-0.1752,1.5707
10.688,square,1.4937,-0.1763,1.5552,1.4953,-0.172,1.5707
10.704,square,1.4938,-0.1731,1.5552,1.4953,-0.1688,1.5707
10.72,square,1.4938,-0.1699,1.5552,1.4953,-0.1656,1.5707
10.736,square,1.4939,-0.1667,1.5552,1.4953,-0.1624,1.5707
10.752,square,1.4939,-0.1636,1.5552,1.4953,-0.1592,1.5707
10.768,square,1.494,-0.1604,1.5552,1.4953,-0.156,1.5707
10.784,square,1.494,-0.1572,1.5552,1.4953,-0.1529,1.5707
10.8,square,1.4941,-0.1541,1.5552,1.4953,-0.1497,1.5707
10.816,square,1.4941,-0.1509,1.5552,1.4953,-0.1465,1.5707
10.832,square,1.4942,-0.1477,1.5552,1.4953,-0.1433,1.5707
10.848,square,1.4942,-0.1445,1.5552,1.4953,-0.1401,1.5707
10.864,square,1.4943,-0.1414,1.5552,1.4953,-0.1369,1.5707
10.88,square,1.4943,-0.1382,1.5552,1.4953,-0.1337,1.5707
10.896,square,1.4944,-0.135,1.5552,1.4953,-0.1305,1.5707
10.912,square,1.4944,-0.1319,1.5552,1.4953,-0.1273,1.5707
10.928,square,1.4945,-0.1287,1.5552,1.4953,-0.1241,1.5707
10.944,square,1.4945,-0.1255,1.5552,1.4953,-0.1209,1.5707
10.96,square,1.4946,-0.1223,1.5552,1.4953,-0.1177,1.5707
10.976,square,1.4946,-0.1192,1.5552,1.4953,-0.1145,1.5707
10.992,square,1.4947,-0.116,1.5552,1.4953,-0.1113,1.5707
11.008,square,1.4947,-0.1128,1.5552,1.4953,-0.1081,1.5707
11.024,square,1.4948,-0.1097,1.5552,1.4953,-0.1049,1.5707
11.04,square,1.4948,-0.1065,1.5552,1.4953,-0.1017,1.5707
11.056,square,1.4949,-0.1033,1.5552,1.4953,-0.0985,1.5707
11.072,square,1.4949,-0.1001,1.5552,1.4953,-0.0953,1.5707
11.088,square,1.495,-0.097,1.5552,1.4953,-0.0921,1.5707
11.104,square,1.495,-0.0938,1.5552,1.4953,-0.0889,1.5707
11.12,square,1.4951,-0.0906,1.5552,1.4953,-0.0857,1.5707
11.136,square,1.4951,-0.0875,1.5552,1.4953,-0.0825,1.5707
11.152,square,1.4952,-0.0843,1.5552,1.4953,-0.0793,1.5707
11.168,square,1.4952,-0.0811,1.5552,1.4953,-0.0761,1.5707
11.184,square,1.4953,-0.0779,1.5552,1.4953,-0.0729,1.5707
11.2,square,1.4953,-0.0748,1.5552,1.4953,-0.0697,1.5707
11.216,square,1.4954,-0.0716,1.5552,1.4953,-0.0665,1.5707
11.232,square,1.4954,-0.0684,1.5552,1.4953,-0.0633,1.5707
11.248,square,1.4955,-0.0653,1.5552,1.4953,-0.0601,1.5707
11.264,square,1.4955,-0.0621,1.5552,1.4953,-0.0569,1.5707
11.28,square,1.4956,-0.0589,1.5552,1.4953,-0.0537,1.5707
11.296,square,1.4956,-0.0557,1.5552,1.4953,-0.0505,1.5707
11.312,square,1.4957,-0.0526,1.5552,1.4953,-0.0473,1.5707
11.328,square,1.4957,-0.0494,1.5552,1.4953,-0.0441,1.5707
11.344,square,1.4958,-0.0462,1.5552,1.4953,-0.0409,1.5707
11.36,square,1.4958,-0.0431,1.5552,1.4953,-0.0377,1.5707
11.376,square,1.4959,-0.0399,1.5552,1.4953,-0.0345,1.5707
11.392,square,1.4959,-0.0367,1.5552,1.4953,-0.0313,1.5707
11.408,square,1.496,-0.0335,1.5552,1.4953,-0.0281,1.5707
11.424,square,1.496,-0.0304,1.5552,1.4953,-0.0249,1.5707
11.44,square,1.4961,-0.0272,1.5552,1.4953,-0.0217,1.5707
11.456,square,1.4961,-0.024,1.5552,1.4953,-0.0185,1.5707
11.472,square,1.4962,-0.0209,1.5552,1.4953,-0.0153,1.5707
11.488,square,1.4962,-0.0177,1.5552,1.4953,-0.0121,1.5707
11.504,square,1.4963,-0.0145,1.5552,1.4953,-0.0089,1.5707
11.52,square,1.4963,-0.0113,1.5552,1.4953,-0.0057,1.5707
11.536,square,1.4964,-0.0082,1.5552,1.4953,-0.0025,1.5707
11.552,square,1.4964,-0.005,1.5552,1.4953,0.0007,1.5707
11.568,square,1.4965,-0.0018,1.5552,1.4953,0.0039,1.5707
11.584,square,1.4965,0.0013,1.5552,1.4953,0.0071,1.5707
11.6,square,1.4966,0.0045,1.5552,1.4953,0.0103,1.5707
11.616,square,1.4966,0.0077,1.5552,1.4953,0.0135,1.5707
11.632,square,1.4967,0.0109,1.5552,1.4953,0.0167,1.5707
11.648,square,1.4967,0.014,1.5552,1.4953,0.0199,1.5707
11.664,square,1.4968,0.0172,1.5552,1.4953,0.0231,1.5707
11.68,square,1.4968,0.0204,1.5552,1.4953,0.0263,1.5707
11.696,square,1.4968,0.0235,1.5552,1.4953,0.0295,1.5707
11.712,square,1.4969,0.0267,1.5552,1.4953,0.0327,1.5707
11.728,square,1.4969,0.0299,1.5552,1.4953,0.0359,1.5707
11.744,square,1.497,0.0331,1.5552,1.4953,0.0391,1.5707
11.76,square,1.497,0.0362,1.5552,1.4953,0.0423,1.5707
11.776,square,1.4971,0.0394,1.5552,1.4953,0.0455,1.5707
11.792,square,1.4971,0.0426,1.5552,1.4953,0.0487,1.5707
11.808,square,1.4972,0.0457,1.5552,1.4953,0.0519,1.5707
11.824,square,1.4972,0.0489,1.5552,1.4953,0.0551,1.5707
11.84,square,1.4973,0.0521,1.5552,1.4953,0.0583,1.5707
11.856,square,1.4973,0.0553,1.5552,1.4953,0.0615,1.5707
11.872,square,1.4974,0.0584,1.5552,1.4953,0.0647,1.5707
11.888,square,1.4974,0.0616,1.5552,1.4953,0.0679,1.5707
11.904,square,1.4975,0.0648,1.5552,1.4953,0.0711,1.5707
11.92,square,1.4975,0.068,1.5552,1.4953,0.0743,1.5707
11.936,square,1.4976,0.0711,1.5552,1.4953,0.0775,1.5707
11.952,square,1.4976,0.0743,1.5552,1.4953,0.0807,1.5707
11.968,square,1.4977,0.0775,1.5552,1.4953,0.0839,1.5707
11.984,square,1.4977,0.0806,1.5552,1.4953,0.0871,1.5707
12.0,square,1.4978,0.0838,1.5552,1.4953,0.0903,1.5707
12.016,square,1.4978,0.087,1.5552,1.4953,0.0935,1.5707
12.032,square,1.4979,0.0902,1.5552,1.4953,0.0967,1.5707
12.048,square,1.4979,0.0933,1.5552,1.4953,0.0999,1.5707
12.064,square,1.498,0.0965,1.5552,1.4953,0.1031,1.5707
12.08,square,1.498,0.0997,1.5552,1.4953,0.1063,1.5707
12.096,square,1.4981,0.1028,1.5552,1.4953,0.1095,1.5707
12.112,square,1.4981,0.106,1.5552,1.4953,0.1127,1.5707
12.128,square,1.4982,0.1092,1.5552,1.4953,0.1159,1.5707
12.144,square,1.4982,0.1124,1.5552,1.4953,0.1191,1.5707
12.16,square,1.4983,0.1155,1.5552,1.4953,0.1223,1.5707
12.176,square,1.4983,0.1187,1.5552,1.4953,0.1255,1.5707
12.192,square,1.4984,0.1219,1.5552,1.4953,0.1287,1.5707
12.208,square,1.4984,0.125,1.5552,1.4953,0.1319,1.5707
12.224,square,1.4985,0.1282,1.5552,1.4953,0.1351,1.5707
12.24,square,1.4985,0.1314,1.5552,1.4953,0.1383,1.5707
12.256,square,1.4986,0.1346,1.5552,1.4953,0.1414,1.5707
12.272,square,1.4986,0.1377,1.5552,1.4953,0.1446,1.5707
12.288,square,1.4987,0.1409,1.5552,1.4953,0.1478,1.5707
12.304,square,1.4987,0.1441,1.5552,1.4953,0.151,1.5707
12.32,square,1.4988,0.1472,1.5552,1.4953,0.1542,1.5707
12.336,square,1.4988,0.1504,1.5552,1.4953,0.1574,1.5707
12.352,square,1.4989,0.1536,1.5552,1.4953,0.1606,1.5707
12.368,square,1.4989,0.1568,1.5552,1.4953,0.1638,1.5707
12.384,square,1.499,0.1599,1.5552,1.4953,0.167,1.5707
12.4,square,1.499,0.1631,1.5552,1.4953,0.1702,1.5707
12.416,square,1.4991,0.1663,1.5552,1.4953,0.1734,1.5707
12.432,square,1.4991,0.1694,1.5552,1.4953,0.1766,1.5707
12.448,square,1.4992,0.1726,1.5552,1.4953,0.1798,1.5707
12.464,square,1.4992,0.1758,1.5552,1.4953,0.183,1.5707
12.48,square,1.4993,0.179,1.5552,1.4953,0.1862,1.5707
12.496,square,1.4993,0.1821,1.5552,1.4953,0.1894,1.5707
12.512,square,1.4994,0.1853,1.5552,1.4953,0.1926,1.5707
12.528,square,1.4994,0.1885,1.5552,1.4953,0.1958,1.5707
12.544,square,1.4995,0.1916,1.5552,1.4953,0.199,1.5707
12.56,square,1.4995,0.1948,1.5552,1.4953,0.2022,1.5707
12.576,square,1.4995,0.1967,1.5554,1.4953,0.2022,1.5832
12.592,square,1.4996,0.1977,1.5595,1.4953,0.2022,1.5958
12.608,square,1.4996,0.198,1.5695,1.4953,0.2022,1.6084
12.624,square,1.4996,0.198,1.582,1.4953,0.2022,1.6209
12.64,square,1.4996,0.198,1.5945,1.4953,0.2022,1.6335
12.656,square,1.4996,0.198,1.6069,1.4953,0.2022,1.6461
12.672,square,1.4996,0.198,1.6194,1.4953,0.2022,1.6586
12.688,square,1.4996,0.198,1.6318,1.4953,0.2022,1.6712
12.704,square,1.4996,0.198,1.6443,1.4953,0.2022,1.6838
12.72,square,1.4996,0.198,1.6567,1.4953,0.2022,1.6963
12.736,square,1.4996,0.198,1.6692,1.4953,0.2022,1.7089
12.752,square,1.4996,0.198,1.6816,1.4953,0.2022,1.7215
12.768,square,1.4996,0.198,1.6941,1.4953,0.2022,1.734
12.784,square,1.4996,0.198,1.7065,1.4953,0.2022,1.7466
12.8,square,1.4996,0.198,1.719,1.4953,0.2022,1.7592
12.816,square,1.4996,0.198,1.7315,1.4953,0.2022,1.7717
12.832,square,1.4996,0.198,1.7439,1.4953,0.2022,1.7843
12.848,square,1.4996,0.198,1.7564,1.4953,0.2022,1.7969
12.864,square,1.4996,0.198,1.7688,1.4953,0.2022,1.8094
12.88,square,1.4996,0.198,1.7813,1.4953,0.2022,1.822
12.896,square,1.4996,0.198,1.7937,1.4953,0.2022,1.8345
12.912,square,1.4996,0.198,1.8062,1.4953,0.2022,1.8471
12.928,square,1.4996,0.198,1.8186,1.4953,0.2022,1.8597
12.944,square,1.4996,0.198,1.8311,1.4953,0.2022,1.8722
12.96,square,1.4996,0.198,1.8435,1.4953,0.2022,1.8848
12.976,square,1.4996,0.198,1.856,1.4953,0.2022,1.8974
12.992,square,1.4996,0.198,1.8684,1.4953,0.2022,1.9099
13.008,square,1.4996,0.198,1.8809,1.4953,0.2022,1.9225
13.024,square,1.4996,0.198,1.8933,1.4953,0.2022,1.9351
13.04,square,1.4996,0.198,1.9058,1.4953,0.2022,1.9476
13.056,square,1.4996,0.198,1.9182,1.4953,0.2022,1.9602
13.072,square,1.4996,0.198,1.9307,1.4953,0.2022,1.9728
13.088,square,1.4996,0.198,1.9431,1.4953,0.2022,1.9853
13.104,square,1.4996,0.198,1.9556,1.4953,0.2022,1.9979
13.12,square,1.4996,0.198,1.968,1.4953,0.2022,2.0105
13.136,square,1.4996,0.198,1.9805,1.4953,0.2022,2.023
13.152,square,1.4996,0.198,1.9929,1.4953,0.2022,2.0356
13.168,square,1.4996,0.198,2.0054,1.4953,0.2022,2.0482
13.184,square,1.4996,0.198,2.0178,1.4953,0.2022,2.0607
13.2,square,1.4996,0.198,2.0303,1.4953,0.2022,2.0733
13.216,square,1.4996,0.198,2.0428,1.4953,0.2022,2.0859
13.232,square,1.4996,0.198,2.0552,1.4953,0.2022,2.0984
13.248,square,1.4996,0.198,2.0677,1.4953,0.2022,2.111
13.264,square,1.4996,0.198,2.0801,1.4953,0.2022,2.1236
13.28,square,1.4996,0.198,2.0926,1.4953,0.2022,2.1361
13.296,square,1.4996,0.198,2.105,1.4953,0.2022,2.1487
13.312,square,1.4996,0.198,2.1175,1.4953,0.2022,2.1612
13.328,square,1.4996,0.198,2.1299,1.4953,0.2022,2.1738
13.344,square,1.4996,0.198,2.1424,1.4953,0.2022,2.1864
13.36,square,1.4996,0.198,2.1548,1.4953,0.2022,2.1989
13.376,square,1.4996,0.198,2.1673,1.4953,0.2022,2.2115
13.392,square,1.4996,0.198,2.1797,1.4953,0.2022,2.2241
13.408,square,1.4996,0.198,2.1922,1.4953,0.2022,2.2366
13.424,square,1.4996,0.198,2.2046,1.4953,0.2022,2.2492
13.44,square,1.4996,0.198,2.2171,1.4953,0.2022,2.2618
13.456,square,1.4996,0.198,2.2295,1.4953,0.2022,2.2743
13.472,square,1.4996,0.198,2.242,1.4953,0.2022,2.2869
13.488,square,1.4996,0.198,2.2544,1.4953,0.2022,2.2995
13.504,square,1.4996,0.198,2.2669,1.4953,0.2022,2.312
13.52,square,1.4996,0.198,2.2793,1.4953,0.2022,2.3246
13.536,square,1.4996,0.198,2.2918,1.4953,0.2022,2.3372
13.552,square,1.4996,0.198,2.3042,1.4953,0.2022,2.3497
13.568,square,1.4996,0.198,2.3167,1.4953,0.2022,2.3623
13.584,square,1.4996,0.198,2.3291,1.4953,0.2022,2.3749
13.6,square,1.4996,0.198,2.3416,1.4953,0.2022,2.3874
13.616,square,1.4996,0.198,2.354,1.4953,0.2022,2.4
13.632,square,1.4996,0.198,2.3665,1.4953,0.2022,2.4126
13.648,square,1.4996,0.198,2.379,1.4953,0.2022,2.4251
13.664,square,1.4996,0.198,2.3914,1.4953,0.2022,2.4377
13.68,square,1.4996,0.198,2.4039,1.4953,0.2022,2.4503
13.696,square,1.4996,0.198,2.4163,1.4953,0.2022,2.4628
13.712,square,1.4996,0.198,2.4288,1.4953,0.2022,2.4754
13.728,square,1.4996,0.198,2.4412,1.4953,0.2022,2.4879
13.744,square,1.4996,0.198,2.4537,1.4953,0.2022,2.5005
13.76,square,1.4996,0.198,2.4661,1.4953,0.2022,2.5131
13.776,square,1.4996,0.198,2.4786,1.4953,0.2022,2.5256
13.792,square,1.4996,0.198,2.491,1.4953,0.2022,2.5382
13.808,square,1.4996,0.198,2.5035,1.4953,0.2022,2.5508
13.824,square,1.4996,0.198,2.5159,1.4953,0.2022,2.5633
13.84,square,1.4996,0.198,2.5284,1.4953,0.2022,2.5759
13.856,square,1.4996,0.198,2.5408,1.4953,0.2022,2.5885
13.872,square,1.4996,0.198,2.5533,1.4953,0.2022,2.601
13.888,square,1.4996,0.198,2.5657,1.4953,0.2022,2.6136
13.904,square,1.4996,0.198,2.5782,1.4953,0.2022,2.6262
13.92,square,1.4996,0.198,2.5906,1.4953,0.2022,2.6387
13.936,square,1.4996,0.198,2.6031,1.4953,0.2022,2.6513
13.952,square,1.4996,0.198,2.6155,1.4953,0.2022,2.6639
13.968,square,1.4996,0.198,2.628,1.4953,0.2022,2.6764
13.984,square,1.4996,0.198,2.6404,1.4953,0.2022,2.689
14.0,square,1.4996,0.198,2.6529,1.4953,0.2022,2.7016
14.016,square,1.4996,0.198,2.6653,1.4953,0.2022,2.7141
14.032,square,1.4996,0.198,2.6778,1.4953,0.2022,2.7267
14.048,square,1.4996,0.198,2.6902,1.4953,0.2022,2.7393
14.064,square,1.4996,0.198,2.7027,1.4953,0.2022,2.7518
14.08,square,1.4996,0.198,2.7151,1.4953,0.2022,2.7644
14.096,square,1.4996,0.198,2.7276,1.4953,0.2022,2.777
14.112,square,1.4996,0.198,2.7401,1.4953,0.2022,2.7895
14.128,square,1.4996,0.198,2.7525,1.4953,0.2022,2.8021
14.144,square,1.4996,0.198,2.765,1.4953,0.2022,2.8146
14.16,square,1.4996,0.198,2.7774,1.4953,0.2022,2.8272
14.176,square,1.4996,0.198,2.7899,1.4953,0.2022,2.8398
14.192,square,1.4996,0.198,2.8023,1.4953,0.2022,2.8523
14.208,square,1.4996,0.198,2.8148,1.4953,0.2022,2.8649
14.224,square,1.4996,0.198,2.8272,1.4953,0.2022,2.8775
14.24,square,1.4996,0.198,2.8397,1.4953,0.2022,2.89
14.256,square,1.4996,0.198,2.8521,1.4953,0.2022,2.9026
14.272,square,1.4996,0.198,2.8646,1.4953,0.2022,2.9152
14.288,square,1.4996,0.198,2.877,1.4953,0.2022,2.9277
14.304,square,1.4996,0.198,2.8895,1.4953,0.2022,2.9403
14.32,square,1.4996,0.198,2.9019,1.4953,0.2022,2.9529
14.336,square,1.4996,0.198,2.9144,1.4953,0.2022,2.9654
14.352,square,1.4996,0.198,2.9268,1.4953,0.2022,2.978
14.368,square,1.4996,0.198,2.9393,1.4953,0.2022,2.9906
14.384,square,1.4996,0.198,2.9517,1.4953,0.2022,3.0031
14.4,square,1.4996,0.198,2.9642,1.4953,0.2022,3.0157
14.416,square,1.4996,0.198,2.9766,1.4953,0.2022,3.0283
14.432,square,1.4996,0.198,2.9891,1.4953,0.2022,3.0408
14.448,square,1.4996,0.198,3.0015,1.4953,0.2022,3.0534
14.464,square,1.4996,0.198,3.014,1.4953,0.2022,3.066
14.48,square,1.4996,0.198,3.0264,1.4953,0.2022,3.0785
14.496,square,1.4996,0.198,3.0389,1.4953,0.2022,3.0911
14.512,square,1.4996,0.198,3.0513,1.4953,0.2022,3.1037
14.528,square,1.4996,0.198,3.0638,1.4953,0.2022,3.1162
14.544,square,1.4996,0.198,3.0763,1.4953,0.2022,3.1288
14.56,square,1.4996,0.198,3.0887,1.4953,0.2022,3.1413
14.576,square,1.4983,0.1981,3.1005,1.4921,0.2022,3.1413
14.592,square,1.4961,0.1982,3.1085,1.4889,0.2022,3.1414
14.608,square,1.4931,0.1983,3.1104,1.4857,0.2022,3.1414
14.624,square,1.4899,0.1984,3.1104,1.4825,0.2022,3.1414
14.64,square,1.4868,0.1985,3.1104,1.4793,0.2022,3.1414
14.656,square,1.4836,0.1986,3.1104,1.4761,0.2022,3.1414
14.672,square,1.4804,0.1986,3.1104,1.4729,0.2022,3.1414
14.688,square,1.4773,0.1987,3.1104,1.4697,0.2022,3.1414
14.704,square,1.4741,0.1988,3.1104,1.4665,0.2022,3.1414
14.72,square,1.4709,0.1989,3.1104,1.4633,0.2022,3.1414
14.736,square,1.4678,0.199,3.1104,1.4601,0.2022,3.1414
14.752,square,1.4646,0.1991,3.1104,1.4569,0.2022,3.1414
14.768,square,1.4614,0.1992,3.1104,1.4537,0.2022,3.1414
14.784,square,1.4582,0.1993,3.1104,1.4505,0.2022,3.1414
14.8,square,1.4551,0.1994,3.1104,1.4473,0.2022,3.1414
14.816,square,1.4519,0.1995,3.1104,1.4441,0.2022,3.1414
14.832,square,1.4487,0.1996,3.1104,1.4409,0.2022,3.1414
14.848,square,1.4456,0.1997,3.1104,1.4377,0.2022,3.1414
14.864,square,1.4424,0.1998,3.1104,1.4345,0.2022,3.1414
14.88,square,1.4392,0.1999,3.1104,1.4313,0.2022,3.1414
14.896,square,1.436,0.2,3.1104,1.4281,0.2022,3.1414
14.912,square,1.4329,0.2001,3.1104,1.4249,0.2022,3.1414
14.928,square,1.4297,0.2002,3.1104,1.4217,0.2022,3.1414
14.944,square,1.4265,0.2003,3.1104,1.4185,0.2022,3.1414
14.96,square,1.4234,0.2004,3.1104,1.4154,0.2022,3.1414
14.976,square,1.4202,0.2005,3.1104,1.4122,0.2022,3.1414
14.992,square,1.417,0.2006,3.1104,1.409,0.2022,3.1414
15.008,square,1.4139,0.2007,3.1104,1.4058,0.2023,3.1414
15.024,square,1.4107,0.2008,3.1104,1.4026,0.2023,3.1414
15.04,square,1.4075,0.2009,3.1104,1.3994,0.2023,3.1414
15.056,square,1.4043,0.201,3.1104,1.3962,0.2023,3.1414
15.072,square,1.4012,0.2011,3.1104,1.393,0.2023,3.1414
15.088,square,1.398,0.2012,3.1104,1.3898,0.2023,3.1414
15.104,square,1.3948,0.2013,3.1104,1.3866,0.2023,3.1414
15.12,square,1.3917,0.2014,3.1104,1.3834,0.2023,3.1414
15.136,square,1.3885,0.2015,3.1104,1.3802,0.2023,3.1414
15.152,square,1.3853,0.2016,3.1104,1.377,0.2023,3.1414
15.168,square,1.3822,0.2017,3.1104,1.3738,0.2023,3.1414
15.184,square,1.379,0.2018,3.1104,1.3706,0.2023,3.1414
15.2,square,1.3758,0.2019,3.1104,1.3674,0.2023,3.1414
15.216,square,1.3726,0.202,3.1104,1.3642,0.2023,3.1414
15.232,square,1.3695,0.2021,3.1104,1.361,0.2023,3.1414
15.248,square,1.3663,0.2022,3.1104,1.3578,0.2023,3.1414
15.264,square,1.3631,0.2023,3.1104,1.3546,0.2023,3.1414
15.28,square,1.36,0.2024,3.1104,1.3514,0.2023,3.1414
15.296,square,1.3568,0.2025,3.1104,1.3482,0.2023,3.1414
15.312,square,1.3536,0.2026,3.1104,1.345,0.2023,3.1414
15.328,square,1.3504,0.2027,3.1104,1.3418,0.2023,3.1414
15.344,square,1.3473,0.2028,3.1104,1.3386,0.2023,3.1414
15.36,square,1.3441,0.2029,3.1104,1.3354,0.2023,3.1414
15.376,square,1.3409,0.203,3.1104,1.3322,0.2023,3.1414
15.392,square,1.3378,0.2031,3.1104,1.329,0.2023,3.1414
15.408,square,1.3346,0.2032,3.1104,1.3258,0.2023,3.1414
15.424,square,1.3314,0.2033,3.1104,1.3226,0.2023,3.1414
15.44,square,1.3283,0.2034,3.1104,1.3194,0.2023,3.1414
15.456,square,1.3251,0.2035,3.1104,1.3162,0.2023,3.1414
15.472,square,1.3219,0.2036,3.1104,1.313,0.2023,3.1414
15.488,square,1.3187,0.2037,3.1104,1.3098,0.2023,3.1414
15.504,square,1.3156,0.2038,3.1104,1.3066,0.2023,3.1414
15.52,square,1.3124,0.2039,3.1104,1.3034,0.2023,3.1414
15.536,square,1.3092,0.204,3.1104,1.3002,0.2023,3.1414
15.552,square,1.3061,0.2041,3.1104,1.297,0.2023,3.1414
15.568,square,1.3029,0.2042,3.1104,1.2938,0.2023,3.1414
15.584,square,1.2997,0.2043,3.1104,1.2906,0.2023,3.1414
15.6,square,1.2966,0.2044,3.1104,1.2874,0.2023,3.1414
15.616,square,1.2934,0.2045,3.1104,1.2842,0.2023,3.1414
15.632,square,1.2902,0.2046,3.1104,1.281,0.2023,3.1414
15.648,square,1.287,0.2047,3.1104,1.2778,0.2023,3.1414
15.664,square,1.2839,0.2048,3.1104,1.2746,0.2023,3.1414
15.68,square,1.2807,0.2049,3.1104,1.2714,0.2023,3.1414
15.696,square,1.2775,0.205,3.1104,1.2682,0.2023,3.1414
15.712,square,1.2744,0.2051,3.1104,1.265,0.2023,3.1414
15.728,square,1.2712,0.2052,3.1104,1.2618,0.2023,3.1414
15.744,square,1.268,0.2053,3.1104,1.2586,0.2023,3.1414
15.76,square,1.2648,0.2054,3.1104,1.2554,0.2023,3.1414
15.776,square,1.2617,0.2055,3.1104,1.2522,0.2023,3.1414
15.792,square,1.2585,0.2056,3.1104,1.249,0.2023,3.1414
15.808,square,1.2553,0.2057,3.1104,1.2458,0.2023,3.1414
15.824,square,1.2522,0.2058,3.1104,1.2426,0.2023,3.1414
15.84,square,1.249,0.2059,3.1104,1.2394,0.2023,3.1414
15.856,square,1.2458,0.206,3.1104,1.2362,0.2023,3.1414
15.872,square,1.2427,0.2061,3.1104,1.233,0.2023,3.1414
15.888,square,1.2395,0.2062,3.1104,1.2298,0.2023,3.1414
15.904,square,1.2363,0.2063,3.1104,1.2266,0.2023,3.1414
15.92,square,1.2331,0.2064,3.1104,1.2234,0.2023,3.1414
15.936,square,1.23,0.2065,3.1104,1.2202,0.2023,3.1414
15.952,square,1.2268,0.2066,3.1104,1.217,0.2023,3.1414
15.968,square,1.2236,0.2067,3.1104,1.2138,0.2023,3.1414
15.984,square,1.2205,0.2068,3.1104,1.2106,0.2023,3.1414
16.0,square,1.2173,0.2068,3.1104,1.2074,0.2023,3.1414
16.016,square,1.2141,0.2069,3.1104,1.2042,0.2023,3.1414
16.032,square,1.2109,0.207,3.1104,1.201,0.2023,3.1414
16.048,square,1.2078,0.2071,3.1104,1.1978,0.2023,3.1414
16.064,square,1.2046,0.2072,3.1104,1.1946,0.2023,3.1414
16.08,square,1.2014,0.2073,3.1104,1.1914,0.2023,3.1414
16.096,square,1.1983,0.2074,3.1104,1.1882,0.2023,3.1414
16.112,square,1.1951,0.2075,3.1104,1.185,0.2023,3.1414
16.128,square,1.1919,0.2076,3.1104,1.1818,0.2023,3.1414
16.144,square,1.1888,0.2077,3.1104,1.1786,0.2023,3.1414
16.16,square,1.1856,0.2078,3.1104,1.1754,0.2023,3.1414
16.176,square,1.1824,0.2079,3.1104,1.1722,0.2023,3.1414
16.192,square,1.1792,0.208,3.1104,1.169,0.2023,3.1414
16.208,square,1.1761,0.2081,3.1104,1.1658,0.2023,3.1414
16.224,square,1.1729,0.2082,3.1104,1.1626,0.2023,3.1414
16.24,square,1.1697,0.2083,3.1104,1.1594,0.2023,3.1414
16.256,square,1.1666,0.2084,3.1104,1.1562,0.2023,3.1414
16.272,square,1.1634,0.2085,3.1104,1.153,0.2023,3.1414
16.288,square,1.1602,0.2086,3.1104,1.1498,0.2023,3.1414
16.304,square,1.1571,0.2087,3.1104,1.1466,0.2023,3.1414
16.32,square,1.1539,0.2088,3.1104,1.1434,0.2023,3.1414
16.336,square,1.1507,0.2089,3.1104,1.1402,0.2023,3.1414
16.352,square,1.1475,0.209,3.1104,1.137,0.2023,3.1414
16.368,square,1.1444,0.2091,3.1104,1.1338,0.2023,3.1414
16.384,square,1.1412,0.2092,3.1104,1.1306,0.2023,3.1414
16.4,square,1.138,0.2093,3.1104,1.1274,0.2023,3.1414
16.416,square,1.1349,0.2094,3.1104,1.1243,0.2023,3.1414
16.432,square,1.1317,0.2095,3.1104,1.1211,0.2023,3.1414
16.448,square,1.1285,0.2096,3.1104,1.1179,0.2023,3.1414
16.464,square,1.1253,0.2097,3.1104,1.1147,0.2023,3.1414
16.48,square,1.1222,0.2098,3.1104,1.1115,0.2023,3.1414
16.496,square,1.119,0.2099,3.1104,1.1083,0.2023,3.1414
16.512,square,1.1158,0.21,3.1104,1.1051,0.2023,3.1414
16.528,square,1.1127,0.2101,3.1104,1.1019,0.2023,3.1414
16.544,square,1.1095,0.2102,3.1104,1.0987,0.2023,3.1414
16.56,square,1.1063,0.2103,3.1104,1.0955,0.2023,3.1414
16.576,square,1.1032,0.2104,3.1104,1.0923,0.2023,3.1414
16.592,square,1.1,0.2105,3.1104,1.0891,0.2023,3.1414
16.608,square,1.0968,0.2106,3.1104,1.0859,0.2023,3.1414
16.624,square,1.0936,0.2107,3.1104,1.0827,0.2023,3.1414
16.64,square,1.0905,0.2108,3.1104,1.0795,0.2023,3.1414
16.656,square,1.0873,0.2109,3.1104,1.0763,0.2023,3.1414
16.672,square,1.0841,0.211,3.1104,1.0731,0.2023,3.1414
16.688,square,1.081,0.2111,3.1104,1.0699,0.2023,3.1414
16.704,square,1.0778,0.2112,3.1104,1.0667,0.2023,3.1414
16.72,square,1.0746,0.2113,3.1104,1.0635,0.2023,3.1414
16.736,square,1.0714,0.2114,3.1104,1.0603,0.2023,3.1414
16.752,square,1.0683,0.2115,3.1104,1.0571,0.2023,3.1414
16.768,square,1.0651,0.2116,3.1104,1.0539,0.2023,3.1414
16.784,square,1.0619,0.2117,3.1104,1.0507,0.2023,3.1414
16.8,square,1.0588,0.2118,3.1104,1.0475,0.2023,3.1414
16.816,square,1.0556,0.2119,3.1104,1.0443,0.2023,3.1414
16.832,square,1.0524,0.212,3.1104,1.0411,0.2023,3.1414
16.848,square,1.0493,0.2121,3.1104,1.0379,0.2023,3.1414
16.864,square,1.0461,0.2122,3.1104,1.0347,0.2023,3.1414
16.88,square,1.0429,0.2123,3.1104,1.0315,0.2023,3.1414
16.896,square,1.0397,0.2124,3.1104,1.0283,0.2023,3.1414
16.912,square,1.0366,0.2125,3.1104,1.0251,0.2023,3.1414
16.928,square,1.0334,0.2126,3.1104,1.0219,0.2023,3.1414
16.944,square,1.0302,0.2127,3.1104,1.0187,0.2023,3.1414
16.96,square,1.0271,0.2128,3.1104,1.0155,0.2023,3.1414
16.976,square,1.0239,0.2129,3.1104,1.0123,0.2023,3.1414
16.992,square,1.0207,0.213,3.1104,1.0091,0.2023,3.1414
17.008,square,1.0176,0.2131,3.1104,1.0059,0.2023,3.1414
17.024,square,1.0144,0.2132,3.1104,1.0027,0.2023,3.1414
17.04,square,1.0112,0.2133,3.1104,0.9995,0.2023,3.1414
17.056,square,1.008,0.2134,3.1104,0.9963,0.2023,3.1414
17.072,square,1.0049,0.2135,3.1104,0.9931,0.2024,3.1414
17.088,square,1.003,0.2135,3.1108,0.9931,0.2024,-3.1293
17.104,square,1.002,0.2135,3.1151,0.9931,0.2024,-3.1167
17.12,square,1.0018,0.2136,3.1254,0.9931,0.2024,-3.1041
17.136,square,1.0018,0.2136,3.1378,0.9931,0.2024,-3.0916
17.152,square,1.0018,0.2136,-3.1329,0.9931,0.2024,-3.079
17.168,square,1.0018,0.2136,-3.1204,0.9931,0.2024,-3.0664
17.184,square,1.0018,0.2136,-3.108,0.9931,0.2024,-3.0539
17.2,square,1.0018,0.2136,-3.0955,0.9931,0.2024,-3.0413
17.216,square,1.0018,0.2136,-3.0831,0.9931,0.2024,-3.0287
17.232,square,1.0018,0.2136,-3.0706,0.9931,0.2024,-3.0162
17.248,square,1.0018,0.2136,-3.0582,0.9931,0.2024,-3.0036
17.264,square,1.0018,0.2136,-3.0457,0.9931,0.2024,-2.9911
17.28,square,1.0018,0.2136,-3.0332,0.9931,0.2024,-2.9785
17.296,square,1.0018,0.2136,-3.0208,0.9931,0.2024,-2.9659
17.312,square,1.0018,0.2136,-3.0083,0.9931,0.2024,-2.9534
17.328,square,1.0018,0.2136,-2.9959,0.9931,0.2024,-2.9408
17.344,square,1.0018,0.2136,-2.9834,0.9931,0.2024,-2.9282
17.36,square,1.0018,0.2136,-2.971,0.9931,0.2024,-2.9157
17.376,square,1.0018,0.2136,-2.9585,0.9931,0.2024,-2.9031
17.392,square,1.0018,0.2136,-2.9461,0.9931,0.2024,-2.8905
17.408,square,1.0018,0.2136,-2.9336,0.9931,0.2024,-2.878
17.424,square,1.0018,0.2136,-2.9212,0.9931,0.2024,-2.8654
17.44,square,1.0018,0.2136,-2.9087,0.9931,0.2024,-2.8528
17.456,square,1.0018,0.2136,-2.8963,0.9931,0.2024,-2.8403
17.472,square,1.0018,0.2136,-2.8838,0.9931,0.2024,-2.8277
17.488,square,1.0018,0.2136,-2.8714,0.9931,0.2024,-2.8151
17.504,square,1.0018,0.2136,-2.8589,0.9931,0.2024,-2.8026
17.52,square,1.0018,0.2136,-2.8465,0.9931,0.2024,-2.79
17.536,square,1.0018,0.2136,-2.834,0.9931,0.2024,-2.7774
17.552,square,1.0018,0.2136,-2.8216,0.9931,0.2024,-2.7649
17.568,square,1.0018,0.2136,-2.8091,0.9931,0.2024,-2.7523
17.584,square,1.0018,0.2136,-2.7967,0.9931,0.2024,-2.7397
17.6,square,1.0018,0.2136,-2.7842,0.9931,0.2024,-2.7272
17.616,square,1.0018,0.2136,-2.7718,0.9931,0.2024,-2.7146
17.632,square,1.0018,0.2136,-2.7593,0.9931,0.2024,-2.702
17.648,square,1.0018,0.2136,-2.7468,0.9931,0.2024,-2.6895
17.664,square,1.0018,0.2136,-2.7344,0.9931,0.2024,-2.6769
17.68,square,1.0018,0.2136,-2.7219,0.9931,0.2024,-2.6644
17.696,square,1.0018,0.2136,-2.7095,0.9931,0.2024,-2.6518
17.712,square,1.0018,0.2136,-2.697,0.9931,0.2024,-2.6392
17.728,square,1.0018,0.2136,-2.6846,0.9931,0.2024,-2.6267
17.744,square,1.0018,0.2136,-2.6721,0.9931,0.2024,-2.6141
17.76,square,1.0018,0.2136,-2.6597,0.9931,0.2024,-2.6015
17.776,square,1.0018,0.2136,-2.6472,0.9931,0.2024,-2.589
17.792,square,1.0018,0.2136,-2.6348,0.9931,0.2024,-2.5764
17.808,square,1.0018,0.2136,-2.6223,0.9931,0.2024,-2.5638
17.824,square,1.0018,0.2136,-2.6099,0.9931,0.2024,-2.5513
17.84,square,1.0018,0.2136,-2.5974,0.9931,0.2024,-2.5387
17.856,square,1.0018,0.2136,-2.585,0.9931,0.2024,-2.5261
17.872,square,1.0018,0.2136,-2.5725,0.9931,0.2024,-2.5136
17.888,square,1.0018,0.2136,-2.5601,0.9931,0.2024,-2.501
17.904,square,1.0018,0.2136,-2.5476,0.9931,0.2024,-2.4884
17.92,square,1.0018,0.2136,-2.5352,0.9931,0.2024,-2.4759
17.936,square,1.0018,0.2136,-2.5227,0.9931,0.2024,-2.4633
17.952,square,1.0018,0.2136,-2.5103,0.9931,0.2024,-2.4507
17.968,square,1.0018,0.2136,-2.4978,0.9931,0.2024,-2.4382
17.984,square,1.0018,0.2136,-2.4854,0.9931,0.2024,-2.4256
18.0,square,1.0018,0.2136,-2.4729,0.9931,0.2024,-2.413
18.016,square,1.0018,0.2136,-2.4605,0.9931,0.2024,-2.4005
18.032,square,1.0018,0.2136,-2.448,0.9931,0.2024,-2.3879
18.048,square,1.0018,0.2136,-2.4356,0.9931,0.2024,-2.3753
18.064,square,1.0018,0.2136,-2.4231,0.9931,0.2024,-2.3628
18.08,square,1.0018,0.2136,-2.4106,0.9931,0.2024,-2.3502
18.096,square,1.0018,0.2136,-2.3982,0.9931,0.2024,-2.3377
18.112,square,1.0018,0.2136,-2.3857,0.9931,0.2024,-2.3251
18.128,square,1.0018,0.2136,-2.3733,0.9931,0.2024,-2.3125
18.144,square,1.0018,0.2136,-2.3608,0.9931,0.2024,-2.3
18.16,square,1.0018,0.2136,-2.3484,0.9931,0.2024,-2.2874
18.176,square,1.0018,0.2136,-2.3359,0.9931,0.2024,-2.2748
18.192,square,1.0018,0.2136,-2.3235,0.9931,0.2024,-2.2623
18.208,square,1.0018,0.2136,-2.311,0.9931,0.2024,-2.2497
18.224,square,1.0018,0.2136,-2.2986,0.9931,0.2024,-2.2371
18.24,square,1.0018,0.2136,-2.2861,0.9931,0.2024,-2.2246
18.256,square,1.0018,0.2136,-2.2737,0.9931,0.2024,-2.212
18.272,square,1.0018,0.2136,-2.2612,0.9931,0.2024,-2.1994
18.288,square,1.0018,0.2136,-2.2488,0.9931,0.2024,-2.1869
18.304,square,1.0018,0.2136,-2.2363,0.9931,0.2024,-2.1743
18.32,square,1.0018,0.2136,-2.2239,0.9931,0.2024,-2.1617
18.336,square,1.0018,0.2136,-2.2114,0.9931,0.2024,-2.1492
18.352,square,1.0018,0.2136,-2.199,0.9931,0.2024,-2.1366
18.368,square,1.0018,0.2136,-2.1865,0.9931,0.2024,-2.124
18.384,square,1.0018,0.2136,-2.1741,0.9931,0.2024,-2.1115
18.4,square,1.0018,0.2136,-2.1616,0.9931,0.2024,-2.0989
18.416,square,1.0018,0.2136,-2.1492,0.9931,0.2024,-2.0863
18.432,square,1.0018,0.2136,-2.1367,0.9931,0.2024,-2.0738
18.448,square,1.0018,0.2136,-2.1243,0.9931,0.2024,-2.0612
18.464,square,1.0018,0.2136,-2.1118,0.9931,0.2024,-2.0486
18.48,square,1.0018,0.2136,-2.0994,0.9931,0.2024,-2.0361
18.496,square,1.0018,0.2136,-2.0869,0.9931,0.2024,-2.0235
18.512,square,1.0018,0.2136,-2.0745,0.9931,0.2024,-2.011
18.528,square,1.0018,0.2136,-2.062,0.9931,0.2024,-1.9984
18.544,square,1.0018,0.2136,-2.0495,0.9931,0.2024,-1.9858
18.56,square,1.0018,0.2136,-2.0371,0.9931,0.2024,-1.9733
18.576,square,1.0018,0.2136,-2.0246,0.9931,0.2024,-1.9607
18.592,square,1.0018,0.2136,-2.0122,0.9931,0.2024,-1.9481
18.608,square,1.0018,0.2136,-1.9997,0.9931,0.2024,-1.9356
18.624,square,1.0018,0.2136,-1.9873,0.9931,0.2024,-1.923
18.64,square,1.0018,0.2136,-1.9748,0.9931,0.2024,-1.9104
18.656,square,1.0018,0.2136,-1.9624,0.9931,0.2024,-1.8979
18.672,square,1.0018,0.2136,-1.9499,0.9931,0.2024,-1.8853
18.688,square,1.0018,0.2136,-1.9375,0.9931,0.2024,-1.8727
18.704,square,1.0018,0.2136,-1.925,0.9931,0.2024,-1.8602
18.72,square,1.0018,0.2136,-1.9126,0.9931,0.2024,-1.8476
18.736,square,1.0018,0.2136,-1.9001,0.9931,0.2024,-1.835
18.752,square,1.0018,0.2136,-1.8877,0.9931,0.2024,-1.8225
18.768,square,1.0018,0.2136,-1.8752,0.9931,0.2024,-1.8099
18.784,square,1.0018,0.2136,-1.8628,0.9931,0.2024,-1.7973
18.8,square,1.0018,0.2136,-1.8503,0.9931,0.2024,-1.7848
18.816,square,1.0018,0.2136,-1.8379,0.9931,0.2024,-1.7722
18.832,square,1.0018,0.2136,-1.8254,0.9931,0.2024,-1.7596
18.848,square,1.0018,0.2136,-1.813,0.9931,0.2024,-1.7471
18.864,square,1.0018,0.2136,-1.8005,0.9931,0.2024,-1.7345
18.88,square,1.0018,0.2136,-1.7881,0.9931,0.2024,-1.7219
18.896,square,1.0018,0.2136,-1.7756,0.9931,0.2024,-1.7094
18.912,square,1.0018,0.2136,-1.7632,0.9931,0.2024,-1.6968
18.928,square,1.0018,0.2136,-1.7507,0.9931,0.2024,-1.6842
18.944,square,1.0018,0.2136,-1.7383,0.9931,0.2024,-1.6717
18.96,square,1.0018,0.2136,-1.7258,0.9931,0.2024,-1.6591
18.976,square,1.0018,0.2136,-1.7133,0.9931,0.2024,-1.6466
18.992,square,1.0018,0.2136,-1.7009,0.9931,0.2024,-1.634
19.008,square,1.0018,0.2136,-1.6884,0.9931,0.2024,-1.6214
19.024,square,1.0018,0.2136,-1.676,0.9931,0.2024,-1.6089
19.04,square,1.0018,0.2136,-1.6635,0.9931,0.2024,-1.5963
19.056,square,1.0018,0.2136,-1.6511,0.9931,0.2024,-1.5837
19.072,square,1.0018,0.2136,-1.6386,0.9931,0.2024,-1.5712
19.088,square,1.0016,0.2123,-1.627,0.9931,0.1992,-1.5712
19.104,square,1.0015,0.21,-1.6192,0.9931,0.196,-1.5712
19.12,square,1.0014,0.2071,-1.6175,0.9931,0.1928,-1.5712
19.136,square,1.0012,0.2039,-1.6175,0.9931,0.1896,-1.5712
19.152,square,1.0011,0.2007,-1.6175,0.9931,0.1864,-1.5712
19.168,square,1.0009,0.1976,-1.6175,0.9931,0.1832,-1.5712
19.184,square,1.0008,0.1944,-1.6175,0.9931,0.18,-1.5712
19.2,square,1.0006,0.1912,-1.6175,0.9931,0.1768,-1.5712
19.216,square,1.0005,0.1881,-1.6175,0.9931,0.1736,-1.5712
19.232,square,1.0003,0.1849,-1.6175,0.9931,0.1704,-1.5712
19.248,square,1.0002,0.1817,-1.6175,0.9931,0.1672,-1.5712
19.264,square,1.0,0.1786,-1.6175,0.9931,0.164,-1.5712
19.28,square,0.9999,0.1754,-1.6175,0.9931,0.1608,-1.5712
19.296,square,0.9998,0.1722,-1.6175,0.9931,0.1576,-1.5712
19.312,square,0.9996,0.169,-1.6175,0.9931,0.1544,-1.5712
19.328,square,0.9995,0.1659,-1.6175,0.9931,0.1512,-1.5712
19.344,square,0.9993,0.1627,-1.6175,0.9931,0.148,-1.5712
19.36,square,0.9992,0.1595,-1.6175,0.9931,0.1448,-1.5712
19.376,square,0.999,0.1564,-1.6175,0.9931,0.1416,-1.5712
19.392,square,0.9989,0.1532,-1.6175,0.9931,0.1384,-1.5712
19.408,square,0.9987,0.15,-1.6175,0.9931,0.1352,-1.5712
19.424,square,0.9986,0.1469,-1.6175,0.9931,0.132,-1.5712
19.44,square,0.9984,0.1437,-1.6175,0.9931,0.1288,-1.5712
19.456,square,0.9983,0.1405,-1.6175,0.9931,0.1256,-1.5712
19.472,square,0.9981,0.1374,-1.6175,0.9931,0.1224,-1.5712
19.488,square,0.998,0.1342,-1.6175,0.9931,0.1192,-1.5712
19.504,square,0.9978,0.131,-1.6175,0.9931,0.116,-1.5712
19.52,square,0.9977,0.1279,-1.6175,0.9931,0.1128,-1.5712
19.536,square,0.9975,0.1247,-1.6175,0.9931,0.1096,-1.5712
19.552,square,0.9974,0.1215,-1.6175,0.9931,0.1064,-1.5712
19.568,square,0.9972,0.1183,-1.6175,0.9931,0.1032,-1.5712
19.584,square,0.9971,0.1152,-1.6175,0.9931,0.1,-1.5712
19.6,square,0.9969,0.112,-1.6175,0.9931,0.0968,-1.5712
19.616,square,0.9968,0.1088,-1.6175,0.9931,0.0936,-1.5712
19.632,square,0.9966,0.1057,-1.6175,0.9931,0.0904,-1.5712
19.648,square,0.9965,0.1025,-1.6175,0.9931,0.0872,-1.5712
19.664,square,0.9963,0.0993,-1.6175,0.9931,0.084,-1.5712
19.68,square,0.9962,0.0962,-1.6175,0.9931,0.0808,-1.5712
19.696,square,0.9961,0.093,-1.6175,0.993,0.0776,-1.5712
19.712,square,0.9959,0.0898,-1.6175,0.993,0.0744,-1.5712
19.728,square,0.9958,0.0867,-1.6175,0.993,0.0712,-1.5712
19.744,square,0.9956,0.0835,-1.6175,0.993,0.068,-1.5712
19.76,square,0.9955,0.0803,-1.6175,0.993,0.0648,-1.5712
19.776,square,0.9953,0.0772,-1.6175,0.993,0.0616,-1.5712
19.792,square,0.9952,0.074,-1.6175,0.993,0.0584,-1.5712
19.808,square,0.995,0.0708,-1.6175,0.993,0.0552,-1.5712
19.824,square,0.9949,0.0677,-1.6175,0.993,0.052,-1.5712
19.84,square,0.9947,0.0645,-1.6175,0.993,0.0488,-1.5712
19.856,square,0.9946,0.0613,-1.6175,0.993,0.0456,-1.5712
19.872,square,0.9944,0.0581,-1.6175,0.993,0.0424,-1.5712
19.888,square,0.9943,0.055,-1.6175,0.993,0.0392,-1.5712
19.904,square,0.9941,0.0518,-1.6175,0.993,0.036,-1.5712
19.92,square,0.994,0.0486,-1.6175,0.993,0.0328,-1.5712
19.936,square,0.9938,0.0455,-1.6175,0.993,0.0296,-1.5712
19.952,square,0.9937,0.0423,-1.6175,0.993,0.0264,-1.5712
19.968,square,0.9935,0.0391,-1.6175,0.993,0.0232,-1.5712
19.984,square,0.9934,0.036,-1.6175,0.993,0.02,-1.5712
20.0,square,0.9932,0.0328,-1.6175,0.993,0.0168,-1.5712
20.016,square,0.9931,0.0296,-1.6175,0.993,0.0136,-1.5712
20.032,square,0.9929,0.0265,-1.6175,0.993,0.0104,-1.5712
20.048,square,0.9928,0.0233,-1.6175,0.993,0.0072,-1.5712
20.064,square,0.9926,0.0201,-1.6175,0.993,0.004,-1.5712
20.08,square,0.9925,0.017,-1.6175,0.993,0.0008,-1.5712
20.096,square,0.9923,0.0138,-1.6175,0.993,-0.0024,-1.5712
20.112,square,0.9922,0.0106,-1.6175,0.993,-0.0056,-1.5712
20.128,square,0.9921,0.0075,-1.6175,0.993,-0.0088,-1.5712
20.144,square,0.9919,0.0043,-1.6175,0.993,-0.012,-1.5712
20.16,square,0.9918,0.0011,-1.6175,0.993,-0.0152,-1.5712
20.176,square,0.9916,-0.0021,-1.6175,0.993,-0.0184,-1.5712
20.192,square,0.9915,-0.0052,-1.6175,0.993,-0.0216,-1.5712
20.208,square,0.9913,-0.0084,-1.6175,0.993,-0.0248,-1.5712
20.224,square,0.9912,-0.0116,-1.6175,0.993,-0.028,-1.5712
20.24,square,0.991,-0.0147,-1.6175,0.993,-0.0312,-1.5712
20.256,square,0.9909,-0.0179,-1.6175,0.993,-0.0344,-1.5712
20.272,square,0.9907,-0.0211,-1.6175,0.993,-0.0376,-1.5712
20.288,square,0.9906,-0.0242,-1.6175,0.993,-0.0408,-1.5712
20.304,square,0.9904,-0.0274,-1.6175,0.993,-0.044,-1.5712
20.32,square,0.9903,-0.0306,-1.6175,0.993,-0.0472,-1.5712
20.336,square,0.9901,-0.0337,-1.6175,0.993,-0.0504,-1.5712
20.352,square,0.99,-0.0369,-1.6175,0.993,-0.0536,-1.5712
20.368,square,0.9898,-0.0401,-1.6175,0.993,-0.0568,-1.5712
20.384,square,0.9897,-0.0432,-1.6175,0.993,-0.06,-1.5712
20.4,square,0.9895,-0.0464,-1.6175,0.993,-0.0632,-1.5712
20.416,square,0.9894,-0.0496,-1.6175,0.993,-0.0664,-1.5712
20.432,square,0.9892,-0.0528,-1.6175,0.993,-0.0696,-1.5712
20.448,square,0.9891,-0.0559,-1.6175,0.993,-0.0728,-1.5712
20.464,square,0.9889,-0.0591,-1.6175,0.993,-0.076,-1.5712
20.48,square,0.9888,-0.0623,-1.6175,0.993,-0.0792,-1.5712
20.496,square,0.9886,-0.0654,-1.6175,0.993,-0.0824,-1.5712
20.512,square,0.9885,-0.0686,-1.6175,0.993,-0.0856,-1.5712
20.528,square,0.9883,-0.0718,-1.6175,0.993,-0.0888,-1.5712
20.544,square,0.9882,-0.0749,-1.6175,0.993,-0.0919,-1.5712
20.56,square,0.9881,-0.0781,-1.6175,0.993,-0.0951,-1.5712
20.576,square,0.9879,-0.0813,-1.6175,0.993,-0.0983,-1.5712
20.592,square,0.9878,-0.0844,-1.6175,0.993,-0.1015,-1.5712
20.608,square,0.9876,-0.0876,-1.6175,0.993,-0.1047,-1.5712
20.624,square,0.9875,-0.0908,-1.6175,0.993,-0.1079,-1.5712
20.64,square,0.9873,-0.0939,-1.6175,0.993,-0.1111,-1.5712
20.656,square,0.9872,-0.0971,-1.6175,0.993,-0.1143,-1.5712
20.672,square,0.987,-0.1003,-1.6175,0.993,-0.1175,-1.5712
20.688,square,0.9869,-0.1034,-1.6175,0.993,-0.1207,-1.5712
20.704,square,0.9867,-0.1066,-1.6175,0.993,-0.1239,-1.5712
20.72,square,0.9866,-0.1098,-1.6175,0.993,-0.1271,-1.5712
20.736,square,0.9864,-0.113,-1.6175,0.993,-0.1303,-1.5712
20.752,square,0.9863,-0.1161,-1.6175,0.993,-0.1335,-1.5712
20.768,square,0.9861,-0.1193,-1.6175,0.993,-0.1367,-1.5712
20.784,square,0.986,-0.1225,-1.6175,0.993,-0.1399,-1.5712
20.8,square,0.9858,-0.1256,-1.6175,0.993,-0.1431,-1.5712
20.816,square,0.9857,-0.1288,-1.6175,0.993,-0.1463,-1.5712
20.832,square,0.9855,-0.132,-1.6175,0.993,-0.1495,-1.5712
20.848,square,0.9854,-0.1351,-1.6175,0.993,-0.1527,-1.5712
20.864,square,0.9852,-0.1383,-1.6175,0.993,-0.1559,-1.5712
20.88,square,0.9851,-0.1415,-1.6175,0.993,-0.1591,-1.5712
20.896,square,0.9849,-0.1446,-1.6175,0.993,-0.1623,-1.5712
20.912,square,0.9848,-0.1478,-1.6175,0.993,-0.1655,-1.5712
20.928,square,0.9846,-0.151,-1.6175,0.993,-0.1687,-1.5712
20.944,square,0.9845,-0.1541,-1.6175,0.993,-0.1719,-1.5712
20.96,square,0.9843,-0.1573,-1.6175,0.993,-0.1751,-1.5712
20.976,square,0.9842,-0.1605,-1.6175,0.993,-0.1783,-1.5712
20.992,square,0.9841,-0.1637,-1.6175,0.993,-0.1815,-1.5712
21.008,square,0.9839,-0.1668,-1.6175,0.993,-0.1847,-1.5712
21.024,square,0.9838,-0.17,-1.6175,0.993,-0.1879,-1.5712
21.04,square,0.9836,-0.1732,-1.6175,0.993,-0.1911,-1.5712
21.056,square,0.9835,-0.1763,-1.6175,0.993,-0.1943,-1.5712
21.072,square,0.9833,-0.1795,-1.6175,0.9929,-0.1975,-1.5712
21.088,square,0.9832,-0.1827,-1.6175,0.9929,-0.2007,-1.5712
21.104,square,0.983,-0.1858,-1.6175,0.9929,-0.2039,-1.5712
21.12,square,0.9829,-0.189,-1.6175,0.9929,-0.2071,-1.5712
21.136,square,0.9827,-0.1922,-1.6175,0.9929,-0.2103,-1.5712
21.152,square,0.9826,-0.1953,-1.6175,0.9929,-0.2135,-1.5712
21.168,square,0.9824,-0.1985,-1.6175,0.9929,-0.2167,-1.5712
21.184,square,0.9823,-0.2017,-1.6175,0.9929,-0.2199,-1.5712
21.2,square,0.9821,-0.2048,-1.6175,0.9929,-0.2231,-1.5712
21.216,square,0.982,-0.208,-1.6175,0.9929,-0.2263,-1.5712
21.232,square,0.9818,-0.2112,-1.6175,0.9929,-0.2295,-1.5712
21.248,square,0.9817,-0.2143,-1.6175,0.9929,-0.2327,-1.5712
21.264,square,0.9815,-0.2175,-1.6175,0.9929,-0.2359,-1.5712
21.28,square,0.9814,-0.2207,-1.6175,0.9929,-0.2391,-1.5712
21.296,square,0.9812,-0.2239,-1.6175,0.9929,-0.2423,-1.5712
21.312,square,0.9811,-0.227,-1.6175,0.9929,-0.2455,-1.5712
21.328,square,0.9809,-0.2302,-1.6175,0.9929,-0.2487,-1.5712
21.344,square,0.9808,-0.2334,-1.6175,0.9929,-0.2519,-1.5712
21.36,square,0.9806,-0.2365,-1.6175,0.9929,-0.2551,-1.5712
21.376,square,0.9805,-0.2397,-1.6175,0.9929,-0.2583,-1.5712
21.392,square,0.9803,-0.2429,-1.6175,0.9929,-0.2615,-1.5712
21.408,square,0.9802,-0.246,-1.6175,0.9929,-0.2647,-1.5712
21.424,square,0.9801,-0.2492,-1.6175,0.9929,-0.2679,-1.5712
21.44,square,0.9799,-0.2524,-1.6175,0.9929,-0.2711,-1.5712
21.456,square,0.9798,-0.2555,-1.6175,0.9929,-0.2743,-1.5712
21.472,square,0.9796,-0.2587,-1.6175,0.9929,-0.2775,-1.5712
21.488,square,0.9795,-0.2619,-1.6175,0.9929,-0.2807,-1.5712
21.504,square,0.9793,-0.265,-1.6175,0.9929,-0.2839,-1.5712
21.52,square,0.9792,-0.2682,-1.6175,0.9929,-0.2871,-1.5712
21.536,square,0.979,-0.2714,-1.6175,0.9929,-0.2903,-1.5712
21.552,square,0.9789,-0.2745,-1.6175,0.9929,-0.2935,-1.5712
21.568,square,0.9787,-0.2777,-1.6175,0.9929,-0.2967,-1.5712
21.584,square,0.9786,-0.2809,-1.6175,0.9929,-0.2999,-1.5712
21.6,square,0.9785,-0.2828,-1.6169,0.9929,-0.2999,-1.5586
21.616,square,0.9785,-0.2837,-1.6124,0.9929,-0.2999,-1.546
21.632,square,0.9785,-0.2839,-1.6019,0.9929,-0.2999,-1.5335
21.648,square,0.9785,-0.2839,-1.5895,0.9929,-0.2999,-1.5209
21.664,square,0.9785,-0.2839,-1.577,0.9929,-0.2999,-1.5083
21.68,square,0.9785,-0.2839,-1.5646,0.9929,-0.2999,-1.4958
21.696,square,0.9785,-0.2839,-1.5521,0.9929,-0.2999,-1.4832
21.712,square,0.9785,-0.2839,-1.5396,0.9929,-0.2999,-1.4706
21.728,square,0.9785,-0.2839,-1.5272,0.9929,-0.2999,-1.4581
21.744,square,0.9785,-0.2839,-1.5147,0.9929,-0.2999,-1.4455
21.76,square,0.9785,-0.2839,-1.5023,0.9929,-0.2999,-1.4329
21.776,square,0.9785,-0.2839,-1.4898,0.9929,-0.2999,-1.4204
21.792,square,0.9785,-0.2839,-1.4774,0.9929,-0.2999,-1.4078
21.808,square,0.9785,-0.2839,-1.4649,0.9929,-0.2999,-1.3952
21.824,square,0.9785,-0.2839,-1.4525,0.9929,-0.2999,-1.3827
21.84,square,0.9785,-0.2839,-1.44,0.9929,-0.2999,-1.3701
21.856,square,0.9785,-0.2839,-1.4276,0.9929,-0.2999,-1.3576
21.872,square,0.9785,-0.2839,-1.4151,0.9929,-0.2999,-1.345
21.888,square,0.9785,-0.2839,-1.4027,0.9929,-0.2999,-1.3324
21.904,square,0.9785,-0.2839,-1.3902,0.9929,-0.2999,-1.3199
21.92,square,0.9785,-0.2839,-1.3777,0.9929,-0.2999,-1.3073
21.936,square,0.9785,-0.2839,-1.3653,0.9929,-0.2999,-1.2947
21.952,square,0.9785,-0.2839,-1.3528,0.9929,-0.2999,-1.2822
21.968,square,0.9785,-0.2839,-1.3404,0.9929,-0.2999,-1.2696
21.984,square,0.9785,-0.2839,-1.3279,0.9929,-0.2999,-1.257
22.0,square,0.9785,-0.2839,-1.3155,0.9929,-0.2999,-1.2445
22.016,square,0.9785,-0.2839,-1.303,0.9929,-0.2999,-1.2319
22.032,square,0.9785,-0.2839,-1.2906,0.9929,-0.2999,-1.2193
22.048,square,0.9785,-0.2839,-1.2781,0.9929,-0.2999,-1.2068
22.064,square,0.9785,-0.2839,-1.2657,0.9929,-0.2999,-1.1942
22.08,square,0.9785,-0.2839,-1.2532,0.9929,-0.2999,-1.1816
22.096,square,0.9785,-0.2839,-1.2408,0.9929,-0.2999,-1.1691
22.112,square,0.9785,-0.2839,-1.2283,0.9929,-0.2999,-1.1565
22.128,square,0.9785,-0.2839,-1.2159,0.9929,-0.2999,-1.1439
22.144,square,0.9785,-0.2839,-1.2034,0.9929,-0.2999,-1.1314
22.16,square,0.9785,-0.2839,-1.191,0.9929,-0.2999,-1.1188
22.176,square,0.9785,-0.2839,-1.1785,0.9929,-0.2999,-1.1062
22.192,square,0.9785,-0.2839,-1.1661,0.9929,-0.2999,-1.0937
22.208,square,0.9785,-0.2839,-1.1536,0.9929,-0.2999,-1.0811
22.224,square,0.9785,-0.2839,-1.1412,0.9929,-0.2999,-1.0685
22.24,square,0.9785,-0.2839,-1.1287,0.9929,-0.2999,-1.056
22.256,square,0.9785,-0.2839,-1.1163,0.9929,-0.2999,-1.0434
22.272,square,0.9785,-0.2839,-1.1038,0.9929,-0.2999,-1.0308
22.288,square,0.9785,-0.2839,-1.0914,0.9929,-0.2999,-1.0183
22.304,square,0.9785,-0.2839,-1.0789,0.9929,-0.2999,-1.0057
22.32,square,0.9785,-0.2839,-1.0665,0.9929,-0.2999,-0.9932
22.336,square,0.9785,-0.2839,-1.054,0.9929,-0.2999,-0.9806
22.352,square,0.9785,-0.2839,-1.0415,0.9929,-0.2999,-0.968
22.368,square,0.9785,-0.2839,-1.0291,0.9929,-0.2999,-0.9555
22.384,square,0.9785,-0.2839,-1.0166,0.9929,-0.2999,-0.9429
22.4,square,0.9785,-0.2839,-1.0042,0.9929,-0.2999,-0.9303
22.416,square,0.9785,-0.2839,-0.9917,0.9929,-0.2999,-0.9178
22.432,square,0.9785,-0.2839,-0.9793,0.9929,-0.2999,-0.9052
22.448,square,0.9785,-0.2839,-0.9668,0.9929,-0.2999,-0.8926
22.464,square,0.9785,-0.2839,-0.9544,0.9929,-0.2999,-0.8801
22.48,square,0.9785,-0.2839,-0.9419,0.9929,-0.2999,-0.8675
22.496,square,0.9785,-0.2839,-0.9295,0.9929,-0.2999,-0.8549
22.512,square,0.9785,-0.2839,-0.917,0.9929,-0.2999,-0.8424
22.528,square,0.9785,-0.2839,-0.9046,0.9929,-0.2999,-0.8298
22.544,square,0.9785,-0.2839,-0.8921,0.9929,-0.2999,-0.8172
22.56,square,0.9785,-0.2839,-0.8797,0.9929,-0.2999,-0.8047
22.576,square,0.9785,-0.2839,-0.8672,0.9929,-0.2999,-0.7921
22.592,square,0.9785,-0.2839,-0.8548,0.9929,-0.2999,-0.7795
22.608,square,0.9785,-0.2839,-0.8423,0.9929,-0.2999,-0.767
22.624,square,0.9785,-0.2839,-0.8299,0.9929,-0.2999,-0.7544
22.64,square,0.9785,-0.2839,-0.8174,0.9929,-0.2999,-0.7418
22.656,square,0.9785,-0.2839,-0.805,0.9929,-0.2999,-0.7293
22.672,square,0.9785,-0.2839,-0.7925,0.9929,-0.2999,-0.7167
22.688,square,0.9785,-0.2839,-0.7801,0.9929,-0.2999,-0.7041
22.704,square,0.9785,-0.2839,-0.7676,0.9929,-0.2999,-0.6916
22.72,square,0.9785,-0.2839,-0.7552,0.9929,-0.2999,-0.679
22.736,square,0.9785,-0.2839,-0.7427,0.9929,-0.2999,-0.6665
22.752,square,0.9785,-0.2839,-0.7303,0.9929,-0.2999,-0.6539
22.768,square,0.9785,-0.2839,-0.7178,0.9929,-0.2999,-0.6413
22.784,square,0.9785,-0.2839,-0.7053,0.9929,-0.2999,-0.6288
22.8,square,0.9785,-0.2839,-0.6929,0.9929,-0.2999,-0.6162
22.816,square,0.9785,-0.2839,-0.6804,0.9929,-0.2999,-0.6036
22.832,square,0.9785,-0.2839,-0.668,0.9929,-0.2999,-0.5911
22.848,square,0.9785,-0.2839,-0.6555,0.9929,-0.2999,-0.5785
22.864,square,0.9785,-0.2839,-0.6431,0.9929,-0.2999,-0.5659
22.88,square,0.9785,-0.2839,-0.6306,0.9929,-0.2999,-0.5534
22.896,square,0.9785,-0.2839,-0.6182,0.9929,-0.2999,-0.5408
22.912,square,0.9785,-0.2839,-0.6057,0.9929,-0.2999,-0.5282
22.928,square,0.9785,-0.2839,-0.5933,0.9929,-0.2999,-0.5157
22.944,square,0.9785,-0.2839,-0.5808,0.9929,-0.2999,-0.5031
22.96,square,0.9785,-0.2839,-0.5684,0.9929,-0.2999,-0.4905
22.976,square,0.9785,-0.2839,-0.5559,0.9929,-0.2999,-0.478
22.992,square,0.9785,-0.2839,-0.5435,0.9929,-0.2999,-0.4654
23.008,square,0.9785,-0.2839,-0.531,0.9929,-0.2999,-0.4528
23.024,square,0.9785,-0.2839,-0.5186,0.9929,-0.2999,-0.4403
23.04,square,0.9785,-0.2839,-0.5061,0.9929,-0.2999,-0.4277
23.056,square,0.9785,-0.2839,-0.4937,0.9929,-0.2999,-0.4151
23.072,square,0.9785,-0.2839,-0.4812,0.9929,-0.2999,-0.4026
23.088,square,0.9785,-0.2839,-0.4688,0.9929,-0.2999,-0.39
23.104,square,0.9785,-0.2839,-0.4563,0.9929,-0.2999,-0.3774
23.12,square,0.9785,-0.2839,-0.4439,0.9929,-0.2999,-0.3649
23.136,square,0.9785,-0.2839,-0.4314,0.9929,-0.2999,-0.3523
23.152,square,0.9785,-0.2839,-0.419,0.9929,-0.2999,-0.3398
23.168,square,0.9785,-0.2839,-0.4065,0.9929,-0.2999,-0.3272
23.184,square,0.9785,-0.2839,-0.3941,0.9929,-0.2999,-0.3146
23.2,square,0.9785,-0.2839,-0.3816,0.9929,-0.2999,-0.3021
23.216,square,0.9785,-0.2839,-0.3692,0.9929,-0.2999,-0.2895
23.232,square,0.9785,-0.2839,-0.3567,0.9929,-0.2999,-0.2769
23.248,square,0.9785,-0.2839,-0.3442,0.9929,-0.2999,-0.2644
23.264,square,0.9785,-0.2839,-0.3318,0.9929,-0.2999,-0.2518
23.28,square,0.9785,-0.2839,-0.3193,0.9929,-0.2999,-0.2392
23.296,square,0.9785,-0.2839,-0.3069,0.9929,-0.2999,-0.2267
23.312,square,0.9785,-0.2839,-0.2944,0.9929,-0.2999,-0.2141
23.328,square,0.9785,-0.2839,-0.282,0.9929,-0.2999,-0.2015
23.344,square,0.9785,-0.2839,-0.2695,0.9929,-0.2999,-0.189
23.36,square,0.9785,-0.2839,-0.2571,0.9929,-0.2999,-0.1764
23.376,square,0.9785,-0.2839,-0.2446,0.9929,-0.2999,-0.1638
23.392,square,0.9785,-0.2839,-0.2322,0.9929,-0.2999,-0.1513
23.408,square,0.9785,-0.2839,-0.2197,0.9929,-0.2999,-0.1387
23.424,square,0.9785,-0.2839,-0.2073,0.9929,-0.2999,-0.1261
23.44,square,0.9785,-0.2839,-0.1948,0.9929,-0.2999,-0.1136
23.456,square,0.9785,-0.2839,-0.1824,0.9929,-0.2999,-0.101
23.472,square,0.9785,-0.2839,-0.1699,0.9929,-0.2999,-0.0884
23.488,square,0.9785,-0.2839,-0.1575,0.9929,-0.2999,-0.0759
23.504,square,0.9785,-0.2839,-0.145,0.9929,-0.2999,-0.0633
23.52,square,0.9785,-0.2839,-0.1326,0.9929,-0.2999,-0.0507
23.536,square,0.9785,-0.2839,-0.1201,0.9929,-0.2999,-0.0382
23.552,square,0.9785,-0.2839,-0.1077,0.9929,-0.2999,-0.0256
23.568,square,0.9785,-0.2839,-0.0952,0.9929,-0.2999,-0.0131
23.584,square,0.9785,-0.2839,-0.0828,0.9929,-0.2999,-0.0005
23.6,square,0.9785,-0.2839,-0.0828,0.9929,-0.2999,-0.0005
23.616,square,0.9785,-0.2839,-0.0828,0.9929,-0.2999,-0.0005
23.632,square,0.9785,-0.2839,-0.0828,0.9929,-0.2999,-0.0005
23.648,square,0.9785,-0.2839,-0.0828,0.9929,-0.2999,-0.0005
23.664,square,0.9785,-0.2839,-0.0828,0.9929,-0.2999,-0.0005
23.68,square,0.9785,-0.2839,-0.0828,0.9929,-0.2999,-0.0005
23.696,square,0.9785,-0.2839,-0.0828,0.9929,-0.2999,-0.0005
23.712,square,0.9785,-0.2839,-0.0828,0.9929,-0.2999,-0.0005
23.728,square,0.9785,-0.2839,-0.0828,0.9929,-0.2999,-0.0005
23.744,square,0.9785,-0.2839,-0.0828,0.9929,-0.2999,-0.0005
23.76,square,0.9785,-0.2839,-0.0828,0.9929,-0.2999,-0.0005
23.776,square,0.9785,-0.2839,-0.0828,0.9929,-0.2999,-0.0005
23.792,square,0.9785,-0.2839,-0.0828,0.9929,-0.2999,-0.0005
23.808,square,0.9785,-0.2839,-0.0828,0.9929,-0.2999,-0.0005
23.824,square,0.9785,-0.2839,-0.0828,0.9929,-0.2999,-0.0005
23.84,square,0.9785,-0.2839,-0.0828,0.9929,-0.2999,-0.0005
23.856,square,0.9785,-0.2839,-0.0828,0.9929,-0.2999,-0.0005
23.872,square,0.9785,-0.2839,-0.0828,0.9929,-0.2999,-0.0005
23.888,square,0.9785,-0.2839,-0.0828,0.9929,-0.2999,-0.0005
23.904,square,0.9785,-0.2839,-0.0828,0.9929,-0.2999,-0.0005
23.92,square,0.9785,-0.2839,-0.0828,0.9929,-0.2999,-0.0005
23.936,square,0.9785,-0.2839,-0.0828,0.9929,-0.2999,-0.0005
23.952,square,0.9785,-0.2839,-0.0828,0.9929,-0.2999,-0.0005
23.968,square,0.9785,-0.2839,-0.0828,0.9929,-0.2999,-0.0005
23.984,square,0.9785,-0.2839,-0.0828,0.9929,-0.2999,-0.0005
24.0,square,0.9785,-0.2839,-0.0828,0.9929,-0.2999,-0.0005
24.016,square,0.9785,-0.2839,-0.0828,0.9929,-0.2999,-0.0005
24.032,square,0.9785,-0.2839,-0.0828,0.9929,-0.2999,-0.0005
24.048,square,0.9785,-0.2839,-0.0828,0.9929,-0.2999,-0.0005
24.064,square,0.9785,-0.2839,-0.0828,0.9929,-0.2999,-0.0005
24.08,square,0.9785,-0.2839,-0.0828,0.9929,-0.2999,-0.0005
24.096,square,0.9785,-0.2839,-0.0828,0.9929,-0.2999,-0.0005
24.112,arc,0.9797,-0.2841,-0.0818,0.9808,-0.2841,-0.0764
24.128,arc,0.982,-0.2843,-0.0766,0.9832,-0.2843,-0.07
24.144,arc,0.9843,-0.2845,-0.0703,0.9856,-0.2845,-0.0636
24.16,arc,0.9867,-0.2846,-0.0639,0.988,-0.2846,-0.0572
24.176,arc,0.9891,-0.2848,-0.0576,0.9904,-0.2847,-0.0508
24.192,arc,0.9915,-0.2849,-0.0513,0.9928,-0.2849,-0.0444
24.208,arc,0.9938,-0.285,-0.0449,0.9952,-0.285,-0.038
24.224,arc,0.9962,-0.2851,-0.0386,0.9976,-0.285,-0.0316
24.24,arc,0.9986,-0.2852,-0.0322,1.0,-0.2851,-0.0252
24.256,arc,1.001,-0.2853,-0.0259,1.0024,-0.2852,-0.0188
24.272,arc,1.0034,-0.2853,-0.0195,1.0048,-0.2852,-0.0124
24.288,arc,1.0057,-0.2854,-0.0132,1.0072,-0.2852,-0.006
24.304,arc,1.0081,-0.2854,-0.0069,1.0096,-0.2852,0.0004
24.32,arc,1.0105,-0.2854,-0.0005,1.012,-0.2852,0.0068
24.336,arc,1.0129,-0.2854,0.0058,1.0144,-0.2852,0.0132
24.352,arc,1.0152,-0.2854,0.0122,1.0168,-0.2852,0.0196
24.368,arc,1.0176,-0.2853,0.0185,1.0192,-0.2851,0.026
24.384,arc,1.02,-0.2853,0.0248,1.0216,-0.285,0.0324
24.4,arc,1.0224,-0.2852,0.0312,1.024,-0.285,0.0388
24.416,arc,1.0248,-0.2851,0.0375,1.0264,-0.2848,0.0451
24.432,arc,1.0271,-0.285,0.0439,1.0288,-0.2847,0.0515
24.448,arc,1.0295,-0.2849,0.0502,1.0312,-0.2846,0.0579
24.464,arc,1.0319,-0.2848,0.0566,1.0336,-0.2845,0.0643
24.48,arc,1.0343,-0.2847,0.0629,1.036,-0.2843,0.0707
24.496,arc,1.0366,-0.2845,0.0692,1.0384,-0.2841,0.0771
24.512,arc,1.039,-0.2843,0.0756,1.0408,-0.2839,0.0835
24.528,arc,1.0414,-0.2842,0.0819,1.0432,-0.2837,0.0899
24.544,arc,1.0438,-0.284,0.0883,1.0455,-0.2835,0.0963
24.56,arc,1.0461,-0.2837,0.0946,1.0479,-0.2833,0.1027
24.576,arc,1.0485,-0.2835,0.101,1.0503,-0.283,0.1091
24.592,arc,1.0509,-0.2833,0.1073,1.0527,-0.2827,0.1155
24.608,arc,1.0532,-0.283,0.1136,1.0551,-0.2824,0.1219
24.624,arc,1.0556,-0.2827,0.12,1.0575,-0.2821,0.1283
24.64,arc,1.0579,-0.2824,0.1263,1.0598,-0.2818,0.1347
24.656,arc,1.0603,-0.2821,0.1327,1.0622,-0.2815,0.1411
24.672,arc,1.0627,-0.2818,0.139,1.0646,-0.2812,0.1475
24.688,arc,1.065,-0.2815,0.1453,1.067,-0.2808,0.1539
24.704,arc,1.0674,-0.2811,0.1517,1.0693,-0.2804,0.1603
24.72,arc,1.0697,-0.2807,0.158,1.0717,-0.28,0.1667
24.736,arc,1.0721,-0.2804,0.1644,1.0741,-0.2796,0.1731
24.752,arc,1.0744,-0.28,0.1707,1.0764,-0.2792,0.1795
24.768,arc,1.0768,-0.2796,0.1771,1.0788,-0.2788,0.1859
24.784,arc,1.0791,-0.2791,0.1834,1.0811,-0.2783,0.1923
24.8,arc,1.0814,-0.2787,0.1897,1.0835,-0.2779,0.1987
24.816,arc,1.0838,-0.2782,0.1961,1.0859,-0.2774,0.2051
24.832,arc,1.0861,-0.2778,0.2024,1.0882,-0.2769,0.2114
24.848,arc,1.0884,-0.2773,0.2088,1.0905,-0.2764,0.2178
24.864,arc,1.0908,-0.2768,0.2151,1.0929,-0.2758,0.2242
24.88,arc,1.0931,-0.2763,0.2215,1.0952,-0.2753,0.2306
24.896,arc,1.0954,-0.2757,0.2278,1.0976,-0.2747,0.237
24.912,arc,1.0977,-0.2752,0.2341,1.0999,-0.2742,0.2434
24.928,arc,1.1,-0.2746,0.2405,1.1022,-0.2736,0.2498
24.944,arc,1.1023,-0.2741,0.2468,1.1045,-0.273,0.2562
24.96,arc,1.1046,-0.2735,0.2532,1.1069,-0.2724,0.2626
24.976,arc,1.1069,-0.2729,0.2595,1.1092,-0.2717,0.269
24.992,arc,1.1092,-0.2723,0.2658,1.1115,-0.2711,0.2754
25.008,arc,1.1115,-0.2716,0.2722,1.1138,-0.2704,0.2818
25.024,arc,1.1138,-0.271,0.2785,1.1161,-0.2698,0.2882
25.04,arc,1.1161,-0.2703,0.2849,1.1184,-0.2691,0.2946
25.056,arc,1.1184,-0.2696,0.2912,1.1207,-0.2684,0.301
25.072,arc,1.1207,-0.2689,0.2976,1.123,-0.2676,0.3074
25.088,arc,1.1229,-0.2682,0.3039,1.1253,-0.2669,0.3138
25.104,arc,1.1252,-0.2675,0.3102,1.1275,-0.2662,0.3202
25.12,arc,1.1275,-0.2668,0.3166,1.1298,-0.2654,0.3266
25.136,arc,1.1297,-0.266,0.3229,1.1321,-0.2646,0.333
25.152,arc,1.132,-0.2653,0.3293,1.1343,-0.2638,0.3394
25.168,arc,1.1342,-0.2645,0.3356,1.1366,-0.263,0.3458
25.184,arc,1.1365,-0.2637,0.3419,1.1389,-0.2622,0.3522
25.2,arc,1.1387,-0.2629,0.3483,1.1411,-0.2614,0.3586
25.216,arc,1.1409,-0.2621,0.3546,1.1434,-0.2605,0.365
25.232,arc,1.1432,-0.2613,0.361,1.1456,-0.2597,0.3714
25.248,arc,1.1454,-0.2604,0.3673,1.1478,-0.2588,0.3777
25.264,arc,1.1476,-0.2596,0.3737,1.1501,-0.2579,0.3841
25.28,arc,1.1498,-0.2587,0.38,1.1523,-0.257,0.3905
25.296,arc,1.152,-0.2578,0.3863,1.1545,-0.2561,0.3969
25.312,arc,1.1542,-0.2569,0.3927,1.1567,-0.2551,0.4033
25.328,arc,1.1564,-0.256,0.399,1.1589,-0.2542,0.4097
25.344,arc,1.1586,-0.255,0.4054,1.1611,-0.2532,0.4161
25.36,arc,1.1608,-0.2541,0.4117,1.1633,-0.2522,0.4225
25.376,arc,1.163,-0.2531,0.418,1.1655,-0.2513,0.4289
25.392,arc,1.1652,-0.2522,0.4244,1.1677,-0.2502,0.4353
25.408,arc,1.1673,-0.2512,0.4307,1.1698,-0.2492,0.4417
25.424,arc,1.1695,-0.2502,0.4371,1.172,-0.2482,0.4481
25.44,arc,1.1716,-0.2492,0.4434,1.1742,-0.2471,0.4545
25.456,arc,1.1738,-0.2481,0.4498,1.1763,-0.2461,0.4609
25.472,arc,1.1759,-0.2471,0.4561,1.1785,-0.245,0.4673
25.488,arc,1.178,-0.246,0.4624,1.1806,-0.2439,0.4737
25.504,arc,1.1802,-0.245,0.4688,1.1827,-0.2428,0.4801
25.52,arc,1.1823,-0.2439,0.4751,1.1848,-0.2417,0.4865
25.536,arc,1.1844,-0.2428,0.4815,1.187,-0.2406,0.4929
25.552,arc,1.1865,-0.2417,0.4878,1.1891,-0.2394,0.4993
25.568,arc,1.1886,-0.2406,0.4942,1.1912,-0.2383,0.5057
25.584,arc,1.1907,-0.2394,0.5005,1.1933,-0.2371,0.5121
25.6,arc,1.1928,-0.2383,0.5068,1.1954,-0.2359,0.5185
25.616,arc,1.1949,-0.2371,0.5132,1.1974,-0.2347,0.5249
25.632,arc,1.1969,-0.236,0.5195,1.1995,-0.2335,0.5313
25.648,arc,1.199,-0.2348,0.5259,1.2016,-0.2323,0.5377
25.664,arc,1.201,-0.2336,0.5322,1.2036,-0.2311,0.5441
25.68,arc,1.2031,-0.2324,0.5385,1.2057,-0.2298,0.5504
25.696,arc,1.2051,-0.2311,0.5449,1.2077,-0.2286,0.5568
25.712,arc,1.2072,-0.2299,0.5512,1.2098,-0.2273,0.5632
25.728,arc,1.2092,-0.2286,0.5576,1.2118,-0.226,0.5696
25.744,arc,1.2112,-0.2274,0.5639,1.2138,-0.2247,0.576
25.76,arc,1.2132,-0.2261,0.5703,1.2158,-0.2234,0.5824
25.776,arc,1.2152,-0.2248,0.5766,1.2178,-0.2221,0.5888
25.792,arc,1.2172,-0.2235,0.5829,1.2198,-0.2207,0.5952
25.808,arc,1.2192,-0.2222,0.5893,1.2218,-0.2194,0.6016
25.824,arc,1.2211,-0.2209,0.5956,1.2238,-0.218,0.608
25.84,arc,1.2231,-0.2195,0.602,1.2257,-0.2166,0.6144
25.856,arc,1.2251,-0.2182,0.6083,1.2277,-0.2152,0.6208
25.872,arc,1.227,-0.2168,0.6146,1.2296,-0.2138,0.6272
25.888,arc,1.229,-0.2154,0.621,1.2316,-0.2124,0.6336
25.904,arc,1.2309,-0.214,0.6273,1.2335,-0.211,0.64
25.92,arc,1.2328,-0.2126,0.6337,1.2354,-0.2096,0.6464
25.936,arc,1.2347,-0.2112,0.64,1.2373,-0.2081,0.6528
25.952,arc,1.2366,-0.2098,0.6464,1.2392,-0.2066,0.6592
25.968,arc,1.2385,-0.2084,0.6527,1.2411,-0.2052,0.6656
25.984,arc,1.2404,-0.2069,0.659,1.243,-0.2037,0.672
26.0,arc,1.2423,-0.2054,0.6654,1.2449,-0.2022,0.6784
26.016,arc,1.2442,-0.204,0.6717,1.2467,-0.2007,0.6848
26.032,arc,1.246,-0.2025,0.6781,1.2486,-0.1991,0.6912
26.048,arc,1.2479,-0.201,0.6844,1.2504,-0.1976,0.6976
26.064,arc,1.2497,-0.1995,0.6908,1.2523,-0.1961,0.704
26.08,arc,1.2515,-0.198,0.6971,1.2541,-0.1945,0.7104
26.096,arc,1.2533,-0.1964,0.7034,1.2559,-0.1929,0.7167
26.112,arc,1.2552,-0.1949,0.7098,1.2577,-0.1913,0.7231
26.128,arc,1.257,-0.1933,0.7161,1.2595,-0.1898,0.7295
26.144,arc,1.2587,-0.1918,0.7225,1.2613,-0.1881,0.7359
26.16,arc,1.2605,-0.1902,0.7288,1.2631,-0.1865,0.7423
26.176,arc,1.2623,-0.1886,0.7351,1.2648,-0.1849,0.7487
26.192,arc,1.2641,-0.187,0.7415,1.2666,-0.1833,0.7551
26.208,arc,1.2658,-0.1854,0.7478,1.2683,-0.1816,0.7615
26.224,arc,1.2675,-0.1837,0.7542,1.27,-0.18,0.7679
26.24,arc,1.2693,-0.1821,0.7605,1.2718,-0.1783,0.7743
26.256,arc,1.271,-0.1805,0.7669,1.2735,-0.1766,0.7807
26.272,arc,1.2727,-0.1788,0.7732,1.2752,-0.1749,0.7871
26.288,arc,1.2744,-0.1771,0.7795,1.2769,-0.1732,0.7935
26.304,arc,1.2761,-0.1755,0.7859,1.2785,-0.1715,0.7999
26.32,arc,1.2778,-0.1738,0.7922,1.2802,-0.1698,0.8063
26.336,arc,1.2794,-0.1721,0.7986,1.2819,-0.168,0.8127
26.352,arc,1.2811,-0.1704,0.8049,1.2835,-0.1663,0.8191
26.368,arc,1.2827,-0.1687,0.8112,1.2851,-0.1645,0.8255
26.384,arc,1.2844,-0.1669,0.8176,1.2868,-0.1627,0.8319
26.4,arc,1.286,-0.1652,0.8239,1.2884,-0.161,0.8383
26.416,arc,1.2876,-0.1634,0.8303,1.29,-0.1592,0.8447
26.432,arc,1.2892,-0.1617,0.8366,1.2916,-0.1574,0.8511
26.448,arc,1.2908,-0.1599,0.843,1.2931,-0.1556,0.8575
26.464,arc,1.2924,-0.1581,0.8493,1.2947,-0.1538,0.8639
26.48,arc,1.2939,-0.1563,0.8556,1.2963,-0.1519,0.8703
26.496,arc,1.2955,-0.1545,0.862,1.2978,-0.1501,0.8767
26.512,arc,1.297,-0.1527,0.8683,1.2993,-0.1482,0.883
26.528,arc,1.2986,-0.1509,0.8747,1.3008,-0.1464,0.8894
26.544,arc,1.3001,-0.1491,0.881,1.3023,-0.1445,0.8958
26.56,arc,1.3016,-0.1472,0.8874,1.3038,-0.1426,0.9022
26.576,arc,1.3031,-0.1454,0.8937,1.3053,-0.1407,0.9086
26.592,arc,1.3046,-0.1435,0.9,1.3068,-0.1388,0.915
26.608,arc,1.306,-0.1417,0.9064,1.3082,-0.1369,0.9214
26.624,arc,1.3075,-0.1398,0.9127,1.3097,-0.135,0.9278
26.64,arc,1.3089,-0.1379,0.9191,1.3111,-0.1331,0.9342
26.656,arc,1.3104,-0.136,0.9254,1.3125,-0.1312,0.9406
26.672,arc,1.3118,-0.1341,0.9317,1.3139,-0.1292,0.947
26.688,arc,1.3132,-0.1322,0.9381,1.3153,-0.1273,0.9534
26.704,arc,1.3146,-0.1303,0.9444,1.3167,-0.1253,0.9598
26.72,arc,1.316,-0.1283,0.9508,1.3181,-0.1233,0.9662
26.736,arc,1.3174,-0.1264,0.9571,1.3195,-0.1214,0.9726
26.752,arc,1.3188,-0.1244,0.9635,1.3208,-0.1194,0.979
26.768,arc,1.3201,-0.1225,0.9698,1.3221,-0.1174,0.9854
26.784,arc,1.3214,-0.1205,0.9761,1.3235,-0.1154,0.9918
26.8,arc,1.3228,-0.1185,0.9825,1.3248,-0.1134,0.9982
26.816,arc,1.3241,-0.1166,0.9888,1.3261,-0.1113,1.0046
26.832,arc,1.3254,-0.1146,0.9952,1.3273,-0.1093,1.011
26.848,arc,1.3267,-0.1126,1.0015,1.3286,-0.1073,1.0174
26.864,arc,1.328,-0.1106,1.0078,1.3299,-0.1052,1.0238
26.88,arc,1.3292,-0.1085,1.0142,1.3311,-0.1032,1.0302
26.896,arc,1.3305,-0.1065,1.0205,1.3323,-0.1011,1.0366
26.912,arc,1.3317,-0.1045,1.0269,1.3335,-0.099,1.043
26.928,arc,1.3329,-0.1024,1.0332,1.3347,-0.097,1.0493
26.944,arc,1.3341,-0.1004,1.0396,1.3359,-0.0949,1.0557
26.96,arc,1.3353,-0.0983,1.0459,1.3371,-0.0928,1.0621
26.976,arc,1.3365,-0.0963,1.0522,1.3383,-0.0907,1.0685
26.992,arc,1.3377,-0.0942,1.0586,1.3394,-0.0886,1.0749
27.008,arc,1.3389,-0.0921,1.0649,1.3406,-0.0865,1.0813
27.024,arc,1.34,-0.0901,1.0713,1.3417,-0.0843,1.0877
27.04,arc,1.3411,-0.088,1.0776,1.3428,-0.0822,1.0941
27.056,arc,1.3423,-0.0859,1.0839,1.3439,-0.0801,1.1005
27.072,arc,1.3434,-0.0838,1.0903,1.345,-0.0779,1.1069
27.088,arc,1.3445,-0.0816,1.0966,1.346,-0.0758,1.1133
27.104,arc,1.3455,-0.0795,1.103,1.3471,-0.0736,1.1197
27.12,arc,1.3466,-0.0774,1.1093,1.3481,-0.0715,1.1261
27.136,arc,1.3477,-0.0753,1.1157,1.3491,-0.0693,1.1325
27.152,arc,1.3487,-0.0731,1.122,1.3501,-0.0671,1.1389
27.168,arc,1.3497,-0.071,1.1283,1.3511,-0.0649,1.1453
27.184,arc,1.3507,-0.0688,1.1347,1.3521,-0.0628,1.1517
27.2,arc,1.3517,-0.0667,1.141,1.3531,-0.0606,1.1581
27.216,arc,1.3527,-0.0645,1.1474,1.3541,-0.0584,1.1645
27.232,arc,1.3537,-0.0623,1.1537,1.355,-0.0562,1.1709
27.248,arc,1.3546,-0.0601,1.1601,1.3559,-0.0539,1.1773
27.264,arc,1.3556,-0.058,1.1664,1.3568,-0.0517,1.1837
27.28,arc,1.3565,-0.0558,1.1727,1.3577,-0.0495,1.1901
27.296,arc,1.3574,-0.0536,1.1791,1.3586,-0.0473,1.1965
27.312,arc,1.3583,-0.0514,1.1854,1.3595,-0.045,1.2029
27.328,arc,1.3592,-0.0492,1.1918,1.3603,-0.0428,1.2093
27.344,arc,1.3601,-0.047,1.1981,1.3612,-0.0405,1.2157
27.36,arc,1.361,-0.0447,1.2044,1.362,-0.0383,1.222
27.376,arc,1.3618,-0.0425,1.2108,1.3628,-0.036,1.2284
27.392,arc,1.3626,-0.0403,1.2171,1.3636,-0.0338,1.2348
27.408,arc,1.3635,-0.0381,1.2235,1.3644,-0.0315,1.2412
27.424,arc,1.3643,-0.0358,1.2298,1.3652,-0.0292,1.2476
27.44,arc,1.365,-0.0336,1.2362,1.3659,-0.027,1.254
27.456,arc,1.3658,-0.0313,1.2425,1.3667,-0.0247,1.2604
27.472,arc,1.3666,-0.0291,1.2488,1.3674,-0.0224,1.2668
27.488,arc,1.3673,-0.0268,1.2552,1.3681,-0.0201,1.2732
27.504,arc,1.3681,-0.0245,1.2615,1.3688,-0.0178,1.2796
27.52,arc,1.3688,-0.0223,1.2679,1.3695,-0.0155,1.286
27.536,arc,1.3695,-0.02,1.2742,1.3702,-0.0132,1.2924
27.552,arc,1.3702,-0.0177,1.2805,1.3708,-0.0109,1.2988
27.568,arc,1.3708,-0.0154,1.2869,1.3714,-0.0086,1.3052
27.584,arc,1.3715,-0.0132,1.2932,1.3721,-0.0063,1.3116
27.6,arc,1.3721,-0.0109,1.2996,1.3727,-0.0039,1.318
27.616,arc,1.3728,-0.0086,1.3059,1.3733,-0.0016,1.3244
27.632,arc,1.3734,-0.0063,1.3123,1.3738,0.0007,1.3308
27.648,arc,1.374,-0.004,1.3186,1.3744,0.0031,1.3372
27.664,arc,1.3746,-0.0017,1.3249,1.375,0.0054,1.3436
27.68,arc,1.3752,0.0006,1.3313,1.3755,0.0077,1.35
27.696,arc,1.3757,0.003,1.3376,1.376,0.0101,1.3564
27.712,arc,1.3763,0.0053,1.344,1.3765,0.0124,1.3628
27.728,arc,1.3768,0.0076,1.3503,1.377,0.0148,1.3692
27.744,arc,1.3773,0.0099,1.3567,1.3775,0.0171,1.3756
27.76,arc,1.3778,0.0122,1.363,1.3779,0.0195,1.382
27.776,arc,1.3783,0.0146,1.3693,1.3784,0.0218,1.3883
27.792,arc,1.3787,0.0169,1.3757,1.3788,0.0242,1.3947
27.808,arc,1.3792,0.0192,1.382,1.3792,0.0266,1.4011
27.824,arc,1.3796,0.0216,1.3884,1.3796,0.0289,1.4075
27.84,arc,1.3801,0.0239,1.3947,1.38,0.0313,1.4139
27.856,arc,1.3805,0.0263,1.401,1.3804,0.0337,1.4203
27.872,arc,1.3809,0.0286,1.4074,1.3807,0.036,1.4267
27.888,arc,1.3813,0.0309,1.4137,1.381,0.0384,1.4331
27.904,arc,1.3816,0.0333,1.4201,1.3814,0.0408,1.4395
27.92,arc,1.382,0.0357,1.4264,1.3817,0.0432,1.4459
27.936,arc,1.3823,0.038,1.4328,1.382,0.0456,1.4523
27.952,arc,1.3826,0.0404,1.4391,1.3822,0.0479,1.4587
27.968,arc,1.3829,0.0427,1.4454,1.3825,0.0503,1.4651
27.984,arc,1.3832,0.0451,1.4518,1.3827,0.0527,1.4715
28.0,arc,1.3835,0.0474,1.4581,1.383,0.0551,1.4779
28.016,arc,1.3838,0.0498,1.4645,1.3832,0.0575,1.4843
28.032,arc,1.384,0.0522,1.4708,1.3834,0.0599,1.4907
28.048,arc,1.3842,0.0545,1.4771,1.3836,0.0623,1.4971
28.064,arc,1.3844,0.0569,1.4835,1.3837,0.0647,1.5035
28.08,arc,1.3846,0.0593,1.4898,1.3839,0.0671,1.5099
28.096,arc,1.3848,0.0617,1.4962,1.384,0.0695,1.5163
28.112,arc,1.385,0.064,1.5025,1.3842,0.0719,1.5227
28.128,arc,1.3852,0.0664,1.5089,1.3843,0.0742,1.5291
28.144,arc,1.3853,0.0688,1.5152,1.3844,0.0766,1.5355
28.16,arc,1.3854,0.0712,1.5215,1.3844,0.079,1.5419
28.176,arc,1.3855,0.0735,1.5279,1.3845,0.0814,1.5483
28.192,arc,1.3856,0.0759,1.5342,1.3845,0.0838,1.5546
28.208,arc,1.3857,0.0783,1.5406,1.3846,0.0862,1.561
28.224,arc,1.3858,0.0807,1.5469,1.3846,0.0886,1.5674
28.24,arc,1.3858,0.083,1.5533,1.3846,0.091,1.5738
28.256,arc,1.3859,0.0854,1.5596,1.3846,0.0934,1.5802
28.272,arc,1.3859,0.0878,1.5659,1.3846,0.0958,1.5866
28.288,arc,1.3859,0.0902,1.5723,1.3845,0.0982,1.593
28.304,arc,1.3859,0.0926,1.5786,1.3844,0.1006,1.5994
28.32,arc,1.3858,0.0949,1.585,1.3844,0.103,1.6058
28.336,arc,1.3858,0.0973,1.5913,1.3843,0.1054,1.6122
28.352,arc,1.3858,0.0997,1.5976,1.3842,0.1078,1.6186
28.368,arc,1.3857,0.1021,1.604,1.384,0.1102,1.625
28.384,arc,1.3856,0.1044,1.6103,1.3839,0.1126,1.6314
28.4,arc,1.3855,0.1068,1.6167,1.3838,0.115,1.6378
28.416,arc,1.3854,0.1092,1.623,1.3836,0.1174,1.6442
28.432,arc,1.3852,0.1116,1.6294,1.3834,0.1198,1.6506
28.448,arc,1.3851,0.114,1.6357,1.3832,0.1222,1.657
28.464,arc,1.3849,0.1163,1.642,1.383,0.1246,1.6634
28.48,arc,1.3848,0.1187,1.6484,1.3828,0.127,1.6698
28.496,arc,1.3846,0.1211,1.6547,1.3825,0.1294,1.6762
28.512,arc,1.3844,0.1234,1.6611,1.3823,0.1317,1.6826
28.528,arc,1.3841,0.1258,1.6674,1.382,0.1341,1.689
28.544,arc,1.3839,0.1282,1.6737,1.3817,0.1365,1.6954
28.56,arc,1.3837,0.1305,1.6801,1.3814,0.1389,1.7018
28.576,arc,1.3834,0.1329,1.6864,1.3811,0.1413,1.7082
28.592,arc,1.3831,0.1353,1.6928,1.3807,0.1436,1.7146
28.608,arc,1.3828,0.1376,1.6991,1.3804,0.146,1.7209
28.624,arc,1.3825,0.14,1.7055,1.38,0.1484,1.7273
28.64,arc,1.3822,0.1423,1.7118,1.3796,0.1508,1.7337
28.656,arc,1.3818,0.1447,1.7181,1.3792,0.1531,1.7401
28.672,arc,1.3815,0.147,1.7245,1.3788,0.1555,1.7465
28.688,arc,1.3811,0.1494,1.7308,1.3784,0.1578,1.7529
28.704,arc,1.3807,0.1517,1.7372,1.378,0.1602,1.7593
28.72,arc,1.3803,0.1541,1.7435,1.3775,0.1626,1.7657
28.736,arc,1.3799,0.1564,1.7498,1.377,0.1649,1.7721
28.752,arc,1.3795,0.1588,1.7562,1.3765,0.1673,1.7785
28.768,arc,1.379,0.1611,1.7625,1.376,0.1696,1.7849
28.784,arc,1.3786,0.1634,1.7689,1.3755,0.1719,1.7913
28.8,arc,1.3781,0.1658,1.7752,1.375,0.1743,1.7977
28.816,arc,1.3776,0.1681,1.7816,1.3744,0.1766,1.8041
28.832,arc,1.3771,0.1704,1.7879,1.3739,0.179,1.8105
28.848,arc,1.3766,0.1727,1.7942,1.3733,0.1813,1.8169
28.864,arc,1.376,0.1751,1.8006,1.3727,0.1836,1.8233
28.88,arc,1.3755,0.1774,1.8069,1.3721,0.1859,1.8297
28.896,arc,1.3749,0.1797,1.8133,1.3715,0.1883,1.8361
28.912,arc,1.3744,0.182,1.8196,1.3708,0.1906,1.8425
28.928,arc,1.3738,0.1843,1.826,1.3702,0.1929,1.8489
28.944,arc,1.3732,0.1866,1.8323,1.3695,0.1952,1.8553
28.96,arc,1.3725,0.1889,1.8386,1.3688,0.1975,1.8617
28.976,arc,1.3719,0.1912,1.845,1.3681,0.1998,1.8681
28.992,arc,1.3712,0.1935,1.8513,1.3674,0.2021,1.8745
29.008,arc,1.3706,0.1958,1.8577,1.3667,0.2044,1.8809
29.024,arc,1.3699,0.198,1.864,1.366,0.2066,1.8872
29.04,arc,1.3692,0.2003,1.8703,1.3652,0.2089,1.8936
29.056,arc,1.3685,0.2026,1.8767,1.3644,0.2112,1.9
29.072,arc,1.3678,0.2049,1.883,1.3637,0.2135,1.9064
29.088,arc,1.367,0.2071,1.8894,1.3629,0.2157,1.9128
29.104,arc,1.3663,0.2094,1.8957,1.3621,0.218,1.9192
29.12,arc,1.3655,0.2116,1.9021,1.3612,0.2202,1.9256
29.136,arc,1.3647,0.2139,1.9084,1.3604,0.2225,1.932
29.152,arc,1.3639,0.2161,1.9147,1.3595,0.2247,1.9384
29.168,arc,1.3631,0.2184,1.9211,1.3587,0.227,1.9448
29.184,arc,1.3623,0.2206,1.9274,1.3578,0.2292,1.9512
29.2,arc,1.3615,0.2228,1.9338,1.3569,0.2314,1.9576
29.216,arc,1.3606,0.225,1.9401,1.356,0.2336,1.964
29.232,arc,1.3598,0.2273,1.9464,1.355,0.2358,1.9704
29.248,arc,1.3589,0.2295,1.9528,1.3541,0.2381,1.9768
29.264,arc,1.358,0.2317,1.9591,1.3531,0.2403,1.9832
29.28,arc,1.3571,0.2339,1.9655,1.3522,0.2424,1.9896
29.296,arc,1.3562,0.2361,1.9718,1.3512,0.2446,1.996
29.312,arc,1.3552,0.2382,1.9782,1.3502,0.2468,2.0024
29.328,arc,1.3543,0.2404,1.9845,1.3492,0.249,2.0088
29.344,arc,1.3533,0.2426,1.9908,1.3482,0.2512,2.0152
29.36,arc,1.3523,0.2448,1.9972,1.3471,0.2533,2.0216
29.376,arc,1.3513,0.2469,2.0035,1.3461,0.2555,2.028
29.392,arc,1.3503,0.2491,2.0099,1.345,0.2576,2.0344
29.408,arc,1.3493,0.2512,2.0162,1.3439,0.2598,2.0408
29.424,arc,1.3483,0.2534,2.0226,1.3428,0.2619,2.0472
29.44,arc,1.3472,0.2555,2.0289,1.3417,0.264,2.0536
29.456,arc,1.3462,0.2577,2.0352,1.3406,0.2662,2.0599
29.472,arc,1.3451,0.2598,2.0416,1.3395,0.2683,2.0663
29.488,arc,1.344,0.2619,2.0479,1.3383,0.2704,2.0727
29.504,arc,1.3429,0.264,2.0543,1.3372,0.2725,2.0791
29.52,arc,1.3418,0.2661,2.0606,1.336,0.2746,2.0855
29.536,arc,1.3407,0.2682,2.0669,1.3348,0.2767,2.0919
29.552,arc,1.3396,0.2703,2.0733,1.3336,0.2787,2.0983
29.568,arc,1.3384,0.2724,2.0796,1.3324,0.2808,2.1047
29.584,arc,1.3372,0.2744,2.086,1.3312,0.2829,2.1111
29.6,arc,1.3361,0.2765,2.0923,1.3299,0.2849,2.1175
29.616,arc,1.3349,0.2786,2.0987,1.3287,0.287,2.1239
29.632,arc,1.3337,0.2806,2.105,1.3274,0.289,2.1303
29.648,arc,1.3324,0.2827,2.1113,1.3261,0.291,2.1367
29.664,arc,1.3312,0.2847,2.1177,1.3248,0.2931,2.1431
29.68,arc,1.33,0.2867,2.124,1.3235,0.2951,2.1495
29.696,arc,1.3287,0.2888,2.1304,1.3222,0.2971,2.1559
29.712,arc,1.3274,0.2908,2.1367,1.3209,0.2991,2.1623
29.728,arc,1.3262,0.2928,2.143,1.3195,0.3011,2.1687
29.744,arc,1.3249,0.2948,2.1494,1.3182,0.303,2.1751
29.76,arc,1.3236,0.2968,2.1557,1.3168,0.305,2.1815
29.776,arc,1.3222,0.2987,2.1621,1.3154,0.307,2.1879
29.792,arc,1.3209,0.3007,2.1684,1.314,0.3089,2.1943
29.808,arc,1.3196,0.3027,2.1748,1.3126,0.3109,2.2007
29.824,arc,1.3182,0.3046,2.1811,1.3112,0.3128,2.2071
29.84,arc,1.3168,0.3066,2.1874,1.3098,0.3147,2.2135
29.856,arc,1.3155,0.3085,2.1938,1.3083,0.3166,2.2199
29.872,arc,1.3141,0.3104,2.2001,1.3069,0.3185,2.2262
29.888,arc,1.3127,0.3124,2.2065,1.3054,0.3204,2.2326
29.904,arc,1.3112,0.3143,2.2128,1.3039,0.3223,2.239
29.92,arc,1.3098,0.3162,2.2192,1.3024,0.3242,2.2454
29.936,arc,1.3084,0.3181,2.2255,1.3009,0.3261,2.2518
29.952,arc,1.3069,0.3199,2.2318,1.2994,0.3279,2.2582
29.968,arc,1.3055,0.3218,2.2382,1.2979,0.3298,2.2646
29.984,arc,1.304,0.3237,2.2445,1.2963,0.3316,2.271
30.0,arc,1.3025,0.3255,2.2509,1.2948,0.3335,2.2774
30.016,arc,1.301,0.3274,2.2572,1.2932,0.3353,2.2838
30.032,arc,1.2995,0.3292,2.2635,1.2916,0.3371,2.2902
30.048,arc,1.2979,0.331,2.2699,1.2901,0.3389,2.2966
30.064,arc,1.2964,0.3329,2.2762,1.2885,0.3407,2.303
30.08,arc,1.2949,0.3347,2.2826,1.2868,0.3425,2.3094
30.096,arc,1.2933,0.3365,2.2889,1.2852,0.3442,2.3158
30.112,arc,1.2929,0.337,2.2942,1.2852,0.3442,2.3158
30.128,arc,1.2929,0.337,2.2942,1.2852,0.3442,2.3158
30.144,arc,1.2929,0.337,2.2942,1.2852,0.3442,2.3158
30.16,arc,1.2929,0.337,2.2942,1.2852,0.3442,2.3158
30.176,arc,1.2929,0.337,2.2942,1.2852,0.3442,2.3158
30.192,arc,1.2929,0.337,2.2942,1.2852,0.3442,2.3158
30.208,arc,1.2929,0.3369,2.2942,1.2852,0.3442,2.3158
30.224,arc,1.2929,0.3369,2.2942,1.2852,0.3442,2.3158
30.24,arc,1.2929,0.3369,2.2942,1.2852,0.3442,2.3158
30.256,arc,1.2929,0.3369,2.2942,1.2852,0.3442,2.3158
30.272,arc,1.2929,0.3369,2.2942,1.2852,0.3442,2.3158
30.288,arc,1.2929,0.3369,2.2942,1.2852,0.3442,2.3158
30.304,arc,1.2929,0.3369,2.2942,1.2852,0.3442,2.3158
30.32,arc,1.2929,0.3369,2.2942,1.2852,0.3442,2.3158
30.336,arc,1.2929,0.3369,2.2942,1.2852,0.3442,2.3158
30.352,arc,1.2929,0.3369,2.2942,1.2852,0.3442,2.3158
30.368,arc,1.2929,0.3369,2.2942,1.2852,0.3442,2.3158
30.384,arc,1.2929,0.3369,2.2942,1.2852,0.3442,2.3158
30.4,arc,1.2929,0.3369,2.2942,1.2852,0.3442,2.3158
30.416,arc,1.2929,0.3369,2.2942,1.2852,0.3442,2.3158
30.432,arc,1.2929,0.3369,2.2942,1.2852,0.3442,2.3158
30.448,arc,1.2929,0.3369,2.2942,1.2852,0.3442,2.3158
30.464,arc,1.2929,0.3369,2.2942,1.2852,0.3442,2.3158
30.48,arc,1.2929,0.3369,2.2942,1.2852,0.3442,2.3158
30.496,arc,1.2929,0.3369,2.2942,1.2852,0.3442,2.3158
30.512,arc,1.2929,0.3369,2.2942,1.2852,0.3442,2.3158
30.528,arc,1.2929,0.3369,2.2942,1.2852,0.3442,2.3158
30.544,arc,1.2929,0.3369,2.2942,1.2852,0.3442,2.3158
30.56,arc,1.2929,0.3369,2.2942,1.2852,0.3442,2.3158
30.576,arc,1.2929,0.3369,2.2942,1.2852,0.3442,2.3158
30.592,arc,1.2929,0.3369,2.2942,1.2852,0.3442,2.3158
30.608,arc,1.2929,0.3369,2.2942,1.2852,0.3442,2.3158
