t,x,y,theta,x_odom,y_odom,theta_odom,v_cmd,w_cmd,wl,wr,state,wp_idx,cross_track_err,lidar_front_min,n_detections
0.016,0.0,-0.3,0.0,0.0,0.0,0.0,0.0,0.0,0.0,0.0,FIND_PACKAGE,-1,0.0,2.74,0
0.112,0.0,-0.3,0.0477,0.0,0.0,0.048,0.0,0.6,-1.44,1.44,FIND_PACKAGE,-1,0.0,2.996,0
0.208,0.0,-0.3,0.1049,-0.0,-0.0,0.1056,0.0,0.6,-1.44,1.44,FIND_PACKAGE,-1,0.0,3.278,0
0.304,0.0,-0.3,0.162,-0.0,-0.0,0.1632,0.0,0.6,-1.44,1.44,FIND_PACKAGE,-1,0.0,3.046,0
0.4,0.0,-0.3,0.2191,-0.0,-0.0,0.2208,0.0,0.6,-1.44,1.44,FIND_PACKAGE,-1,0.0,2.853,0
0.496,0.0,-0.3,0.2762,-0.0,-0.0,0.2784,0.0,0.6,-1.44,1.44,FIND_PACKAGE,-1,0.0,2.691,0
0.592,0.0,-0.3,0.3332,-0.0,-0.0,0.336,0.0,0.6,-1.44,1.44,FIND_PACKAGE,-1,0.0,2.555,0
0.688,0.0,-0.3,0.3903,0.0,-0.0,0.3936,0.0,0.6,-1.44,1.44,FIND_PACKAGE,-1,0.0,2.439,0
0.784,0.0,-0.3,0.4474,0.0,-0.0,0.4512,0.0,0.6,-1.44,1.44,FIND_PACKAGE,-1,0.0,2.34,0
0.88,0.0,-0.3,0.5045,0.0,-0.0,0.5088,0.0,0.6,-1.44,1.44,FIND_PACKAGE,-1,0.0,2.307,0
0.976,0.0,-0.3,0.5616,0.0,-0.0,0.5664,0.0,0.6,-1.44,1.44,FIND_PACKAGE,-1,0.0,2.316,0
1.072,0.0,-0.3,0.6187,0.0,-0.0,0.624,0.0,0.6,-1.44,1.44,FIND_PACKAGE,-1,0.0,2.297,0
1.168,0.0,-0.3,0.6757,0.0,-0.0,0.6816,0.0,0.6,-1.44,1.44,FIND_PACKAGE,-1,0.0,2.306,0
1.264,0.0,-0.3,0.7328,0.0,-0.0,0.7392,0.0,0.6,-1.44,1.44,FIND_PACKAGE,-1,0.0,2.293,0
1.36,0.0,-0.3,0.7899,0.0,-0.0,0.7968,0.0,0.6,-1.44,1.44,FIND_PACKAGE,-1,0.0,0.718,0
1.456,0.0,-0.3,0.847,0.0,-0.0,0.8544,0.0,0.6,-1.44,1.44,FIND_PACKAGE,-1,0.0,0.709,0
1.552,0.0,-0.3,0.9041,0.0,-0.0,0.912,0.0,0.6,-1.44,1.44,FIND_PACKAGE,-1,0.0,0.702,0
1.648,0.0,-0.3,0.9612,0.0,-0.0,0.9696,0.0,0.6,-1.44,1.44,FIND_PACKAGE,-1,0.0,0.697,0
1.744,0.0,-0.3,1.0182,0.0,-0.0,1.0272,0.0,0.6,-1.44,1.44,FIND_PACKAGE,-1,0.0,0.695,0
1.84,0.0,-0.3,1.0753,0.0,-0.0,1.0848,0.0,0.6,-1.44,1.44,FIND_PACKAGE,-1,0.0,0.695,0
1.936,0.0,-0.3,1.1324,0.0,-0.0,1.1423,0.0,0.6,-1.44,1.44,FIND_PACKAGE,-1,0.0,0.697,0
2.032,0.0,-0.3,1.1895,0.0,-0.0,1.1999,0.0,0.6,-1.44,1.44,FIND_PACKAGE,-1,0.0,0.697,0
2.128,0.0,-0.3,1.2466,0.0,-0.0,1.2575,0.0,0.6,-1.44,1.44,FIND_PACKAGE,-1,0.0,0.698,0
2.224,0.0,-0.3,1.3037,0.0,-0.0,1.3151,0.0,0.6,-1.44,1.44,FIND_PACKAGE,-1,0.0,0.699,0
2.32,0.0,-0.3,1.3607,0.0,-0.0,1.3727,0.0,0.6,-1.44,1.44,FIND_PACKAGE,-1,0.0,0.699,0
2.416,0.0,-0.3,1.4178,0.0,-0.0,1.4303,0.0,0.6,-1.44,1.44,FIND_PACKAGE,-1,0.0,0.699,0
2.512,0.0,-0.3,1.4749,0.0,-0.0,1.4879,0.0,0.6,-1.44,1.44,FIND_PACKAGE,-1,0.0,0.699,0
2.608,0.0,-0.3,1.532,0.0,-0.0,1.5455,0.0,0.6,-1.44,1.44,FIND_PACKAGE,-1,0.0,0.7,0
2.704,0.0,-0.3,1.5891,0.0,-0.0,1.6031,0.0,0.6,-1.44,1.44,FIND_PACKAGE,-1,0.0,0.7,0
2.8,0.0,-0.3,1.6462,0.0,-0.0,1.6607,0.0,0.6,-1.44,1.44,FIND_PACKAGE,-1,0.0,0.7,0
2.896,0.0,-0.3,1.7032,0.0,-0.0,1.7183,0.0,0.6,-1.44,1.44,FIND_PACKAGE,-1,0.0,0.7,0
2.992,0.0,-0.3,1.7603,0.0,-0.0,1.7759,0.0,0.6,-1.44,1.44,FIND_PACKAGE,-1,0.0,0.7,0
3.088,0.0,-0.3,1.8174,0.0,-0.0,1.8335,0.0,0.6,-1.44,1.44,FIND_PACKAGE,-1,0.0,0.7,0
3.184,0.0,-0.3,1.8745,0.0,-0.0,1.8911,0.0,0.6,-1.44,1.44,FIND_PACKAGE,-1,0.0,0.7,0
3.28,0.0,-0.3,1.9316,0.0,-0.0,1.9487,0.0,0.6,-1.44,1.44,FIND_PACKAGE,-1,0.0,0.7,0
3.376,0.0,-0.3,1.9887,0.0,-0.0,2.0063,0.0,0.6,-1.44,1.44,FIND_PACKAGE,-1,0.0,0.7,0
3.472,0.0,-0.3,2.0457,0.0,-0.0,2.0639,0.0,0.6,-1.44,1.44,FIND_PACKAGE,-1,0.0,0.7,0
3.568,0.0,-0.3,2.1028,0.0,-0.0,2.1215,0.0,0.6,-1.44,1.44,FIND_PACKAGE,-1,0.0,0.7,0
3.664,0.0,-0.3,2.1599,0.0,-0.0,2.1791,0.0,0.6,-1.44,1.44,FIND_PACKAGE,-1,0.0,0.702,0
3.76,0.0,-0.3,2.217,0.0,-0.0,2.2367,0.0,0.6,-1.44,1.44,FIND_PACKAGE,-1,0.0,0.706,0
3.856,0.0,-0.3,2.2741,0.0,-0.0,2.2943,0.0,0.6,-1.44,1.44,FIND_PACKAGE,-1,0.0,0.713,0
3.952,0.0,-0.3,2.3312,0.0,-0.0,2.3519,0.0,0.6,-1.44,1.44,FIND_PACKAGE,-1,0.0,0.722,0
4.048,0.0,-0.3,2.3883,0.0,-0.0,2.4095,0.0,0.6,-1.44,1.44,FIND_PACKAGE,-1,0.0,2.304,0
4.144,0.0,-0.3,2.4453,0.0,-0.0,2.4671,0.0,0.6,-1.44,1.44,FIND_PACKAGE,-1,0.0,2.304,1
4.24,0.0,-0.3,2.5024,0.0,-0.0,2.5247,0.0,0.6,-1.44,1.44,FIND_PACKAGE,-1,0.0,2.275,1
4.336,0.0,-0.3,2.5595,-0.0,0.0,2.5823,0.0,0.6,-1.44,1.44,FIND_PACKAGE,-1,0.0,2.305,1
4.432,0.0,-0.3,2.6166,-0.0,0.0,2.6399,0.0,0.6,-1.44,1.44,FIND_PACKAGE,-1,0.0,2.302,2
4.528,0.0,-0.3,2.6737,-0.0,0.0,2.6974,0.0,0.6,-1.44,1.44,FIND_PACKAGE,-1,0.0,2.343,2
4.624,0.0,-0.3,2.7308,0.0,0.0,2.7551,0.0,0.6,-1.44,1.44,FIND_PACKAGE,-1,0.0,2.44,3
4.72,0.0,-0.3,2.7861,0.0,0.0,2.8175,0.0,-1.5,3.6,-3.6,NAVIGATE,2,0.0523,2.55,3
4.816,-0.0072,-0.2975,2.8684,-0.0079,0.0024,2.8784,0.1293,0.9823,0.228,4.944,NAVIGATE,2,0.0552,2.746,3
4.912,-0.0191,-0.2947,2.9573,-0.02,0.0051,2.968,0.1283,0.8694,0.48,4.653,NAVIGATE,2,0.0585,2.978,3
5.008,-0.0311,-0.293,3.0359,-0.0321,0.0067,3.0474,0.1259,0.7704,0.669,4.367,NAVIGATE,2,0.0608,0.988,3
5.104,-0.0429,-0.2921,3.1057,-0.044,0.0074,3.1178,0.1224,0.6834,0.808,4.088,NAVIGATE,2,0.0622,0.859,3
5.2,-0.0544,-0.2921,-3.1157,-0.0556,0.0073,-3.103,0.1182,0.6065,0.909,3.82,NAVIGATE,2,0.0628,0.771,3
5.296,-0.0655,-0.2927,-3.0607,-0.0667,0.0066,-3.0476,0.1136,0.5385,0.98,3.565,NAVIGATE,2,0.0628,0.708,3
5.392,-0.076,-0.2938,-3.012,-0.0774,0.0053,-2.9984,0.1088,0.4783,1.028,3.323,NAVIGATE,2,0.0622,0.663,3
5.488,-0.0861,-0.2953,-2.9686,-0.0875,0.0036,-2.9546,0.1038,0.4248,1.057,3.096,NAVIGATE,2,0.0611,0.655,3
5.584,-0.0956,-0.2972,-2.9301,-0.097,0.0016,-2.9158,0.0989,0.3773,1.072,2.882,NAVIGATE,2,0.0597,0.647,3
5.68,-0.1045,-0.2993,-2.896,-0.1061,-0.0006,-2.8813,0.094,0.335,1.075,2.683,NAVIGATE,2,0.058,0.64,2
5.776,-0.113,-0.3015,-2.8656,-0.1146,-0.003,-2.8507,0.0892,0.2974,1.07,2.497,NAVIGATE,2,0.0562,0.629,2
5.872,-0.1209,-0.3039,-2.8387,-0.1225,-0.0055,-2.8236,0.0845,0.2639,1.057,2.324,NAVIGATE,2,0.0542,0.624,2
5.968,-0.1284,-0.3063,-2.8148,-0.13,-0.0081,-2.7994,0.0801,0.2341,1.039,2.163,NAVIGATE,2,0.0521,0.619,2
6.064,-0.1354,-0.3088,-2.7936,-0.1371,-0.0107,-2.7781,0.0758,0.2075,1.018,2.014,NAVIGATE,2,0.05,0.609,2
6.16,-0.142,-0.3113,-2.7748,-0.1437,-0.0133,-2.7591,0.0717,0.1838,0.993,1.875,NAVIGATE,2,0.0478,0.603,2
6.256,-0.1482,-0.3137,-2.7582,-0.1499,-0.0159,-2.7423,0.0678,0.1627,0.965,1.746,NAVIGATE,2,0.0457,0.599,1
6.352,-0.1541,-0.3161,-2.7435,-0.1558,-0.0184,-2.7275,0.0641,0.1438,0.936,1.627,NAVIGATE,2,0.0436,0.591,1
6.448,-0.1595,-0.3185,-2.7305,-0.1613,-0.0208,-2.7144,0.0606,0.1271,0.906,1.516,NAVIGATE,2,0.0415,0.583,1
6.544,-0.1722,-0.3241,-2.7551,-0.1763,-0.0273,-2.7552,0.2219,-0.4237,5.455,3.421,NAVIGATE,3,0.0365,0.569,1
6.64,-0.1915,-0.3315,-2.7935,-0.1958,-0.0348,-2.7939,0.2114,-0.378,5.135,3.321,NAVIGATE,3,0.0299,0.552,2
6.736,-0.2102,-0.3379,-2.8278,-0.2146,-0.0412,-2.8285,0.2011,-0.3374,4.831,3.212,NAVIGATE,3,0.0244,0.534,2
6.832,-0.2281,-0.3434,-2.8584,-0.2326,-0.0468,-2.8594,0.191,-0.3013,4.542,3.096,NAVIGATE,3,0.0198,0.515,2
6.928,-0.2452,-0.3482,-2.8858,-0.2499,-0.0515,-2.887,0.1811,-0.2692,4.269,2.977,NAVIGATE,3,0.0159,0.499,2
7.024,-0.2616,-0.3522,-2.9102,-0.2664,-0.0556,-2.9116,0.1717,-0.2406,4.011,2.856,NAVIGATE,3,0.0126,0.502,2
7.12,-0.2772,-0.3557,-2.9321,-0.2822,-0.0591,-2.9337,0.1626,-0.2151,3.768,2.735,NAVIGATE,3,0.0099,0.509,2
7.216,-0.292,-0.3587,-2.9516,-0.2971,-0.0621,-2.9534,0.1539,-0.1924,3.539,2.616,NAVIGATE,3,0.0076,0.516,2
7.312,-0.3061,-0.3613,-2.9691,-0.3113,-0.0647,-2.971,0.1456,-0.1721,3.324,2.498,NAVIGATE,3,0.0057,0.522,3
7.408,-0.3194,-0.3635,-2.9848,-0.3248,-0.0669,-2.9868,0.1377,-0.1541,3.123,2.383,NAVIGATE,3,0.0041,0.529,3
7.504,-0.3321,-0.3654,-2.9988,-0.3375,-0.0688,-3.0009,0.1301,-0.138,2.934,2.272,NAVIGATE,3,0.0028,0.535,3
7.6,-0.3441,-0.3671,-3.0113,-0.3496,-0.0704,-3.0136,0.123,-0.1236,2.757,2.164,NAVIGATE,3,0.0017,0.541,3
7.696,-0.3554,-0.3685,-3.0225,-0.3611,-0.0718,-3.0249,0.1162,-0.1108,2.591,2.059,NAVIGATE,3,0.0008,0.547,3
7.792,-0.3661,-0.3697,-3.0326,-0.3719,-0.073,-3.0351,0.1098,-0.0994,2.435,1.958,NAVIGATE,3,0.0001,0.552,3
7.888,-0.3763,-0.3708,-3.0417,-0.3822,-0.0741,-3.0442,0.1038,-0.0892,2.289,1.861,NAVIGATE,3,0.0005,0.557,3
7.984,-0.3859,-0.3717,-3.0498,-0.3919,-0.075,-3.0524,0.098,-0.0801,2.153,1.768,NAVIGATE,3,0.0009,0.562,3
8.08,-0.395,-0.3725,-3.0571,-0.401,-0.0758,-3.0597,0.0926,-0.072,2.024,1.679,NAVIGATE,3,0.0013,0.566,3
8.176,-0.4035,-0.3732,-3.0636,-0.4097,-0.0764,-3.0664,0.0875,-0.0647,1.904,1.594,NAVIGATE,3,0.0016,0.571,3
8.272,-0.4116,-0.3738,-3.0695,-0.4178,-0.077,-3.0723,0.0826,-0.0583,1.792,1.512,NAVIGATE,3,0.0018,0.574,3
8.368,-0.4193,-0.3743,-3.0748,-0.4256,-0.0776,-3.0777,0.078,-0.0525,1.686,1.434,NAVIGATE,3,0.002,0.578,3
8.464,-0.4265,-0.3748,-3.0796,-0.4329,-0.078,-3.0825,0.0737,-0.0473,1.587,1.36,NAVIGATE,3,0.0021,0.581,3
8.56,-0.4334,-0.3752,-3.0839,-0.4398,-0.0784,-3.0868,0.0696,-0.0428,1.494,1.289,NAVIGATE,3,0.0022,0.584,3
8.656,-0.4398,-0.3756,-3.0878,-0.4463,-0.0787,-3.0908,0.0657,-0.0387,1.407,1.221,NAVIGATE,3,0.0022,0.587,3
8.752,-0.4459,-0.3759,-3.0914,-0.4524,-0.079,-3.0943,0.062,-0.035,1.325,1.157,NAVIGATE,3,0.0023,0.59,3
8.848,-0.4555,-0.3764,-3.0935,-0.464,-0.0796,-3.0941,0.2363,-0.0028,4.732,4.719,NAVIGATE,4,0.0023,0.591,3
8.944,-0.4775,-0.3775,-3.0937,-0.4861,-0.0806,-3.0943,0.2231,-0.0025,4.468,4.456,NAVIGATE,4,0.0024,0.589,3
9.04,-0.4982,-0.3785,-3.094,-0.507,-0.0816,-3.0946,0.2107,-0.0028,4.22,4.206,NAVIGATE,4,0.0024,2.385,3
9.136,-0.5177,-0.3794,-3.0942,-0.5267,-0.0825,-3.0949,0.1989,-0.003,3.985,3.971,NAVIGATE,4,0.0024,2.322,3
9.232,-0.5362,-0.3803,-3.0945,-0.5453,-0.0834,-3.0952,0.1878,-0.0032,3.764,3.749,NAVIGATE,4,0.0023,2.322,3
9.328,-0.5536,-0.3811,-3.0949,-0.5629,-0.0842,-3.0955,0.1773,-0.0034,3.555,3.539,NAVIGATE,4,0.0023,2.321,3
9.424,-0.5701,-0.3818,-3.0952,-0.5795,-0.085,-3.0958,0.1675,-0.0036,3.358,3.341,NAVIGATE,4,0.0023,2.321,3
9.52,-0.5856,-0.3826,-3.0955,-0.5952,-0.0857,-3.0962,0.1581,-0.0037,3.171,3.154,NAVIGATE,4,0.0023,2.321,3
9.616,-0.6003,-0.3832,-3.0959,-0.61,-0.0864,-3.0965,0.1493,-0.0039,2.995,2.977,NAVIGATE,4,0.0023,2.321,3
9.712,-0.6142,-0.3839,-3.0963,-0.624,-0.087,-3.0969,0.141,-0.004,2.829,2.81,NAVIGATE,4,0.0022,2.322,3
9.808,-0.6273,-0.3845,-3.0967,-0.6372,-0.0876,-3.0973,0.1331,-0.0041,2.672,2.653,NAVIGATE,4,0.0022,2.322,3
9.904,-0.6396,-0.385,-3.0971,-0.6496,-0.0881,-3.0977,0.1257,-0.0042,2.524,2.504,NAVIGATE,4,0.0022,2.322,3
10.0,-0.6513,-0.3855,-3.0975,-0.6614,-0.0886,-3.0981,0.1187,-0.0042,2.384,2.364,NAVIGATE,4,0.0021,2.323,3
10.096,-0.6623,-0.386,-3.0979,-0.6725,-0.0891,-3.0985,0.1121,-0.0043,2.252,2.231,NAVIGATE,4,0.0021,2.323,3
10.192,-0.6727,-0.3865,-3.0983,-0.683,-0.0896,-3.0989,0.1058,-0.0044,2.127,2.106,NAVIGATE,4,0.0021,2.324,3
10.288,-0.6825,-0.3869,-3.0987,-0.6929,-0.09,-3.0993,0.0999,-0.0044,2.009,1.988,NAVIGATE,4,0.002,2.316,3
10.384,-0.6918,-0.3873,-3.0991,-0.7023,-0.0904,-3.0998,0.0944,-0.0044,1.898,1.876,NAVIGATE,4,0.002,2.307,3
10.48,-0.7006,-0.3877,-3.0995,-0.7111,-0.0908,-3.1002,0.0891,-0.0045,1.793,1.771,NAVIGATE,4,0.0019,2.298,3
10.576,-0.7088,-0.388,-3.1,-0.7195,-0.0911,-3.1006,0.0841,-0.0045,1.693,1.672,NAVIGATE,4,0.0019,2.29,3
10.672,-0.7167,-0.3883,-3.1004,-0.7273,-0.0914,-3.1011,0.0794,-0.0045,1.6,1.578,NAVIGATE,4,0.0018,2.282,3
10.768,-0.724,-0.3886,-3.1008,-0.7348,-0.0917,-3.1015,0.075,-0.0045,1.511,1.489,NAVIGATE,4,0.0018,2.275,3
10.864,-0.731,-0.3889,-3.1013,-0.7418,-0.092,-3.1019,0.0708,-0.0046,1.428,1.406,NAVIGATE,4,0.0017,2.268,3
10.96,-0.7376,-0.3892,-3.1017,-0.7484,-0.0923,-3.1024,0.0669,-0.0046,1.349,1.327,NAVIGATE,4,0.0017,2.261,3
11.056,-0.7438,-0.3894,-3.1021,-0.7547,-0.0925,-3.1028,0.0632,-0.0046,1.274,1.252,NAVIGATE,4,0.0016,2.255,3
11.152,-0.7496,-0.3897,-3.1026,-0.7606,-0.0927,-3.1032,0.2396,0.1268,4.488,5.097,NAVIGATE,5,0.0016,2.25,3
11.248,-0.7701,-0.3905,-3.1009,-0.7831,-0.0937,-3.1001,0.2273,0.0142,4.512,4.58,NAVIGATE,5,0.0015,2.229,3
11.344,-0.7912,-0.3914,-3.0996,-0.8044,-0.0946,-3.0988,0.2146,0.0121,4.264,4.322,NAVIGATE,5,0.0014,2.207,3
11.44,-0.8112,-0.3923,-3.0985,-0.8245,-0.0954,-3.0977,0.2027,0.0103,4.029,4.078,NAVIGATE,5,0.0013,2.188,3
11.536,-0.83,-0.3931,-3.0976,-0.8435,-0.0963,-3.0968,0.1914,0.0087,3.807,3.848,NAVIGATE,5,0.0012,2.169,3
11.632,-0.8478,-0.3939,-3.0969,-0.8614,-0.0971,-3.096,0.1807,0.0072,3.597,3.631,NAVIGATE,5,0.0011,2.151,3
11.728,-0.8645,-0.3946,-3.0962,-0.8783,-0.0979,-3.0953,0.1706,0.0059,3.398,3.427,NAVIGATE,5,0.0011,2.134,3
11.824,-0.8804,-0.3954,-3.0957,-0.8943,-0.0986,-3.0948,0.1611,0.0048,3.211,3.234,NAVIGATE,5,0.001,2.118,3
11.92,-0.8953,-0.396,-3.0953,-0.9094,-0.0993,-3.0944,0.1521,0.0038,3.034,3.052,NAVIGATE,5,0.001,2.103,3
12.016,-0.9094,-0.3967,-3.095,-0.9236,-0.1,-3.0941,0.1437,0.0028,2.866,2.88,NAVIGATE,5,0.001,2.089,3
12.112,-0.9228,-0.3973,-3.0947,-0.9371,-0.1006,-3.0938,0.1356,0.002,2.708,2.718,NAVIGATE,5,0.001,2.076,3
12.208,-0.9354,-0.3979,-3.0946,-0.9498,-0.1012,-3.0937,0.1281,0.0013,2.558,2.565,NAVIGATE,5,0.001,2.063,3
12.304,-0.9473,-0.3985,-3.0945,-0.9618,-0.1018,-3.0936,0.1209,0.0007,2.417,2.42,NAVIGATE,5,0.001,2.052,3
12.4,-0.9585,-0.399,-3.0944,-0.9731,-0.1024,-3.0935,0.1142,0.0001,2.284,2.284,NAVIGATE,5,0.001,2.04,3
12.496,-0.9691,-0.3995,-3.0944,-0.9838,-0.1029,-3.0936,0.1078,-0.0004,2.158,2.156,NAVIGATE,5,0.001,2.03,3
12.592,-0.9791,-0.4,-3.0945,-0.9939,-0.1034,-3.0936,0.1018,-0.0009,2.038,2.034,NAVIGATE,5,0.001,2.02,3
12.688,-0.9885,-0.4004,-3.0946,-1.0034,-0.1038,-3.0937,0.0961,-0.0013,1.926,1.92,NAVIGATE,5,0.001,2.01,3
12.784,-0.9975,-0.4008,-3.0947,-1.0124,-0.1042,-3.0938,0.0908,-0.0016,1.819,1.812,NAVIGATE,5,0.001,2.001,3
12.88,-1.0059,-0.4012,-3.0949,-1.0209,-0.1047,-3.094,0.0857,-0.0019,1.719,1.71,NAVIGATE,5,0.001,1.993,3
12.976,-1.0139,-0.4016,-3.0951,-1.0289,-0.105,-3.0942,0.0809,-0.0022,1.624,1.613,NAVIGATE,5,0.0009,1.985,3
13.072,-1.0214,-0.402,-3.0953,-1.0365,-0.1054,-3.0944,0.0764,-0.0025,1.534,1.523,NAVIGATE,5,0.0009,1.977,3
13.168,-1.0285,-0.4023,-3.0956,-1.0437,-0.1057,-3.0947,0.0722,-0.0027,1.45,1.437,NAVIGATE,5,0.0009,1.97,3
13.264,-1.0352,-0.4026,-3.0958,-1.0504,-0.106,-3.095,0.0681,-0.0029,1.37,1.356,NAVIGATE,5,0.0009,1.964,3
13.36,-1.0415,-0.4029,-3.0961,-1.0568,-0.1063,-3.0952,0.0643,-0.0031,1.294,1.279,NAVIGATE,5,0.0009,1.957,3
13.456,-1.0475,-0.4032,-3.0964,-1.0628,-0.1066,-3.0955,0.0608,-0.0032,1.223,1.207,NAVIGATE,5,0.0009,1.951,3
13.552,-1.0626,-0.4039,-3.0956,-1.0799,-0.1074,-3.0943,0.2317,0.0068,4.617,4.65,NAVIGATE,6,0.0009,1.936,3
13.648,-1.0841,-0.4049,-3.095,-1.1016,-0.1085,-3.0936,0.2188,0.0056,4.362,4.389,NAVIGATE,6,0.0009,1.915,3
13.744,-1.1044,-0.4059,-3.0945,-1.1221,-0.1094,-3.0932,0.2066,0.0045,4.12,4.142,NAVIGATE,6,0.0009,1.895,3
13.84,-1.1235,-0.4068,-3.0941,-1.1414,-0.1104,-3.0928,0.1951,0.0036,3.892,3.91,NAVIGATE,6,0.0009,1.875,3
13.936,-1.1416,-0.4076,-3.0938,-1.1597,-0.1113,-3.0925,0.1842,0.0027,3.677,3.69,NAVIGATE,6,0.0009,1.857,2
14.032,-1.1587,-0.4085,-3.0936,-1.1769,-0.1121,-3.0922,0.1739,0.0019,3.474,3.483,NAVIGATE,6,0.0009,1.84,2
14.128,-1.1749,-0.4092,-3.0934,-1.1932,-0.1129,-3.0921,0.1642,0.0012,3.281,3.287,NAVIGATE,6,0.0009,1.824,2
14.224,-1.1901,-0.41,-3.0933,-1.2085,-0.1137,-3.092,0.1551,0.0006,3.1,3.103,NAVIGATE,6,0.0009,1.808,2
14.32,-1.2045,-0.4107,-3.0933,-1.2231,-0.1144,-3.0919,0.1464,0.0001,2.928,2.928,NAVIGATE,6,0.0009,1.794,2
14.416,-1.2181,-0.4113,-3.0933,-1.2368,-0.1151,-3.092,0.1382,-0.0004,2.766,2.764,NAVIGATE,6,0.0009,1.78,2
14.512,-1.2309,-0.4119,-3.0934,-1.2497,-0.1157,-3.092,0.1305,-0.0008,2.613,2.609,NAVIGATE,6,0.0009,1.768,2
14.608,-1.2431,-0.4125,-3.0935,-1.2619,-0.1163,-3.0921,0.1233,-0.0012,2.468,2.462,NAVIGATE,6,0.001,1.756,2
14.704,-1.2545,-0.4131,-3.0936,-1.2735,-0.1169,-3.0922,0.1164,-0.0016,2.332,2.324,NAVIGATE,6,0.001,1.744,2
14.8,-1.2653,-0.4136,-3.0937,-1.2844,-0.1175,-3.0924,0.1099,-0.0019,2.202,2.193,NAVIGATE,6,0.001,1.733,2
14.896,-1.2755,-0.4141,-3.0939,-1.2947,-0.118,-3.0926,0.1038,-0.0021,2.081,2.07,NAVIGATE,6,0.001,1.723,2
14.992,-1.2851,-0.4145,-3.0941,-1.3044,-0.1184,-3.0928,0.098,-0.0024,1.965,1.954,NAVIGATE,6,0.001,1.713,2
15.088,-1.2942,-0.415,-3.0944,-1.3135,-0.1189,-3.093,0.0925,-0.0026,1.857,1.844,NAVIGATE,6,0.001,1.704,2
15.184,-1.3028,-0.4154,-3.0946,-1.3222,-0.1193,-3.0933,0.0874,-0.0028,1.754,1.741,NAVIGATE,6,0.001,1.696,2
15.28,-1.3109,-0.4158,-3.0949,-1.3304,-0.1197,-3.0936,0.0825,-0.0029,1.657,1.643,NAVIGATE,6,0.001,1.688,2
15.376,-1.3186,-0.4161,-3.0952,-1.3381,-0.1201,-3.0939,0.0779,-0.0031,1.565,1.551,NAVIGATE,6,0.0009,1.68,2
15.472,-1.3258,-0.4165,-3.0955,-1.3454,-0.1204,-3.0942,0.0736,-0.0032,1.479,1.463,NAVIGATE,6,0.0009,1.673,2
15.568,-1.3326,-0.4168,-3.0958,-1.3523,-0.1207,-3.0945,0.0695,-0.0033,1.397,1.381,NAVIGATE,6,0.0009,1.666,2
15.664,-1.3391,-0.4171,-3.0961,-1.3588,-0.121,-3.0948,0.0656,-0.0034,1.32,1.303,NAVIGATE,6,0.0009,1.66,2
15.76,-1.3452,-0.4173,-3.0964,-1.3649,-0.1213,-3.0951,0.0619,-0.0035,1.247,1.23,NAVIGATE,6,0.0009,1.654,2
15.856,-1.3548,-0.4179,-3.096,-1.3765,-0.1219,-3.0942,0.2362,0.0059,4.709,4.737,NAVIGATE,7,0.001,1.644,2
15.952,-1.3767,-0.4189,-3.0954,-1.3986,-0.1229,-3.0936,0.223,0.0059,4.446,4.474,NAVIGATE,7,0.0009,1.622,2
16.048,-1.3974,-0.4198,-3.0948,-1.4194,-0.1239,-3.093,0.2106,0.0048,4.2,4.223,NAVIGATE,7,0.0009,1.601,2
16.144,-1.4169,-0.4207,-3.0944,-1.4392,-0.1249,-3.0926,0.1988,0.0038,3.967,3.985,NAVIGATE,7,0.0009,1.582,2
16.24,-1.4354,-0.4216,-3.0941,-1.4578,-0.1258,-3.0923,0.1877,0.0029,3.748,3.762,NAVIGATE,7,0.0009,1.563,2
16.336,-1.4528,-0.4224,-3.0938,-1.4753,-0.1267,-3.092,0.1773,0.0022,3.54,3.55,NAVIGATE,7,0.0009,1.546,2
16.432,-1.4693,-0.4232,-3.0937,-1.4919,-0.1275,-3.0919,0.1674,0.0015,3.344,3.351,NAVIGATE,7,0.0009,1.529,2
16.528,-1.4848,-0.424,-3.0936,-1.5076,-0.1283,-3.0918,0.158,0.0009,3.159,3.163,NAVIGATE,7,0.0009,1.514,2
16.624,-1.4995,-0.4247,-3.0935,-1.5224,-0.129,-3.0917,0.1492,0.0003,2.984,2.985,NAVIGATE,7,0.0009,1.499,2
16.72,-1.5133,-0.4254,-3.0935,-1.5364,-0.1297,-3.0917,0.1409,-0.0002,2.819,2.818,NAVIGATE,7,0.0009,1.485,2
16.816,-1.5264,-0.426,-3.0935,-1.5496,-0.1304,-3.0917,0.1331,-0.0006,2.663,2.66,NAVIGATE,7,0.0009,1.472,2
16.912,-1.5388,-0.4266,-3.0936,-1.562,-0.131,-3.0918,0.1256,-0.001,2.515,2.51,NAVIGATE,7,0.0009,1.46,2
17.008,-1.5504,-0.4271,-3.0937,-1.5738,-0.1316,-3.0919,0.1186,-0.0013,2.376,2.369,NAVIGATE,7,0.0009,1.448,2
17.104,-1.5614,-0.4277,-3.0938,-1.5849,-0.1321,-3.092,0.112,-0.0016,2.244,2.236,NAVIGATE,7,0.0009,1.437,2
17.2,-1.5718,-0.4282,-3.094,-1.5954,-0.1327,-3.0922,0.1058,-0.0019,2.12,2.111,NAVIGATE,7,0.0009,1.427,2
17.296,-1.5816,-0.4286,-3.0942,-1.6053,-0.1332,-3.0924,0.0999,-0.0021,2.003,1.992,NAVIGATE,7,0.0009,1.417,2
17.392,-1.5909,-0.4291,-3.0944,-1.6146,-0.1336,-3.0926,0.0943,-0.0023,1.892,1.881,NAVIGATE,7,0.0009,1.408,2
17.488,-1.5997,-0.4295,-3.0946,-1.6234,-0.134,-3.0928,0.089,-0.0025,1.787,1.775,NAVIGATE,7,0.0009,1.399,2
17.584,-1.6079,-0.4299,-3.0949,-1.6318,-0.1344,-3.0931,0.0841,-0.0027,1.688,1.675,NAVIGATE,7,0.0009,1.391,2
17.68,-1.6157,-0.4302,-3.0951,-1.6397,-0.1348,-3.0933,0.0794,-0.0028,1.595,1.581,NAVIGATE,7,0.0009,1.383,2
17.776,-1.6231,-0.4306,-3.0954,-1.6471,-0.1352,-3.0936,0.075,-0.003,1.506,1.492,NAVIGATE,7,0.0009,1.376,2
17.872,-1.6301,-0.4309,-3.0957,-1.6541,-0.1355,-3.0939,0.0708,-0.0031,1.423,1.408,NAVIGATE,7,0.0009,1.369,2
17.968,-1.6366,-0.4312,-3.096,-1.6607,-0.1358,-3.0942,0.0668,-0.0032,1.344,1.329,NAVIGATE,7,0.0009,1.362,2
18.064,-1.6428,-0.4315,-3.0963,-1.667,-0.1361,-3.0945,0.0631,-0.0033,1.27,1.255,NAVIGATE,7,0.0009,1.356,2
18.16,-1.6487,-0.4317,-3.0966,-1.6729,-0.1364,-3.0948,0.2396,0.0672,4.631,4.953,NAVIGATE,8,0.0008,1.35,2
18.256,-1.6692,-0.4328,-3.0955,-1.6954,-0.1375,-3.0933,0.2273,0.0059,4.532,4.56,NAVIGATE,8,0.0009,1.33,2
18.352,-1.6903,-0.4337,-3.095,-1.7167,-0.1385,-3.0928,0.2146,0.0049,4.281,4.304,NAVIGATE,8,0.0009,1.309,2
18.448,-1.7102,-0.4347,-3.0946,-1.7368,-0.1395,-3.0924,0.2026,0.0039,4.044,4.062,NAVIGATE,8,0.0008,1.289,2
18.544,-1.729,-0.4356,-3.0942,-1.7557,-0.1404,-3.092,0.1914,0.0031,3.82,3.834,NAVIGATE,8,0.0008,1.27,2
18.64,-1.7468,-0.4364,-3.094,-1.7737,-0.1413,-3.0918,0.1807,0.0023,3.608,3.619,NAVIGATE,8,0.0008,1.252,2
18.736,-1.7636,-0.4372,-3.0938,-1.7906,-0.1422,-3.0916,0.1706,0.0016,3.408,3.416,NAVIGATE,8,0.0008,1.236,2
18.832,-1.7794,-0.438,-3.0937,-1.8065,-0.143,-3.0914,0.1611,0.001,3.219,3.224,NAVIGATE,8,0.0008,1.22,2
18.928,-1.7943,-0.4387,-3.0936,-1.8216,-0.1437,-3.0914,0.1521,0.0005,3.041,3.043,NAVIGATE,8,0.0009,1.205,2
19.024,-1.8085,-0.4394,-3.0935,-1.8359,-0.1445,-3.0913,0.1436,0.0,2.873,2.873,NAVIGATE,8,0.0009,1.191,2
19.12,-1.8218,-0.44,-3.0936,-1.8493,-0.1451,-3.0914,0.1356,-0.0004,2.713,2.711,NAVIGATE,8,0.0009,1.177,2
19.216,-1.8344,-0.4406,-3.0936,-1.862,-0.1458,-3.0914,0.1281,-0.0008,2.563,2.559,NAVIGATE,8,0.0009,1.165,2
19.312,-1.8463,-0.4412,-3.0937,-1.874,-0.1464,-3.0915,0.1209,-0.0011,2.421,2.416,NAVIGATE,8,0.0009,1.153,2
19.408,-1.8575,-0.4417,-3.0938,-1.8853,-0.1469,-3.0916,0.1142,-0.0014,2.287,2.28,NAVIGATE,8,0.0009,1.142,2
19.504,-1.8681,-0.4422,-3.094,-1.896,-0.1475,-3.0918,0.1078,-0.0017,2.16,2.152,NAVIGATE,8,0.0009,1.131,2
19.6,-1.8781,-0.4427,-3.0941,-1.9061,-0.148,-3.0919,0.1018,-0.0019,2.041,2.031,NAVIGATE,8,0.0009,1.121,2
19.696,-1.8876,-0.4431,-3.0943,-1.9156,-0.1484,-3.0921,0.0961,-0.0021,1.928,1.917,NAVIGATE,8,0.0009,1.112,2
19.792,-1.8965,-0.4436,-3.0945,-1.9246,-0.1489,-3.0924,0.0908,-0.0023,1.821,1.81,NAVIGATE,8,0.0009,1.103,2
19.888,-1.9049,-0.444,-3.0948,-1.9331,-0.1493,-3.0926,0.0857,-0.0025,1.72,1.708,NAVIGATE,8,0.0009,1.095,2
19.984,-1.9129,-0.4443,-3.095,-1.9411,-0.1497,-3.0928,0.0809,-0.0026,1.625,1.612,NAVIGATE,8,0.0009,1.087,2
20.08,-1.9204,-0.4447,-3.0953,-1.9487,-0.1501,-3.0931,0.0764,-0.0027,1.535,1.522,NAVIGATE,8,0.0009,1.079,2
20.176,-1.9275,-0.445,-3.0955,-1.9559,-0.1504,-3.0933,0.0722,-0.0029,1.45,1.436,NAVIGATE,8,0.0008,1.072,2
20.272,-1.9342,-0.4453,-3.0958,-1.9626,-0.1507,-3.0936,0.0681,-0.0029,1.37,1.356,NAVIGATE,8,0.0008,1.066,2
20.368,-1.9405,-0.4456,-3.0961,-1.969,-0.1511,-3.0939,0.0643,-0.003,1.294,1.279,NAVIGATE,8,0.0008,1.059,2
20.464,-1.9465,-0.4459,-3.0964,-1.975,-0.1513,-3.0942,0.0607,-0.0031,1.222,1.207,NAVIGATE,8,0.0008,1.053,2
20.56,-1.9493,-0.446,-3.0965,-1.9779,-0.1515,-3.0943,0.0,0.0,0.0,0.0,PICK,-1,0.0,1.05,2
20.656,-1.9493,-0.446,-3.0965,-1.9779,-0.1515,-3.0943,0.0,0.0,0.0,0.0,PICK,-1,0.0,1.05,2
20.752,-1.9493,-0.446,-3.0965,-1.9779,-0.1515,-3.0943,0.0,0.0,0.0,0.0,PICK,-1,0.0,1.05,2
20.848,-1.9493,-0.446,-3.0965,-1.9779,-0.1515,-3.0943,0.0,0.0,0.0,0.0,PICK,-1,0.0,1.05,2
20.944,-1.9493,-0.446,-3.0965,-1.9779,-0.1515,-3.0943,0.0,0.0,0.0,0.0,PICK,-1,0.0,1.05,2
21.04,-1.9493,-0.446,-3.0965,-1.9779,-0.1515,-3.0943,0.0,0.0,0.0,0.0,PICK,-1,0.0,1.05,2
21.136,-1.9493,-0.446,-3.0965,-1.9779,-0.1515,-3.0943,0.0,0.0,0.0,0.0,PICK,-1,0.0,1.05,2
21.232,-1.9493,-0.446,-3.0965,-1.9779,-0.1515,-3.0943,0.0,0.0,0.0,0.0,PICK,-1,0.0,1.05,2
21.328,-1.9493,-0.446,-3.0965,-1.9779,-0.1515,-3.0943,0.0,0.0,0.0,0.0,PICK,-1,0.0,1.05,2
21.424,-1.9493,-0.446,-3.0965,-1.9779,-0.1515,-3.0943,0.0,0.0,0.0,0.0,PICK,-1,0.0,1.05,2
21.52,-1.9493,-0.446,-3.0965,-1.9779,-0.1515,-3.0943,0.0,0.0,0.0,0.0,PLAN_DELIVERY,-1,0.0,1.05,2
21.616,-1.9493,-0.446,-3.0112,-1.9779,-0.1515,-2.9984,0.0,1.5,-3.6,3.6,DELIVER,2,0.004,1.05,1
21.712,-1.9493,-0.446,-2.8686,-1.9779,-0.1515,-2.8544,0.0,1.5,-3.6,3.6,DELIVER,2,0.004,1.051,1
21.808,-1.9493,-0.446,-2.726,-1.9779,-0.1515,-2.7105,0.0,1.5,-3.6,3.6,DELIVER,2,0.004,1.051,1
21.904,-1.9493,-0.446,-2.5834,-1.9779,-0.1515,-2.5665,0.0,1.5,-3.6,3.6,DELIVER,2,0.004,1.052,0
22.0,-1.9493,-0.446,-2.4408,-1.9779,-0.1515,-2.4225,0.0,1.5,-3.6,3.6,DELIVER,2,0.004,1.27,0
22.096,-1.9493,-0.446,-2.2982,-1.9779,-0.1515,-2.2786,0.0,1.5,-3.6,3.6,DELIVER,2,0.004,1.22,0
22.192,-1.9493,-0.446,-2.1557,-1.9779,-0.1515,-2.1346,0.0,1.5,-3.6,3.6,DELIVER,2,0.004,1.198,0
22.288,-1.9493,-0.446,-2.0132,-1.9779,-0.1515,-1.9906,0.0,1.5,-3.6,3.6,DELIVER,2,0.004,1.199,0
22.384,-1.9493,-0.446,-1.8707,-1.9779,-0.1515,-1.8467,0.0,1.5,-3.6,3.6,DELIVER,2,0.004,1.203,0
22.48,-1.9493,-0.446,-1.7282,-1.9779,-0.1515,-1.7027,0.0,1.5,-3.6,3.6,DELIVER,2,0.004,1.201,0
22.576,-1.9493,-0.446,-1.5856,-1.9779,-0.1515,-1.5588,0.0,1.5,-3.6,3.6,DELIVER,2,0.004,1.204,0
22.672,-1.9493,-0.446,-1.4431,-1.9779,-0.1515,-1.4148,0.0,1.5,-3.6,3.6,DELIVER,2,0.004,1.204,0
22.768,-1.9493,-0.446,-1.3005,-1.9779,-0.1515,-1.2709,0.0,1.5,-3.6,3.6,DELIVER,2,0.004,1.204,0
22.864,-1.9493,-0.446,-1.158,-1.9779,-0.1515,-1.1269,0.0,1.5,-3.6,3.6,DELIVER,2,0.004,1.204,0
22.96,-1.9493,-0.446,-1.0154,-1.9779,-0.1515,-0.9829,0.0,1.5,-3.6,3.6,DELIVER,2,0.004,1.067,0
23.056,-1.9493,-0.446,-0.8728,-1.9779,-0.1515,-0.839,0.0,1.5,-3.6,3.6,DELIVER,2,0.004,1.002,0
23.152,-1.9493,-0.446,-0.7336,-1.9779,-0.1515,-0.6985,0.0,1.3507,-3.242,3.242,DELIVER,2,0.004,0.985,0
23.248,-1.9493,-0.446,-0.6137,-1.9779,-0.1515,-0.5773,0.0,1.1447,-2.747,2.747,DELIVER,2,0.004,0.981,0
23.344,-1.946,-0.4484,-0.5112,-1.9737,-0.1537,-0.4739,0.1505,1.0179,0.567,5.453,DELIVER,2,0.0014,0.983,0
23.44,-1.9332,-0.4549,-0.4192,-1.9606,-0.1597,-0.3811,0.1499,0.9009,0.837,5.161,DELIVER,2,0.0058,0.967,0
23.536,-1.92,-0.4601,-0.3378,-1.9471,-0.1645,-0.2989,0.1475,0.798,1.034,4.865,DELIVER,2,0.0117,0.956,0
23.632,-1.9068,-0.4643,-0.2656,-1.9336,-0.1681,-0.226,0.1437,0.7075,1.176,4.572,DELIVER,2,0.0165,0.946,0
23.728,-1.8936,-0.4674,-0.2016,-1.9202,-0.1707,-0.1614,0.139,0.6276,1.274,4.286,DELIVER,2,0.0203,0.927,0
23.824,-1.8808,-0.4696,-0.1447,-1.9072,-0.1724,-0.1041,0.1337,0.5569,1.338,4.011,DELIVER,2,0.0232,0.911,0
23.92,-1.8684,-0.4711,-0.0943,-1.8946,-0.1734,-0.0532,0.1281,0.4943,1.376,3.749,DELIVER,2,0.0254,0.899,0
24.016,-1.8565,-0.472,-0.0496,-1.8826,-0.1738,-0.008,0.1224,0.4387,1.394,3.5,DELIVER,2,0.0268,0.888,0
24.112,-1.8451,-0.4723,-0.0098,-1.871,-0.1736,0.032,0.1166,0.3894,1.397,3.266,DELIVER,2,0.0278,0.875,0
24.208,-1.8342,-0.4722,0.0254,-1.8601,-0.1731,0.0676,0.1108,0.3455,1.387,3.045,DELIVER,2,0.0283,0.868,0
24.304,-1.8239,-0.4718,0.0567,-1.8497,-0.1722,0.0992,0.1052,0.3064,1.369,2.839,DELIVER,2,0.0284,0.858,0
24.4,-1.8141,-0.4711,0.0845,-1.8399,-0.1711,0.1272,0.0997,0.2716,1.343,2.647,DELIVER,2,0.0282,0.85,0
24.496,-1.8049,-0.4702,0.1091,-1.8306,-0.1698,0.152,0.0945,0.2406,1.312,2.467,DELIVER,2,0.0278,0.838,0
24.592,-1.7962,-0.4691,0.1308,-1.8219,-0.1684,0.1739,0.0894,0.213,1.277,2.3,DELIVER,2,0.0272,0.833,0
24.688,-1.7879,-0.468,0.1501,-1.8136,-0.1668,0.1934,0.0846,0.1884,1.24,2.144,DELIVER,2,0.0265,0.823,0
24.784,-1.7802,-0.4667,0.1671,-1.8059,-0.1652,0.2106,0.08,0.1665,1.2,2.0,DELIVER,2,0.0256,0.815,0
24.88,-1.7728,-0.4654,0.1822,-1.7985,-0.1636,0.2257,0.0756,0.147,1.16,1.865,DELIVER,2,0.0247,0.808,0
24.976,-1.7659,-0.4641,0.1955,-1.7916,-0.162,0.2391,0.0715,0.1295,1.119,1.74,DELIVER,2,0.0238,0.802,0
25.072,-1.7594,-0.4628,0.2072,-1.7851,-0.1604,0.2509,0.0675,0.114,1.077,1.624,DELIVER,2,0.0228,0.797,0
25.168,-1.7533,-0.4614,0.2174,-1.779,-0.1588,0.2613,0.0638,0.1001,1.036,1.516,DELIVER,2,0.0218,0.8,0
25.264,-1.7475,-0.4601,0.2265,-1.7733,-0.1572,0.2704,0.0603,0.0878,0.995,1.416,DELIVER,2,0.0208,0.842,0
25.36,-1.7312,-0.4564,0.2081,-1.7542,-0.1524,0.2371,0.228,-0.1729,4.975,4.145,DELIVER,3,0.0179,0.8,0
25.456,-1.7104,-0.4522,0.1923,-1.7334,-0.1475,0.2212,0.2156,-0.1554,4.686,3.94,DELIVER,3,0.0148,0.774,0
25.552,-1.6907,-0.4485,0.1782,-1.7136,-0.1432,0.207,0.2039,-0.1398,4.413,3.742,DELIVER,3,0.0122,0.753,0
25.648,-1.672,-0.4453,0.1655,-1.6949,-0.1394,0.1941,0.1927,-0.1259,4.157,3.552,DELIVER,3,0.0099,0.737,0
25.744,-1.6543,-0.4424,0.154,-1.6771,-0.136,0.1826,0.1821,-0.1135,3.915,3.37,DELIVER,3,0.008,0.724,0
25.84,-1.6376,-0.4399,0.1436,-1.6603,-0.133,0.1721,0.1721,-0.1025,3.688,3.196,DELIVER,3,0.0064,0.713,0
25.936,-1.6217,-0.4377,0.1343,-1.6444,-0.1303,0.1627,0.1626,-0.0926,3.475,3.03,DELIVER,3,0.005,0.705,0
26.032,-1.6067,-0.4358,0.1258,-1.6294,-0.1279,0.1542,0.1536,-0.0838,3.274,2.872,DELIVER,3,0.0038,0.696,0
26.128,-1.5926,-0.434,0.1182,-1.6151,-0.1258,0.1464,0.1451,-0.076,3.085,2.72,DELIVER,3,0.0028,0.688,0
26.224,-1.5792,-0.4325,0.1112,-1.6016,-0.1238,0.1394,0.1371,-0.0689,2.907,2.576,DELIVER,3,0.002,0.68,0
26.32,-1.5665,-0.4311,0.1049,-1.5889,-0.1221,0.1331,0.1295,-0.0627,2.74,2.439,DELIVER,3,0.0013,0.674,0
26.416,-1.5545,-0.4299,0.0992,-1.5769,-0.1205,0.1273,0.1223,-0.0571,2.583,2.309,DELIVER,3,0.0007,0.668,0
26.512,-1.5432,-0.4288,0.094,-1.5655,-0.1191,0.122,0.1155,-0.0521,2.435,2.185,DELIVER,3,0.0002,0.663,0
26.608,-1.5325,-0.4278,0.0892,-1.5548,-0.1178,0.1172,0.1091,-0.0476,2.296,2.067,DELIVER,3,0.0002,0.659,0
26.704,-1.5224,-0.4269,0.0848,-1.5446,-0.1166,0.1128,0.103,-0.0437,2.165,1.956,DELIVER,3,0.0006,0.654,0
26.8,-1.5129,-0.4261,0.0808,-1.535,-0.1156,0.1088,0.0973,-0.0401,2.042,1.85,DELIVER,3,0.0009,0.651,0
26.896,-1.5039,-0.4254,0.0771,-1.5259,-0.1146,0.105,0.0919,-0.0369,1.926,1.749,DELIVER,3,0.0011,0.647,0
26.992,-1.4954,-0.4248,0.0737,-1.5174,-0.1137,0.1016,0.0868,-0.0341,1.817,1.653,DELIVER,3,0.0013,0.644,0
27.088,-1.4873,-0.4242,0.0706,-1.5093,-0.1129,0.0984,0.0819,-0.0316,1.714,1.563,DELIVER,3,0.0014,0.641,0
27.184,-1.4797,-0.4237,0.0677,-1.5016,-0.1121,0.0955,0.0774,-0.0293,1.618,1.477,DELIVER,3,0.0016,0.638,0
27.28,-1.4726,-0.4232,0.065,-1.4944,-0.1115,0.0928,0.0731,-0.0273,1.527,1.396,DELIVER,3,0.0017,0.636,0
27.376,-1.4658,-0.4228,0.0624,-1.4876,-0.1108,0.0902,0.069,-0.0254,1.441,1.319,DELIVER,3,0.0017,0.634,0
27.472,-1.4594,-0.4224,0.0601,-1.4811,-0.1103,0.0879,0.0652,-0.0238,1.36,1.246,DELIVER,3,0.0018,0.632,0
27.568,-1.4533,-0.422,0.0579,-1.4751,-0.1097,0.0856,0.0615,-0.0224,1.284,1.177,DELIVER,3,0.0018,0.63,0
27.664,-1.441,-0.4212,0.0573,-1.4608,-0.1085,0.0867,0.2341,0.0022,4.676,4.687,DELIVER,4,0.002,0.63,0
27.76,-1.4192,-0.42,0.0574,-1.4389,-0.1066,0.0868,0.221,0.0007,4.419,4.422,DELIVER,4,0.0021,0.634,0
27.856,-1.3987,-0.4188,0.0574,-1.4183,-0.1048,0.0868,0.2087,-0.0005,4.175,4.173,DELIVER,4,0.0022,0.636,0
27.952,-1.3794,-0.4177,0.0573,-1.3988,-0.1031,0.0868,0.1971,-0.0016,3.945,3.938,DELIVER,4,0.0023,0.639,0
28.048,-1.3611,-0.4166,0.0571,-1.3804,-0.1015,0.0866,0.1861,-0.0025,3.728,3.716,DELIVER,4,0.0024,0.641,0
28.144,-1.3438,-0.4156,0.0569,-1.363,-0.1,0.0863,0.1757,-0.0034,3.522,3.506,DELIVER,4,0.0024,0.643,0
28.24,-1.3275,-0.4147,0.0565,-1.3466,-0.0986,0.0859,0.1659,-0.0041,3.328,3.308,DELIVER,4,0.0025,0.644,0
28.336,-1.3121,-0.4139,0.0561,-1.3311,-0.0972,0.0855,0.1567,-0.0048,3.145,3.122,DELIVER,4,0.0026,0.646,0
28.432,-1.2976,-0.413,0.0556,-1.3165,-0.096,0.085,0.1479,-0.0054,2.972,2.946,DELIVER,4,0.0026,0.647,0
28.528,-1.2839,-0.4123,0.0551,-1.3027,-0.0948,0.0845,0.1397,-0.0059,2.808,2.779,DELIVER,4,0.0027,0.648,0
28.624,-1.2709,-0.4116,0.0545,-1.2896,-0.0937,0.0839,0.1319,-0.0064,2.653,2.623,DELIVER,4,0.0027,0.649,0
28.72,-1.2587,-0.4109,0.0539,-1.2773,-0.0927,0.0833,0.1245,-0.0068,2.507,2.475,DELIVER,4,0.0027,0.649,0
28.816,-1.2471,-0.4103,0.0532,-1.2657,-0.0917,0.0826,0.1176,-0.0072,2.369,2.335,DELIVER,4,0.0027,0.65,0
28.912,-1.2362,-0.4097,0.0525,-1.2547,-0.0908,0.0819,0.111,-0.0075,2.239,2.203,DELIVER,4,0.0027,0.65,0
29.008,-1.2259,-0.4092,0.0518,-1.2443,-0.09,0.0812,0.1049,-0.0078,2.116,2.078,DELIVER,4,0.0027,0.651,0
29.104,-1.2162,-0.4087,0.051,-1.2345,-0.0892,0.0804,0.099,-0.008,1.999,1.961,DELIVER,4,0.0027,0.651,0
29.2,-1.207,-0.4082,0.0503,-1.2253,-0.0884,0.0796,0.0935,-0.0082,1.89,1.85,DELIVER,4,0.0027,0.651,0
29.296,-1.1983,-0.4078,0.0495,-1.2165,-0.0877,0.0788,0.0883,-0.0084,1.786,1.745,DELIVER,4,0.0027,0.651,0
29.392,-1.1901,-0.4074,0.0487,-1.2083,-0.0871,0.078,0.0834,-0.0086,1.688,1.647,DELIVER,4,0.0026,0.651,0
29.488,-1.1824,-0.407,0.0478,-1.2005,-0.0865,0.0772,0.0787,-0.0087,1.595,1.553,DELIVER,4,0.0026,0.65,0
29.584,-1.1751,-0.4066,0.047,-1.1931,-0.0859,0.0763,0.0743,-0.0088,1.508,1.465,DELIVER,4,0.0026,0.65,0
29.68,-1.1682,-0.4063,0.0462,-1.1862,-0.0854,0.0755,0.0702,-0.009,1.425,1.382,DELIVER,4,0.0025,1.476,0
29.776,-1.1617,-0.406,0.0453,-1.1796,-0.0849,0.0746,0.0663,-0.009,1.347,1.304,DELIVER,4,0.0025,1.478,0
29.872,-1.1555,-0.4057,0.0444,-1.1734,-0.0844,0.0738,0.0626,-0.0091,1.273,1.23,DELIVER,4,0.0024,1.479,0
29.968,-1.1484,-0.4054,0.0441,-1.1647,-0.0838,0.076,0.2383,0.0213,4.715,4.817,DELIVER,5,0.0024,1.479,0
30.064,-1.1265,-0.4044,0.0461,-1.1424,-0.0821,0.0781,0.2252,0.0192,4.457,4.55,DELIVER,5,0.0023,1.473,0
30.16,-1.1056,-0.4034,0.0478,-1.1214,-0.0804,0.0798,0.2126,0.016,4.214,4.291,DELIVER,5,0.0022,1.467,0
30.256,-1.0859,-0.4024,0.0492,-1.1015,-0.0788,0.0812,0.2008,0.0132,3.983,4.047,DELIVER,5,0.0021,1.462,0
30.352,-1.0673,-0.4015,0.0504,-1.0828,-0.0773,0.0824,0.1896,0.0107,3.766,3.817,DELIVER,5,0.002,1.458,0
30.448,-1.0497,-0.4006,0.0513,-1.0651,-0.0758,0.0833,0.179,0.0085,3.56,3.6,DELIVER,5,0.002,1.454,0
30.544,-1.0331,-0.3998,0.0521,-1.0484,-0.0744,0.084,0.169,0.0065,3.365,3.396,DELIVER,5,0.002,2.798,0
30.64,-1.0174,-0.3989,0.0526,-1.0326,-0.0731,0.0846,0.1596,0.0048,3.18,3.203,DELIVER,5,0.002,2.803,0
30.736,-1.0026,-0.3982,0.053,-1.0177,-0.0718,0.085,0.1507,0.0032,3.006,3.022,DELIVER,5,0.002,2.807,0
30.832,-0.9886,-0.3974,0.0532,-1.0036,-0.0706,0.0852,0.1423,0.0018,2.842,2.85,DELIVER,5,0.002,2.81,0
30.928,-0.9754,-0.3967,0.0534,-0.9903,-0.0695,0.0854,0.1344,0.0006,2.686,2.689,DELIVER,5,0.002,2.812,0
31.024,-0.9629,-0.396,0.0534,-0.9778,-0.0684,0.0854,0.1269,-0.0006,2.539,2.536,DELIVER,5,0.002,2.814,0
31.12,-0.9511,-0.3954,0.0533,-0.9659,-0.0674,0.0853,0.1198,-0.0015,2.4,2.392,DELIVER,5,0.002,2.815,0
31.216,-0.94,-0.3948,0.0531,-0.9547,-0.0664,0.0851,0.1131,-0.0024,2.268,2.257,DELIVER,5,0.002,2.815,0
31.312,-0.9295,-0.3943,0.0528,-0.9442,-0.0655,0.0848,0.1068,-0.0032,2.144,2.129,DELIVER,5,0.002,2.815,0
31.408,-0.9196,-0.3937,0.0525,-0.9342,-0.0647,0.0845,0.1009,-0.0039,2.026,2.008,DELIVER,5,0.002,2.814,0
31.504,-0.9103,-0.3932,0.0521,-0.9248,-0.0639,0.0841,0.0952,-0.0045,1.915,1.894,DELIVER,5,0.002,2.813,0
31.6,-0.9014,-0.3928,0.0517,-0.9159,-0.0631,0.0836,0.0899,-0.005,1.81,1.786,DELIVER,5,0.002,2.812,0
31.696,-0.8931,-0.3924,0.0512,-0.9075,-0.0624,0.0831,0.0849,-0.0055,1.711,1.685,DELIVER,5,0.002,2.81,0
31.792,-0.8852,-0.392,0.0506,-0.8995,-0.0618,0.0826,0.0802,-0.0059,1.618,1.589,DELIVER,5,0.002,2.808,0
31.888,-0.8778,-0.3916,0.0501,-0.892,-0.0611,0.082,0.0757,-0.0063,1.529,1.499,DELIVER,5,0.002,2.805,0
31.984,-0.8707,-0.3912,0.0494,-0.885,-0.0606,0.0814,0.0715,-0.0066,1.446,1.414,DELIVER,5,0.002,2.803,0
32.08,-0.8641,-0.3909,0.0488,-0.8783,-0.06,0.0807,0.0675,-0.0069,1.367,1.333,DELIVER,5,0.0019,2.8,0
32.176,-0.8578,-0.3906,0.0481,-0.872,-0.0595,0.0801,0.0637,-0.0072,1.292,1.258,DELIVER,5,0.0019,2.797,0
32.272,-0.8519,-0.3903,0.0474,-0.866,-0.059,0.0794,0.0602,-0.0074,1.221,1.186,DELIVER,5,0.0019,2.794,0
32.368,-0.8341,-0.3894,0.0489,-0.8463,-0.0574,0.0826,0.2295,0.0153,4.553,4.626,DELIVER,6,0.0019,2.804,0
32.464,-0.8128,-0.3883,0.0502,-0.8248,-0.0556,0.084,0.2167,0.0126,4.303,4.364,DELIVER,6,0.0018,2.813,0
32.56,-0.7927,-0.3873,0.0513,-0.8046,-0.0539,0.0851,0.2046,0.0103,4.068,4.117,DELIVER,6,0.0018,2.822,0
32.656,-0.7737,-0.3863,0.0522,-0.7855,-0.0523,0.086,0.1932,0.0081,3.844,3.883,DELIVER,6,0.0018,2.829,0
32.752,-0.7558,-0.3854,0.0529,-0.7675,-0.0507,0.0867,0.1824,0.0063,3.633,3.664,DELIVER,6,0.0018,2.835,0
32.848,-0.7389,-0.3845,0.0534,-0.7504,-0.0492,0.0872,0.1723,0.0046,3.434,3.456,DELIVER,6,0.0018,2.84,0
32.944,-0.7229,-0.3836,0.0538,-0.7344,-0.0478,0.0876,0.1626,0.0031,3.246,3.26,DELIVER,6,0.0018,2.844,0
33.04,-0.7078,-0.3828,0.054,-0.7192,-0.0465,0.0879,0.1536,0.0017,3.067,3.076,DELIVER,6,0.0018,2.848,0
33.136,-0.6935,-0.382,0.0542,-0.7048,-0.0452,0.088,0.145,0.0006,2.899,2.902,DELIVER,6,0.0018,2.85,0
33.232,-0.6801,-0.3813,0.0542,-0.6913,-0.044,0.088,0.1369,-0.0005,2.74,2.737,DELIVER,6,0.0019,2.852,0
33.328,-0.6674,-0.3806,0.0541,-0.6785,-0.0429,0.0879,0.1293,-0.0014,2.589,2.583,DELIVER,6,0.0019,2.853,0
33.424,-0.6554,-0.38,0.0539,-0.6664,-0.0418,0.0877,0.1221,-0.0023,2.447,2.436,DELIVER,6,0.0019,2.853,0
33.52,-0.644,-0.3794,0.0537,-0.655,-0.0408,0.0875,0.1153,-0.003,2.313,2.298,DELIVER,6,0.0019,2.853,0
33.616,-0.6333,-0.3788,0.0534,-0.6443,-0.0399,0.0872,0.1089,-0.0036,2.186,2.168,DELIVER,6,0.0019,2.853,0
33.712,-0.6232,-0.3782,0.053,-0.6341,-0.039,0.0868,0.1028,-0.0042,2.066,2.046,DELIVER,6,0.0019,2.852,0
33.808,-0.6137,-0.3777,0.0526,-0.6245,-0.0382,0.0864,0.0971,-0.0047,1.952,1.93,DELIVER,6,0.0019,2.851,0
33.904,-0.6047,-0.3773,0.0521,-0.6154,-0.0374,0.0859,0.0916,-0.0052,1.845,1.82,DELIVER,6,0.0019,2.849,0
34.0,-0.5962,-0.3768,0.0516,-0.6069,-0.0367,0.0854,0.0865,-0.0056,1.744,1.717,DELIVER,6,0.0019,2.847,0
34.096,-0.5882,-0.3764,0.051,-0.5988,-0.036,0.0848,0.0817,-0.0059,1.649,1.62,DELIVER,6,0.0019,2.845,0
34.192,-0.5806,-0.376,0.0505,-0.5912,-0.0353,0.0842,0.0772,-0.0063,1.558,1.528,DELIVER,6,0.0019,2.842,0
34.288,-0.5734,-0.3757,0.0499,-0.584,-0.0347,0.0836,0.0729,-0.0065,1.473,1.441,DELIVER,6,0.0019,2.84,0
34.384,-0.5667,-0.3753,0.0492,-0.5772,-0.0341,0.083,0.0688,-0.0068,1.392,1.36,DELIVER,6,0.0019,2.837,0
34.48,-0.5603,-0.375,0.0486,-0.5707,-0.0336,0.0823,0.065,-0.007,1.316,1.282,DELIVER,6,0.0018,2.834,0
34.576,-0.5542,-0.3747,0.0479,-0.5647,-0.0331,0.0817,0.0613,-0.0072,1.244,1.21,DELIVER,6,0.0018,2.831,0
34.672,-0.5419,-0.3741,0.0486,-0.5504,-0.0319,0.084,0.2339,0.0154,4.641,4.715,DELIVER,7,0.0018,2.836,0
34.768,-0.5202,-0.373,0.0499,-0.5285,-0.0301,0.0854,0.2209,0.0127,4.387,4.448,DELIVER,7,0.0018,2.846,0
34.864,-0.4997,-0.372,0.051,-0.5079,-0.0283,0.0865,0.2085,0.0103,4.146,4.196,DELIVER,7,0.0017,2.854,0
34.96,-0.4803,-0.371,0.0519,-0.4884,-0.0266,0.0874,0.1969,0.0083,3.919,3.958,DELIVER,7,0.0017,2.862,0
35.056,-0.462,-0.37,0.0526,-0.4701,-0.025,0.0881,0.1859,0.0064,3.703,3.734,DELIVER,7,0.0017,2.868,0
35.152,-0.4448,-0.3691,0.0532,-0.4527,-0.0234,0.0887,0.1756,0.0048,3.5,3.523,DELIVER,7,0.0017,2.873,0
35.248,-0.4285,-0.3682,0.0536,-0.4363,-0.022,0.0891,0.1658,0.0033,3.308,3.324,DELIVER,7,0.0017,2.878,0
35.344,-0.4131,-0.3674,0.0538,-0.4208,-0.0206,0.0894,0.1565,0.002,3.126,3.136,DELIVER,7,0.0017,2.881,0
35.44,-0.3986,-0.3666,0.054,-0.4062,-0.0193,0.0895,0.1478,0.0009,2.954,2.958,DELIVER,7,0.0017,2.884,0
35.536,-0.3849,-0.3659,0.054,-0.3924,-0.018,0.0895,0.1396,-0.0002,2.792,2.791,DELIVER,7,0.0018,2.885,0
35.632,-0.3719,-0.3652,0.054,-0.3794,-0.0169,0.0895,0.1318,-0.0011,2.638,2.633,DELIVER,7,0.0018,2.887,0
35.728,-0.3597,-0.3645,0.0538,-0.3671,-0.0158,0.0893,0.1244,-0.0019,2.493,2.484,DELIVER,7,0.0018,2.887,0
35.824,-0.3482,-0.3639,0.0536,-0.3555,-0.0147,0.0891,0.1175,-0.0026,2.356,2.344,DELIVER,7,0.0018,2.888,0
35.92,-0.3372,-0.3633,0.0534,-0.3445,-0.0138,0.0889,0.111,-0.0033,2.227,2.211,DELIVER,7,0.0018,2.887,0
36.016,-0.327,-0.3627,0.053,-0.3341,-0.0128,0.0885,0.1048,-0.0038,2.104,2.086,DELIVER,7,0.0018,2.887,0
36.112,-0.3172,-0.3622,0.0526,-0.3244,-0.012,0.0881,0.0989,-0.0043,1.989,1.968,DELIVER,7,0.0018,2.886,0
36.208,-0.3081,-0.3617,0.0522,-0.3151,-0.0112,0.0877,0.0934,-0.0048,1.88,1.857,DELIVER,7,0.0018,2.884,0
36.304,-0.2994,-0.3613,0.0517,-0.3064,-0.0104,0.0872,0.0882,-0.0052,1.776,1.752,DELIVER,7,0.0018,2.882,0
36.4,-0.2912,-0.3609,0.0512,-0.2982,-0.0097,0.0867,0.0833,-0.0055,1.679,1.652,DELIVER,7,0.0018,2.88,0
36.496,-0.2835,-0.3605,0.0507,-0.2904,-0.009,0.0862,0.0786,-0.0058,1.587,1.559,DELIVER,7,0.0018,2.878,0
36.592,-0.2762,-0.3601,0.0501,-0.283,-0.0084,0.0856,0.0743,-0.0061,1.5,1.471,DELIVER,7,0.0018,2.876,0
36.688,-0.2693,-0.3598,0.0495,-0.2761,-0.0078,0.085,0.0701,-0.0063,1.418,1.387,DELIVER,7,0.0018,2.873,0
36.784,-0.2628,-0.3594,0.0489,-0.2696,-0.0072,0.0844,0.0662,-0.0065,1.34,1.309,DELIVER,7,0.0017,2.87,0
36.88,-0.2566,-0.3591,0.0483,-0.2634,-0.0067,0.0838,0.0625,-0.0067,1.266,1.234,DELIVER,7,0.0017,2.867,0
36.976,-0.2497,-0.3588,0.0455,-0.2547,-0.006,0.0669,0.2359,-0.1719,5.13,4.305,DELIVER,8,0.0119,2.852,0
37.072,-0.2281,-0.358,0.03,-0.2326,-0.0047,0.0512,0.2233,-0.154,4.835,4.096,DELIVER,8,0.0092,2.77,0
37.168,-0.2074,-0.3575,0.016,-0.2117,-0.0038,0.037,0.2111,-0.1381,4.553,3.89,DELIVER,8,0.0069,2.7,0
37.264,-0.1878,-0.3573,0.0034,-0.1919,-0.0032,0.0244,0.1995,-0.1238,4.288,3.693,DELIVER,8,0.005,2.64,0
37.36,-0.1692,-0.3573,-0.0078,-0.1732,-0.0028,0.013,0.1885,-0.1111,4.038,3.504,DELIVER,8,0.0034,2.588,0
37.456,-0.1517,-0.3576,-0.018,-0.1555,-0.0027,0.0028,0.1782,-0.0998,3.803,3.324,DELIVER,8,0.0021,2.543,0
37.552,-0.1351,-0.3579,-0.027,-0.1388,-0.0027,-0.0063,0.1683,-0.0897,3.582,3.151,DELIVER,8,0.001,2.504,0
37.648,-0.1195,-0.3584,-0.0352,-0.1231,-0.0029,-0.0146,0.159,-0.0807,3.374,2.986,DELIVER,8,0.0002,2.469,0
37.744,-0.1047,-0.359,-0.0426,-0.1082,-0.0031,-0.022,0.1502,-0.0727,3.178,2.829,DELIVER,8,0.0006,2.439,0
37.84,-0.0908,-0.3597,-0.0492,-0.0941,-0.0035,-0.0287,0.1419,-0.0655,2.994,2.68,DELIVER,8,0.0011,2.412,0
37.936,-0.0776,-0.3603,-0.0552,-0.0808,-0.0039,-0.0347,0.134,-0.0591,2.821,2.538,DELIVER,8,0.0016,2.389,0
38.032,-0.0652,-0.3611,-0.0605,-0.0682,-0.0044,-0.0401,0.1265,-0.0533,2.659,2.403,DELIVER,8,0.002,2.367,0
38.128,-0.0535,-0.3618,-0.0654,-0.0564,-0.0049,-0.045,0.1195,-0.0482,2.506,2.274,DELIVER,8,0.0023,2.348,0
38.224,-0.0424,-0.3626,-0.0698,-0.0452,-0.0054,-0.0495,0.1129,-0.0437,2.362,2.152,DELIVER,8,0.0025,2.331,0
38.32,-0.0319,-0.3633,-0.0738,-0.0346,-0.006,-0.0535,0.1066,-0.0396,2.227,2.036,DELIVER,8,0.0026,2.316,0
38.416,-0.022,-0.3641,-0.0774,-0.0247,-0.0065,-0.0572,0.1006,-0.036,2.099,1.927,DELIVER,8,0.0027,2.302,0
38.512,-0.0127,-0.3648,-0.0807,-0.0152,-0.0071,-0.0605,0.095,-0.0327,1.979,1.822,DELIVER,8,0.0028,2.29,0
38.608,-0.0039,-0.3655,-0.0837,-0.0064,-0.0076,-0.0635,0.0897,-0.0298,1.867,1.723,DELIVER,8,0.0029,2.278,0
38.704,0.0044,-0.3662,-0.0865,0.002,-0.0082,-0.0663,0.0847,-0.0273,1.76,1.63,DELIVER,8,0.0029,2.268,0
38.8,0.0122,-0.3669,-0.089,0.01,-0.0087,-0.0688,0.08,-0.0249,1.66,1.541,DELIVER,8,0.0029,2.259,0
38.896,0.0196,-0.3676,-0.0912,0.0175,-0.0092,-0.0711,0.0756,-0.0229,1.566,1.456,DELIVER,8,0.0029,2.25,0
38.992,0.0266,-0.3682,-0.0934,0.0245,-0.0097,-0.0732,0.0714,-0.021,1.478,1.377,DELIVER,8,0.0028,2.242,0
39.088,0.0332,-0.3689,-0.0953,0.0312,-0.0102,-0.0752,0.0674,-0.0194,1.394,1.301,DELIVER,8,0.0028,2.235,0
39.184,0.0395,-0.3695,-0.0971,0.0375,-0.0107,-0.077,0.0636,-0.0179,1.316,1.23,DELIVER,8,0.0027,2.228,0
39.28,0.0454,-0.37,-0.0987,0.0434,-0.0112,-0.0786,0.0601,-0.0166,1.242,1.162,DELIVER,8,0.0027,2.222,0
39.376,0.0631,-0.372,-0.105,0.0632,-0.0129,-0.0899,0.2291,-0.0715,4.754,4.411,DELIVER,9,0.0037,2.199,0
39.472,0.0842,-0.3743,-0.1115,0.0845,-0.0149,-0.0965,0.2164,-0.0643,4.482,4.174,DELIVER,9,0.0026,2.175,0
39.568,0.1042,-0.3766,-0.1174,0.1047,-0.0169,-0.1024,0.2044,-0.0579,4.227,3.949,DELIVER,9,0.0017,2.154,0
39.664,0.1231,-0.3788,-0.1227,0.1238,-0.0189,-0.1077,0.193,-0.0522,3.986,3.735,DELIVER,9,0.0009,2.135,0
39.76,0.1409,-0.3811,-0.1274,0.1417,-0.0209,-0.1125,0.1823,-0.0471,3.759,3.533,DELIVER,9,0.0003,2.117,0
39.856,0.1577,-0.3833,-0.1317,0.1587,-0.0229,-0.1168,0.1722,-0.0426,3.545,3.341,DELIVER,9,0.0002,2.102,0
39.952,0.1735,-0.3854,-0.1356,0.1747,-0.0248,-0.1208,0.1626,-0.0385,3.344,3.159,DELIVER,9,0.0006,2.087,0
40.048,0.1885,-0.3875,-0.1391,0.1899,-0.0266,-0.1243,0.1535,-0.0349,3.154,2.987,DELIVER,9,0.001,2.074,0
40.144,0.2026,-0.3895,-0.1423,0.2041,-0.0284,-0.1275,0.145,-0.0317,2.975,2.823,DELIVER,9,0.0013,2.063,0
40.24,0.216,-0.3914,-0.1452,0.2176,-0.0302,-0.1304,0.1369,-0.0288,2.807,2.669,DELIVER,9,0.0015,2.052,0
40.336,0.2285,-0.3933,-0.1479,0.2303,-0.0319,-0.1331,0.1293,-0.0262,2.648,2.523,DELIVER,9,0.0016,2.042,0
40.432,0.2404,-0.3951,-0.1503,0.2423,-0.0335,-0.1355,0.1221,-0.0239,2.499,2.384,DELIVER,9,0.0018,2.033,0
40.528,0.2516,-0.3968,-0.1525,0.2537,-0.0351,-0.1377,0.1153,-0.0218,2.358,2.253,DELIVER,9,0.0019,2.024,0
40.624,0.2622,-0.3984,-0.1545,0.2644,-0.0365,-0.1397,0.1088,-0.02,2.225,2.129,DELIVER,9,0.0019,2.016,0
40.72,0.2722,-0.4,-0.1563,0.2745,-0.038,-0.1416,0.1028,-0.0183,2.1,2.012,DELIVER,9,0.002,2.009,0
40.816,0.2817,-0.4015,-0.158,0.284,-0.0393,-0.1433,0.0971,-0.0169,1.982,1.901,DELIVER,9,0.002,2.003,0
40.912,0.2906,-0.4029,-0.1595,0.293,-0.0406,-0.1449,0.0916,-0.0156,1.87,1.795,DELIVER,9,0.002,1.997,0
41.008,0.299,-0.4042,-0.161,0.3015,-0.0419,-0.1463,0.0865,-0.0144,1.765,1.696,DELIVER,9,0.002,1.991,0
41.104,0.3069,-0.4055,-0.1623,0.3095,-0.0431,-0.1476,0.0817,-0.0133,1.666,1.602,DELIVER,9,0.002,1.985,0
41.2,0.3144,-0.4068,-0.1635,0.3171,-0.0442,-0.1489,0.0772,-0.0124,1.573,1.513,DELIVER,9,0.002,1.98,0
41.296,0.3215,-0.4079,-0.1647,0.3243,-0.0453,-0.15,0.0729,-0.0116,1.485,1.429,DELIVER,9,0.0019,1.976,0
41.392,0.3281,-0.4091,-0.1657,0.331,-0.0463,-0.1511,0.0688,-0.0108,1.402,1.35,DELIVER,9,0.0019,1.971,0
41.488,0.3344,-0.4101,-0.1667,0.3374,-0.0473,-0.1521,0.065,-0.0102,1.324,1.275,DELIVER,9,0.0019,1.967,0
41.584,0.3404,-0.4111,-0.1677,0.3434,-0.0482,-0.1531,0.0613,-0.0096,1.25,1.204,DELIVER,9,0.0018,1.963,0
41.68,0.3527,-0.4135,-0.1664,0.3576,-0.0504,-0.1509,0.2339,0.0137,4.644,4.71,DELIVER,10,0.0015,1.963,0
41.776,0.3741,-0.4171,-0.1652,0.3793,-0.0537,-0.1496,0.2208,0.0118,4.388,4.445,DELIVER,10,0.0013,1.96,0
41.872,0.3943,-0.4204,-0.1641,0.3997,-0.0567,-0.1486,0.2085,0.01,4.146,4.194,DELIVER,10,0.0012,1.957,0
41.968,0.4134,-0.4236,-0.1632,0.419,-0.0596,-0.1477,0.1969,0.0084,3.917,3.958,DELIVER,10,0.0012,1.954,0
42.064,0.4315,-0.4265,-0.1625,0.4373,-0.0623,-0.1469,0.1859,0.007,3.701,3.735,DELIVER,10,0.0011,1.951,0
42.16,0.4485,-0.4293,-0.1619,0.4545,-0.0649,-0.1463,0.1755,0.0057,3.497,3.524,DELIVER,10,0.0011,1.948,0
42.256,0.4646,-0.432,-0.1614,0.4708,-0.0673,-0.1458,0.1657,0.0046,3.304,3.326,DELIVER,10,0.001,1.945,0
42.352,0.4798,-0.4344,-0.161,0.4862,-0.0695,-0.1454,0.1565,0.0036,3.121,3.139,DELIVER,10,0.001,1.942,0
42.448,0.4942,-0.4368,-0.1607,0.5007,-0.0716,-0.1451,0.1478,0.0027,2.949,2.962,DELIVER,10,0.001,1.94,0
42.544,0.5078,-0.4389,-0.1604,0.5144,-0.0736,-0.1449,0.1395,0.0019,2.786,2.795,DELIVER,10,0.001,1.937,0
42.64,0.5206,-0.441,-0.1603,0.5273,-0.0755,-0.1447,0.1318,0.0012,2.632,2.638,DELIVER,10,0.001,1.934,0
42.736,0.5326,-0.443,-0.1602,0.5396,-0.0773,-0.1446,0.1244,0.0006,2.487,2.49,DELIVER,10,0.001,1.931,0
42.832,0.5441,-0.4448,-0.1602,0.5511,-0.079,-0.1446,0.1175,-0.0,2.35,2.35,DELIVER,10,0.001,1.928,0
42.928,0.5548,-0.4466,-0.1602,0.562,-0.0806,-0.1446,0.1109,-0.0005,2.22,2.217,DELIVER,10,0.001,1.925,0
43.024,0.565,-0.4482,-0.1603,0.5723,-0.0821,-0.1447,0.1047,-0.0009,2.097,2.093,DELIVER,10,0.001,1.922,0
43.12,0.5746,-0.4498,-0.1604,0.582,-0.0835,-0.1448,0.0989,-0.0013,1.981,1.975,DELIVER,10,0.001,1.919,0
43.216,0.5837,-0.4512,-0.1605,0.5912,-0.0848,-0.1449,0.0934,-0.0017,1.872,1.864,DELIVER,10,0.001,1.917,0
43.312,0.5923,-0.4526,-0.1607,0.5998,-0.0861,-0.1451,0.0882,-0.002,1.768,1.759,DELIVER,10,0.001,1.914,0
43.408,0.6003,-0.4539,-0.1609,0.608,-0.0873,-0.1453,0.0833,-0.0023,1.671,1.66,DELIVER,10,0.001,1.912,0
43.504,0.608,-0.4552,-0.1611,0.6157,-0.0884,-0.1455,0.0786,-0.0025,1.578,1.566,DELIVER,10,0.001,1.909,0
43.6,0.6152,-0.4563,-0.1614,0.623,-0.0895,-0.1458,0.0742,-0.0027,1.491,1.478,DELIVER,10,0.0009,1.907,0
43.696,0.622,-0.4574,-0.1616,0.6299,-0.0905,-0.1461,0.0701,-0.0029,1.409,1.395,DELIVER,10,0.0009,1.904,0
43.792,0.6284,-0.4585,-0.1619,0.6364,-0.0915,-0.1464,0.0662,-0.0031,1.331,1.316,DELIVER,10,0.0009,1.902,0
43.888,0.6345,-0.4595,-0.1622,0.6426,-0.0924,-0.1467,0.0625,-0.0032,1.258,1.242,DELIVER,10,0.0009,1.9,0
43.984,0.6415,-0.4609,-0.1614,0.6512,-0.0936,-0.1458,0.2382,0.0052,4.752,4.776,DELIVER,11,0.0006,1.899,0
44.08,0.6631,-0.4644,-0.1606,0.6733,-0.0969,-0.1451,0.2251,0.0069,4.485,4.518,DELIVER,11,0.0006,1.895,0
44.176,0.6838,-0.4678,-0.16,0.6942,-0.0999,-0.1445,0.2125,0.0057,4.237,4.264,DELIVER,11,0.0006,1.891,0
44.272,0.7033,-0.4709,-0.1595,0.7139,-0.1028,-0.144,0.2007,0.0046,4.002,4.024,DELIVER,11,0.0006,1.888,0
44.368,0.7217,-0.4739,-0.1591,0.7325,-0.1055,-0.1436,0.1895,0.0036,3.781,3.798,DELIVER,11,0.0006,1.884,0
44.464,0.7391,-0.4767,-0.1588,0.7501,-0.108,-0.1433,0.1789,0.0027,3.572,3.585,DELIVER,11,0.0006,1.88,0
44.56,0.7555,-0.4793,-0.1586,0.7667,-0.1104,-0.143,0.1689,0.002,3.374,3.383,DELIVER,11,0.0006,1.876,0
44.656,0.771,-0.4818,-0.1584,0.7823,-0.1127,-0.1429,0.1595,0.0013,3.187,3.193,DELIVER,11,0.0006,1.873,0
44.752,0.7856,-0.4841,-0.1583,0.7971,-0.1148,-0.1428,0.1506,0.0007,3.011,3.014,DELIVER,11,0.0007,1.869,0
44.848,0.7995,-0.4863,-0.1583,0.8111,-0.1168,-0.1427,0.1422,0.0001,2.844,2.845,DELIVER,11,0.0007,1.866,0
44.944,0.8125,-0.4884,-0.1583,0.8243,-0.1187,-0.1427,0.1343,-0.0004,2.687,2.685,DELIVER,11,0.0007,1.862,0
45.04,0.8248,-0.4904,-0.1584,0.8368,-0.1205,-0.1428,0.1268,-0.0008,2.538,2.534,DELIVER,11,0.0007,1.859,0
45.136,0.8365,-0.4922,-0.1585,0.8485,-0.1222,-0.1429,0.1197,-0.0012,2.398,2.392,DELIVER,11,0.0007,1.856,0
45.232,0.8475,-0.494,-0.1586,0.8596,-0.1238,-0.143,0.1131,-0.0015,2.265,2.258,DELIVER,11,0.0008,1.853,0
45.328,0.8578,-0.4956,-0.1588,0.8701,-0.1253,-0.1432,0.1068,-0.0018,2.14,2.131,DELIVER,11,0.0008,1.85,0
45.424,0.8676,-0.4972,-0.1589,0.88,-0.1267,-0.1434,0.1008,-0.0021,2.021,2.011,DELIVER,11,0.0008,1.847,0
45.52,0.8769,-0.4987,-0.1592,0.8894,-0.1281,-0.1436,0.0952,-0.0024,1.909,1.898,DELIVER,11,0.0008,1.844,0
45.616,0.8856,-0.5001,-0.1594,0.8982,-0.1294,-0.1438,0.0899,-0.0026,1.804,1.791,DELIVER,11,0.0008,1.841,0
45.712,0.8939,-0.5014,-0.1596,0.9065,-0.1306,-0.1441,0.0849,-0.0028,1.704,1.691,DELIVER,11,0.0008,1.838,0
45.808,0.9016,-0.5027,-0.1599,0.9144,-0.1317,-0.1443,0.0801,-0.0029,1.61,1.596,DELIVER,11,0.0008,1.836,0
45.904,0.909,-0.5039,-0.1602,0.9218,-0.1328,-0.1446,0.0757,-0.0031,1.521,1.506,DELIVER,11,0.0008,1.833,0
46.0,0.9159,-0.505,-0.1605,0.9289,-0.1338,-0.1449,0.0714,-0.0032,1.437,1.421,DELIVER,11,0.0008,1.831,0
46.096,0.9225,-0.506,-0.1608,0.9355,-0.1348,-0.1452,0.0675,-0.0033,1.357,1.341,DELIVER,11,0.0008,1.828,0
46.192,0.9287,-0.5071,-0.1611,0.9418,-0.1357,-0.1456,0.0637,-0.0034,1.282,1.266,DELIVER,11,0.0008,1.826,0
46.288,0.9345,-0.508,-0.1614,0.9477,-0.1366,-0.1459,0.0602,-0.0035,1.211,1.195,DELIVER,11,0.0008,1.824,0
46.384,0.9522,-0.5111,-0.1601,0.9673,-0.1394,-0.1446,0.2294,0.006,4.574,4.603,DELIVER,12,0.0005,1.822,0
46.48,0.9732,-0.5145,-0.1596,0.9885,-0.1425,-0.144,0.2166,0.0049,4.32,4.344,DELIVER,12,0.0005,1.818,0
46.576,0.9931,-0.5177,-0.1592,1.0086,-0.1454,-0.1436,0.2045,0.0039,4.081,4.1,DELIVER,12,0.0005,1.813,0
46.672,1.0118,-0.5207,-0.1588,1.0276,-0.1482,-0.1433,0.1931,0.003,3.855,3.87,DELIVER,12,0.0005,1.809,0
46.768,1.0296,-0.5236,-0.1586,1.0455,-0.1507,-0.143,0.1824,0.0023,3.642,3.653,DELIVER,12,0.0005,1.805,0
46.864,1.0463,-0.5263,-0.1584,1.0624,-0.1532,-0.1428,0.1722,0.0016,3.44,3.448,DELIVER,12,0.0006,1.802,0
46.96,1.0621,-0.5288,-0.1583,1.0784,-0.1555,-0.1427,0.1626,0.0009,3.25,3.254,DELIVER,12,0.0006,1.798,0
47.056,1.077,-0.5312,-0.1582,1.0935,-0.1576,-0.1426,0.1535,0.0004,3.07,3.072,DELIVER,12,0.0006,1.794,0
47.152,1.0911,-0.5334,-0.1582,1.1077,-0.1597,-0.1426,0.145,-0.0001,2.9,2.899,DELIVER,12,0.0006,1.791,0
47.248,1.1044,-0.5355,-0.1582,1.1212,-0.1616,-0.1426,0.1369,-0.0005,2.739,2.736,DELIVER,12,0.0007,1.787,0
47.344,1.117,-0.5375,-0.1583,1.1339,-0.1634,-0.1427,0.1293,-0.0009,2.587,2.583,DELIVER,12,0.0007,1.784,0
47.44,1.1288,-0.5394,-0.1584,1.1459,-0.1652,-0.1428,0.122,-0.0013,2.444,2.438,DELIVER,12,0.0007,1.78,0
47.536,1.14,-0.5412,-0.1585,1.1572,-0.1668,-0.1429,0.1152,-0.0016,2.309,2.301,DELIVER,12,0.0007,1.777,0
47.632,1.1506,-0.5429,-0.1587,1.1679,-0.1683,-0.1431,0.1088,-0.0019,2.181,2.172,DELIVER,12,0.0007,1.774,0
47.728,1.1606,-0.5445,-0.1589,1.178,-0.1698,-0.1433,0.1028,-0.0021,2.06,2.05,DELIVER,12,0.0007,1.771,0
47.824,1.17,-0.546,-0.1591,1.1875,-0.1712,-0.1435,0.097,-0.0023,1.946,1.935,DELIVER,12,0.0008,1.768,0
47.92,1.1789,-0.5474,-0.1593,1.1965,-0.1725,-0.1437,0.0916,-0.0025,1.838,1.826,DELIVER,12,0.0008,1.765,0
48.016,1.1873,-0.5488,-0.1596,1.205,-0.1737,-0.144,0.0865,-0.0027,1.737,1.724,DELIVER,12,0.0008,1.763,0
48.112,1.1953,-0.5501,-0.1598,1.2131,-0.1749,-0.1442,0.0817,-0.0028,1.64,1.627,DELIVER,12,0.0008,1.76,0
48.208,1.2028,-0.5513,-0.1601,1.2206,-0.176,-0.1445,0.0771,-0.0029,1.55,1.536,DELIVER,12,0.0008,1.758,0
48.304,1.2098,-0.5524,-0.1604,1.2278,-0.177,-0.1448,0.0728,-0.0031,1.464,1.449,DELIVER,12,0.0008,1.755,0
48.4,1.2165,-0.5535,-0.1607,1.2345,-0.178,-0.1451,0.0688,-0.0032,1.383,1.368,DELIVER,12,0.0008,1.753,0
48.496,1.2228,-0.5545,-0.161,1.2409,-0.1789,-0.1454,0.0649,-0.0032,1.306,1.291,DELIVER,12,0.0008,1.751,0
48.592,1.2288,-0.5555,-0.1613,1.2469,-0.1798,-0.1457,0.0613,-0.0033,1.234,1.218,DELIVER,12,0.0007,1.748,0
48.688,1.241,-0.5578,-0.1603,1.2611,-0.1819,-0.1448,0.2338,0.006,4.662,4.691,DELIVER,13,0.0005,1.747,0
48.784,1.2625,-0.5612,-0.1598,1.2828,-0.185,-0.1442,0.2208,0.005,4.404,4.428,DELIVER,13,0.0004,1.742,0
48.88,1.2827,-0.5645,-0.1594,1.3033,-0.188,-0.1438,0.2085,0.0041,4.16,4.179,DELIVER,13,0.0005,1.738,0
48.976,1.3019,-0.5676,-0.159,1.3226,-0.1908,-0.1434,0.1969,0.0032,3.93,3.945,DELIVER,13,0.0005,1.734,0
49.072,1.3199,-0.5705,-0.1587,1.3409,-0.1934,-0.1431,0.1859,0.0024,3.712,3.723,DELIVER,13,0.0005,1.73,0
49.168,1.337,-0.5732,-0.1585,1.3581,-0.1959,-0.1429,0.1755,0.0017,3.506,3.515,DELIVER,13,0.0005,1.726,0
49.264,1.3531,-0.5758,-0.1584,1.3744,-0.1983,-0.1428,0.1657,0.0011,3.312,3.317,DELIVER,13,0.0005,1.722,0
49.36,1.3683,-0.5782,-0.1583,1.3898,-0.2005,-0.1427,0.1565,0.0006,3.129,3.131,DELIVER,13,0.0006,1.718,0
49.456,1.3827,-0.5805,-0.1583,1.4043,-0.2026,-0.1427,0.1478,0.0001,2.955,2.956,DELIVER,13,0.0006,1.715,0
49.552,1.3962,-0.5826,-0.1583,1.418,-0.2045,-0.1427,0.1395,-0.0004,2.791,2.79,DELIVER,13,0.0006,1.711,0
49.648,1.409,-0.5847,-0.1583,1.4309,-0.2064,-0.1427,0.1318,-0.0007,2.637,2.633,DELIVER,13,0.0006,1.708,0
49.744,1.4211,-0.5866,-0.1584,1.4432,-0.2081,-0.1428,0.1244,-0.0011,2.491,2.486,DELIVER,13,0.0006,1.705,0
49.84,1.4325,-0.5884,-0.1585,1.4547,-0.2098,-0.1429,0.1175,-0.0014,2.353,2.346,DELIVER,13,0.0007,1.702,0
49.936,1.4433,-0.5902,-0.1587,1.4656,-0.2114,-0.1431,0.1109,-0.0016,2.222,2.214,DELIVER,13,0.0007,1.699,0
50.032,1.4535,-0.5918,-0.1588,1.4759,-0.2129,-0.1433,0.1047,-0.0019,2.099,2.09,DELIVER,13,0.0007,1.695,0
50.128,1.4631,-0.5933,-0.159,1.4856,-0.2143,-0.1434,0.0989,-0.0021,1.983,1.973,DELIVER,13,0.0007,1.693,0
50.224,1.4722,-0.5948,-0.1592,1.4948,-0.2156,-0.1437,0.0934,-0.0023,1.873,1.862,DELIVER,13,0.0007,1.69,0
50.32,1.4807,-0.5962,-0.1595,1.5035,-0.2168,-0.1439,0.0882,-0.0024,1.769,1.758,DELIVER,13,0.0007,1.687,0
50.416,1.4888,-0.5975,-0.1597,1.5116,-0.218,-0.1441,0.0833,-0.0026,1.671,1.659,DELIVER,13,0.0007,1.685,0
50.512,1.4965,-0.5987,-0.1599,1.5194,-0.2191,-0.1444,0.0786,-0.0027,1.579,1.566,DELIVER,13,0.0007,1.682,0
50.608,1.5037,-0.5999,-0.1602,1.5267,-0.2202,-0.1446,0.0742,-0.0028,1.491,1.478,DELIVER,13,0.0007,1.68,0
50.704,1.5105,-0.601,-0.1605,1.5335,-0.2212,-0.1449,0.0701,-0.0029,1.409,1.395,DELIVER,13,0.0007,2.484,0
50.8,1.5169,-0.602,-0.1608,1.54,-0.2222,-0.1452,0.0662,-0.003,1.331,1.316,DELIVER,13,0.0007,2.478,0
50.896,1.523,-0.603,-0.1611,1.5462,-0.2231,-0.1455,0.0625,-0.0031,1.257,1.243,DELIVER,13,0.0007,2.472,0
50.992,1.53,-0.6044,-0.1605,1.5548,-0.2243,-0.1449,0.2382,0.005,4.752,4.776,DELIVER,14,0.0004,2.465,0
51.088,1.5516,-0.6079,-0.1599,1.5769,-0.2275,-0.1443,0.2251,0.0051,4.489,4.513,DELIVER,14,0.0004,2.443,0
51.184,1.5723,-0.6112,-0.1595,1.5978,-0.2306,-0.1439,0.2125,0.0041,4.24,4.26,DELIVER,14,0.0004,2.422,0
51.28,1.5918,-0.6144,-0.1591,1.6175,-0.2334,-0.1435,0.2007,0.0033,4.005,4.021,DELIVER,14,0.0004,2.403,0
51.376,1.6102,-0.6173,-0.1588,1.6361,-0.2361,-0.1432,0.1895,0.0025,3.783,3.796,DELIVER,14,0.0004,2.385,0
51.472,1.6276,-0.6201,-0.1586,1.6537,-0.2386,-0.143,0.1789,0.0018,3.574,3.583,DELIVER,14,0.0005,2.367,0
51.568,1.644,-0.6227,-0.1585,1.6703,-0.241,-0.1429,0.1689,0.0012,3.376,3.382,DELIVER,14,0.0005,2.351,0
51.664,1.6595,-0.6252,-0.1584,1.686,-0.2433,-0.1428,0.1595,0.0007,3.189,3.192,DELIVER,14,0.0005,2.335,0
51.76,1.6741,-0.6276,-0.1583,1.7008,-0.2454,-0.1427,0.1506,0.0002,3.012,3.013,DELIVER,14,0.0005,2.321,0
51.856,1.688,-0.6298,-0.1583,1.7147,-0.2474,-0.1427,0.1422,-0.0002,2.845,2.844,DELIVER,14,0.0006,2.307,0
51.952,1.701,-0.6318,-0.1584,1.7279,-0.2493,-0.1428,0.1343,-0.0006,2.687,2.685,DELIVER,14,0.0006,2.294,0
52.048,1.7133,-0.6338,-0.1584,1.7404,-0.2511,-0.1428,0.1268,-0.0009,2.538,2.534,DELIVER,14,0.0006,2.282,0
52.144,1.725,-0.6357,-0.1585,1.7522,-0.2528,-0.1429,0.1197,-0.0012,2.398,2.392,DELIVER,14,0.0006,2.27,0
52.24,1.736,-0.6374,-0.1586,1.7633,-0.2544,-0.1431,0.1131,-0.0015,2.265,2.258,DELIVER,14,0.0006,2.259,0
52.336,1.7463,-0.6391,-0.1588,1.7737,-0.2559,-0.1432,0.1068,-0.0017,2.139,2.131,DELIVER,14,0.0006,2.249,0
52.432,1.7561,-0.6407,-0.159,1.7837,-0.2573,-0.1434,0.1008,-0.0019,2.021,2.012,DELIVER,14,0.0006,2.239,0
52.528,1.7654,-0.6421,-0.1592,1.793,-0.2587,-0.1436,0.0952,-0.0021,1.909,1.899,DELIVER,14,0.0007,2.23,0
52.624,1.7741,-0.6435,-0.1594,1.8018,-0.26,-0.1438,0.0899,-0.0022,1.803,1.792,DELIVER,14,0.0007,2.221,0
52.72,1.7824,-0.6449,-0.1596,1.8102,-0.2612,-0.144,0.0849,-0.0024,1.703,1.692,DELIVER,14,0.0007,2.213,0
52.816,1.7901,-0.6461,-0.1598,1.818,-0.2623,-0.1442,0.0801,-0.0025,1.609,1.597,DELIVER,14,0.0007,2.205,0
52.912,1.7975,-0.6473,-0.1601,1.8255,-0.2634,-0.1445,0.0757,-0.0026,1.52,1.507,DELIVER,14,0.0007,2.198,0
53.008,1.8044,-0.6484,-0.1603,1.8325,-0.2644,-0.1447,0.0714,-0.0027,1.436,1.422,DELIVER,14,0.0007,2.191,0
53.104,1.811,-0.6495,-0.1606,1.8391,-0.2654,-0.145,0.0675,-0.0028,1.356,1.343,DELIVER,14,0.0007,2.184,0
53.2,1.8172,-0.6505,-0.1608,1.8454,-0.2663,-0.1453,0.0637,-0.0029,1.281,1.267,DELIVER,14,0.0007,2.178,0
53.296,1.823,-0.6514,-0.1611,1.8513,-0.2672,-0.1455,0.0602,-0.003,1.21,1.196,DELIVER,14,0.0006,2.172,0
53.392,1.8407,-0.6546,-0.16,1.8709,-0.27,-0.1444,0.2294,0.0051,4.576,4.6,DELIVER,15,0.0004,2.155,0
53.488,1.8617,-0.658,-0.1596,1.8922,-0.2731,-0.144,0.2166,0.0042,4.322,4.342,DELIVER,15,0.0004,2.134,0
53.584,1.8816,-0.6612,-0.1592,1.9123,-0.276,-0.1436,0.2045,0.0033,4.083,4.099,DELIVER,15,0.0004,2.114,0
53.68,1.9003,-0.6642,-0.1589,1.9312,-0.2788,-0.1433,0.1931,0.0026,3.856,3.869,DELIVER,15,0.0004,2.095,0
53.776,1.9181,-0.667,-0.1587,1.9492,-0.2814,-0.1431,0.1824,0.0019,3.643,3.652,DELIVER,15,0.0004,2.077,0
53.872,1.9348,-0.6697,-0.1585,1.9661,-0.2838,-0.1429,0.1722,0.0013,3.441,3.447,DELIVER,15,0.0004,2.061,0
53.968,1.9506,-0.6722,-0.1584,1.982,-0.2861,-0.1428,0.1626,0.0008,3.25,3.254,DELIVER,15,0.0005,2.045,0
54.064,1.9655,-0.6746,-0.1584,1.9971,-0.2883,-0.1428,0.1535,0.0004,3.07,3.071,DELIVER,15,0.0005,2.03,0
54.16,1.9796,-0.6769,-0.1584,2.0114,-0.2903,-0.1428,0.145,-0.0001,2.9,2.899,DELIVER,15,0.0005,2.016,0
54.256,1.9929,-0.679,-0.1584,2.0248,-0.2922,-0.1428,0.1369,-0.0004,2.739,2.737,DELIVER,15,0.0005,2.003,0
54.352,2.0055,-0.681,-0.1584,2.0375,-0.2941,-0.1428,0.1293,-0.0008,2.587,2.583,DELIVER,15,0.0005,1.99,0
54.448,2.0173,-0.6829,-0.1585,2.0495,-0.2958,-0.1429,0.122,-0.001,2.443,2.438,DELIVER,15,0.0006,1.978,0
54.544,2.0285,-0.6847,-0.1586,2.0608,-0.2974,-0.143,0.1152,-0.0013,2.308,2.302,DELIVER,15,0.0006,1.967,0
54.64,2.0391,-0.6864,-0.1588,2.0715,-0.299,-0.1432,0.1088,-0.0015,2.18,2.173,DELIVER,15,0.0006,1.957,0
54.736,2.0491,-0.688,-0.1589,2.0816,-0.3004,-0.1433,0.1028,-0.0017,2.059,2.051,DELIVER,15,0.0006,1.947,0
54.832,2.0585,-0.6895,-0.1591,2.0912,-0.3018,-0.1435,0.097,-0.0019,1.945,1.936,DELIVER,15,0.0006,1.937,0
54.928,2.0674,-0.6909,-0.1593,2.1002,-0.3031,-0.1437,0.0916,-0.0021,1.837,1.827,DELIVER,15,0.0006,1.928,0
55.024,2.0758,-0.6923,-0.1595,2.1087,-0.3043,-0.1439,0.0865,-0.0022,1.735,1.725,DELIVER,15,0.0006,1.92,0
55.12,2.0838,-0.6935,-0.1597,2.1167,-0.3055,-0.1441,0.0817,-0.0023,1.639,1.628,DELIVER,15,0.0006,1.912,0
55.216,2.0913,-0.6947,-0.1599,2.1243,-0.3066,-0.1443,0.0771,-0.0024,1.548,1.537,DELIVER,15,0.0006,1.905,0
55.312,2.0983,-0.6959,-0.1601,2.1314,-0.3076,-0.1446,0.0728,-0.0025,1.463,1.45,DELIVER,15,0.0006,1.898,0
55.408,2.105,-0.697,-0.1604,2.1382,-0.3086,-0.1448,0.0688,-0.0026,1.382,1.369,DELIVER,15,0.0006,1.891,0
55.504,2.1113,-0.698,-0.1606,2.1446,-0.3095,-0.1451,0.0649,-0.0027,1.305,1.292,DELIVER,15,0.0006,1.885,0
55.6,2.1173,-0.6989,-0.1609,2.1506,-0.3104,-0.1453,0.0613,-0.0028,1.233,1.22,DELIVER,15,0.0006,1.879,0
55.696,2.1295,-0.7012,-0.1601,2.1648,-0.3125,-0.1445,0.2338,0.005,4.665,4.689,DELIVER,16,0.0003,1.867,0
55.792,2.151,-0.7047,-0.1597,2.1864,-0.3156,-0.1441,0.2208,0.0042,4.406,4.426,DELIVER,16,0.0003,1.845,0
55.888,2.1712,-0.7079,-0.1593,2.2069,-0.3186,-0.1437,0.2085,0.0034,4.162,4.178,DELIVER,16,0.0003,1.825,0
55.984,2.1904,-0.711,-0.159,2.2263,-0.3214,-0.1434,0.1969,0.0027,3.931,3.944,DELIVER,16,0.0003,1.806,0
56.08,2.2084,-0.7139,-0.1588,2.2445,-0.324,-0.1432,0.1859,0.002,3.713,3.723,DELIVER,16,0.0004,1.788,0
56.176,2.2255,-0.7166,-0.1586,2.2618,-0.3265,-0.143,0.1755,0.0014,3.507,3.514,DELIVER,16,0.0004,1.771,0
56.272,2.2416,-0.7192,-0.1585,2.278,-0.3289,-0.1429,0.1657,0.0009,3.312,3.317,DELIVER,16,0.0004,1.755,0
56.368,2.2568,-0.7216,-0.1584,2.2934,-0.3311,-0.1428,0.1565,0.0005,3.129,3.131,DELIVER,16,0.0004,1.739,0
56.464,2.2712,-0.7239,-0.1584,2.3079,-0.3332,-0.1428,0.1478,0.0001,2.955,2.956,DELIVER,16,0.0004,1.725,0
56.56,2.2847,-0.7261,-0.1584,2.3216,-0.3351,-0.1428,0.1395,-0.0003,2.791,2.79,DELIVER,16,0.0005,1.712,0
56.656,2.2975,-0.7281,-0.1584,2.3346,-0.337,-0.1428,0.1318,-0.0006,2.636,2.634,DELIVER,16,0.0005,1.699,0
56.752,2.3096,-0.7301,-0.1585,2.3468,-0.3388,-0.1429,0.1244,-0.0009,2.49,2.486,DELIVER,16,0.0005,1.687,0
56.848,2.321,-0.7319,-0.1586,2.3583,-0.3404,-0.143,0.1175,-0.0011,2.352,2.347,DELIVER,16,0.0005,1.675,0
56.944,2.3318,-0.7336,-0.1587,2.3692,-0.342,-0.1431,0.1109,-0.0014,2.222,2.215,DELIVER,16,0.0005,1.665,0
57.04,2.342,-0.7353,-0.1589,2.3795,-0.3435,-0.1433,0.1047,-0.0016,2.098,2.091,DELIVER,16,0.0005,1.654,0
57.136,2.3516,-0.7368,-0.159,2.3893,-0.3449,-0.1434,0.0989,-0.0017,1.982,1.974,DELIVER,16,0.0006,1.645,0
57.232,2.3607,-0.7382,-0.1592,2.3984,-0.3462,-0.1436,0.0934,-0.0019,1.872,1.863,DELIVER,16,0.0006,1.636,0
57.328,2.3692,-0.7396,-0.1594,2.4071,-0.3475,-0.1438,0.0882,-0.002,1.768,1.759,DELIVER,16,0.0006,1.627,0
57.424,2.3773,-0.7409,-0.1596,2.4153,-0.3486,-0.144,0.0833,-0.0022,1.67,1.66,DELIVER,16,0.0006,1.619,0
57.52,2.385,-0.7422,-0.1598,2.423,-0.3498,-0.1442,0.0786,-0.0023,1.578,1.567,DELIVER,16,0.0006,1.612,0
57.616,2.3922,-0.7433,-0.16,2.4303,-0.3508,-0.1444,0.0742,-0.0024,1.49,1.479,DELIVER,16,0.0006,1.604,0
57.712,2.399,-0.7444,-0.1602,2.4372,-0.3518,-0.1446,0.0701,-0.0024,1.408,1.396,DELIVER,16,0.0006,1.598,0
57.808,2.4054,-0.7455,-0.1605,2.4437,-0.3528,-0.1449,0.0662,-0.0025,1.33,1.318,DELIVER,16,0.0006,1.591,0
57.904,2.4115,-0.7464,-0.1607,2.4498,-0.3537,-0.1451,0.0625,-0.0026,1.256,1.244,DELIVER,16,0.0006,1.585,0
58.0,2.4185,-0.7478,-0.1602,2.4585,-0.3549,-0.1446,0.2382,0.0052,4.751,4.776,DELIVER,17,0.0003,1.578,0
58.096,2.4401,-0.7514,-0.1598,2.4806,-0.3581,-0.1442,0.2251,0.0042,4.491,4.511,DELIVER,17,0.0003,1.557,0
58.192,2.4608,-0.7547,-0.1594,2.5014,-0.3612,-0.1438,0.2125,0.0034,4.242,4.258,DELIVER,17,0.0003,1.536,0
58.288,2.4803,-0.7578,-0.1591,2.5211,-0.364,-0.1435,0.2007,0.0027,4.007,4.02,DELIVER,17,0.0003,1.516,0
58.384,2.4987,-0.7608,-0.1589,2.5398,-0.3667,-0.1433,0.1895,0.0021,3.784,3.795,DELIVER,17,0.0003,1.498,0
58.48,2.5161,-0.7635,-0.1587,2.5573,-0.3692,-0.1431,0.1789,0.0015,3.575,3.582,DELIVER,17,0.0003,1.481,0
58.576,2.5325,-0.7662,-0.1586,2.5739,-0.3716,-0.143,0.1689,0.001,3.376,3.381,DELIVER,17,0.0004,1.464,0
58.672,2.548,-0.7686,-0.1585,2.5896,-0.3739,-0.1429,0.1595,0.0006,3.189,3.192,DELIVER,17,0.0004,1.449,0
58.768,2.5626,-0.771,-0.1584,2.6044,-0.376,-0.1428,0.1506,0.0002,3.012,3.013,DELIVER,17,0.0004,1.434,0
58.864,2.5765,-0.7732,-0.1584,2.6184,-0.378,-0.1428,0.1422,-0.0002,2.845,2.844,DELIVER,17,0.0004,1.42,0
58.96,2.5895,-0.7753,-0.1585,2.6316,-0.3799,-0.1429,0.1343,-0.0005,2.687,2.685,DELIVER,17,0.0004,1.407,0
59.056,2.6018,-0.7772,-0.1585,2.644,-0.3817,-0.1429,0.1268,-0.0008,2.538,2.534,DELIVER,17,0.0005,1.395,0
59.152,2.6135,-0.7791,-0.1586,2.6558,-0.3834,-0.143,0.1197,-0.001,2.397,2.392,DELIVER,17,0.0005,1.384,0
59.248,2.6245,-0.7809,-0.1587,2.6669,-0.385,-0.1431,0.1131,-0.0012,2.264,2.258,DELIVER,17,0.0005,1.373,0
59.344,2.6348,-0.7825,-0.1588,2.6774,-0.3865,-0.1432,0.1068,-0.0014,2.139,2.132,DELIVER,17,0.0005,1.362,0
59.44,2.6446,-0.7841,-0.159,2.6873,-0.3879,-0.1434,0.1008,-0.0016,2.02,2.012,DELIVER,17,0.0005,1.352,0
59.536,2.6539,-0.7856,-0.1591,2.6966,-0.3893,-0.1435,0.0952,-0.0017,1.908,1.9,DELIVER,17,0.0005,1.343,0
59.632,2.6626,-0.787,-0.1593,2.7055,-0.3906,-0.1437,0.0899,-0.0019,1.802,1.793,DELIVER,17,0.0005,1.335,0
59.728,2.6708,-0.7883,-0.1595,2.7138,-0.3918,-0.1439,0.0849,-0.002,1.702,1.693,DELIVER,17,0.0005,1.326,0
59.824,2.6786,-0.7896,-0.1597,2.7217,-0.3929,-0.1441,0.0801,-0.0021,1.608,1.598,DELIVER,17,0.0005,1.319,0
59.92,2.686,-0.7907,-0.1599,2.7291,-0.394,-0.1443,0.0757,-0.0022,1.519,1.508,DELIVER,17,0.0005,1.311,0
60.016,2.6929,-0.7919,-0.1601,2.7361,-0.395,-0.1445,0.0714,-0.0023,1.434,1.424,DELIVER,17,0.0005,1.304,0
60.112,2.6995,-0.7929,-0.1603,2.7428,-0.396,-0.1447,0.0675,-0.0023,1.355,1.344,DELIVER,17,0.0005,1.298,0
60.208,2.7057,-0.7939,-0.1605,2.749,-0.3969,-0.1449,0.0637,-0.0024,1.28,1.268,DELIVER,17,0.0005,1.292,0
60.304,2.7115,-0.7949,-0.1608,2.7549,-0.3978,-0.1452,0.0602,-0.0025,1.209,1.197,DELIVER,17,0.0005,1.286,0
60.4,2.7273,-0.7976,-0.16,2.7719,-0.4002,-0.1444,0.1962,0.0036,3.915,3.932,DELIVER,18,0.0004,1.27,0
60.496,2.7453,-0.8005,-0.1597,2.79,-0.4029,-0.144,0.1852,0.0029,3.698,3.712,DELIVER,18,0.0004,1.252,0
60.592,2.7623,-0.8032,-0.1594,2.8072,-0.4054,-0.1438,0.1749,0.0023,3.493,3.504,DELIVER,18,0.0004,1.235,0
60.688,2.7783,-0.8058,-0.1592,2.8234,-0.4077,-0.1436,0.1652,0.0017,3.299,3.307,DELIVER,18,0.0004,1.219,0
60.784,2.7935,-0.8082,-0.1591,2.8388,-0.4099,-0.1435,0.1559,0.0012,3.116,3.122,DELIVER,18,0.0004,1.204,0
60.88,2.8078,-0.8105,-0.159,2.8532,-0.412,-0.1434,0.1473,0.0008,2.943,2.947,DELIVER,18,0.0004,1.19,0
60.976,2.8213,-0.8127,-0.1589,2.8669,-0.414,-0.1433,0.139,0.0004,2.78,2.782,DELIVER,18,0.0004,1.176,0
61.072,2.834,-0.8147,-0.1589,2.8798,-0.4158,-0.1433,0.1313,0.0,2.626,2.626,DELIVER,18,0.0004,1.163,0
61.168,2.8461,-0.8167,-0.1589,2.892,-0.4176,-0.1433,0.124,-0.0003,2.48,2.479,DELIVER,18,0.0004,1.151,0
61.264,2.8575,-0.8185,-0.159,2.9035,-0.4193,-0.1433,0.1171,-0.0006,2.343,2.34,DELIVER,18,0.0005,1.14,0
61.36,2.8682,-0.8202,-0.159,2.9143,-0.4208,-0.1434,0.1105,-0.0008,2.213,2.209,DELIVER,18,0.0005,1.129,0
61.456,2.8783,-0.8218,-0.1591,2.9246,-0.4223,-0.1435,0.1044,-0.001,2.09,2.085,DELIVER,18,0.0005,1.119,0
61.552,2.8879,-0.8234,-0.1592,2.9343,-0.4237,-0.1436,0.0985,-0.0012,1.974,1.968,DELIVER,18,0.0005,1.11,0
61.648,2.897,-0.8248,-0.1593,2.9434,-0.425,-0.1437,0.0931,-0.0014,1.865,1.858,DELIVER,18,0.0005,1.101,0
61.744,2.9028,-0.8257,-0.1594,2.9492,-0.4259,-0.1438,0.0,0.0,0.0,0.0,DONE,-1,0.0,1.095,0
61.84,2.9028,-0.8257,-0.1594,2.9492,-0.4259,-0.1438,0.0,0.0,0.0,0.0,DONE,-1,0.0,1.095,0
61.936,2.9028,-0.8257,-0.1594,2.9492,-0.4259,-0.1438,0.0,0.0,0.0,0.0,DONE,-1,0.0,1.095,0
62.032,2.9028,-0.8257,-0.1594,2.9492,-0.4259,-0.1438,0.0,0.0,0.0,0.0,DONE,-1,0.0,1.095,0
62.128,2.9028,-0.8257,-0.1594,2.9492,-0.4259,-0.1438,0.0,0.0,0.0,0.0,DONE,-1,0.0,1.095,0
62.224,2.9028,-0.8257,-0.1594,2.9492,-0.4259,-0.1438,0.0,0.0,0.0,0.0,DONE,-1,0.0,1.095,0
62.32,2.9028,-0.8257,-0.1594,2.9492,-0.4259,-0.1438,0.0,0.0,0.0,0.0,DONE,-1,0.0,1.095,0
62.416,2.9028,-0.8257,-0.1594,2.9492,-0.4259,-0.1438,0.0,0.0,0.0,0.0,DONE,-1,0.0,1.095,0
62.512,2.9028,-0.8257,-0.1594,2.9492,-0.4259,-0.1438,0.0,0.0,0.0,0.0,DONE,-1,0.0,1.095,0
62.608,2.9028,-0.8257,-0.1594,2.9492,-0.4259,-0.1438,0.0,0.0,0.0,0.0,DONE,-1,0.0,1.095,0
62.704,2.9028,-0.8257,-0.1594,2.9492,-0.4259,-0.1438,0.0,0.0,0.0,0.0,DONE,-1,0.0,1.095,0
62.8,2.9028,-0.8257,-0.1594,2.9492,-0.4259,-0.1438,0.0,0.0,0.0,0.0,DONE,-1,0.0,1.095,0
62.896,2.9028,-0.8257,-0.1594,2.9492,-0.4259,-0.1438,0.0,0.0,0.0,0.0,DONE,-1,0.0,1.095,0
62.992,2.9028,-0.8257,-0.1594,2.9492,-0.4259,-0.1438,0.0,0.0,0.0,0.0,DONE,-1,0.0,1.095,0
63.088,2.9028,-0.8257,-0.1594,2.9492,-0.4259,-0.1438,0.0,0.0,0.0,0.0,DONE,-1,0.0,1.095,0
63.184,2.9028,-0.8257,-0.1594,2.9492,-0.4259,-0.1438,0.0,0.0,0.0,0.0,DONE,-1,0.0,1.095,0
63.28,2.9028,-0.8257,-0.1594,2.9492,-0.4259,-0.1438,0.0,0.0,0.0,0.0,DONE,-1,0.0,1.095,0
63.376,2.9028,-0.8257,-0.1594,2.9492,-0.4259,-0.1438,0.0,0.0,0.0,0.0,DONE,-1,0.0,1.095,0
63.472,2.9028,-0.8257,-0.1594,2.9492,-0.4259,-0.1438,0.0,0.0,0.0,0.0,DONE,-1,0.0,1.095,0
63.568,2.9028,-0.8257,-0.1594,2.9492,-0.4259,-0.1438,0.0,0.0,0.0,0.0,DONE,-1,0.0,1.095,0
63.664,2.9028,-0.8257,-0.1594,2.9492,-0.4259,-0.1438,0.0,0.0,0.0,0.0,DONE,-1,0.0,1.095,0
63.76,2.9028,-0.8257,-0.1594,2.9492,-0.4259,-0.1438,0.0,0.0,0.0,0.0,DONE,-1,0.0,1.095,0
63.856,2.9028,-0.8257,-0.1594,2.9492,-0.4259,-0.1438,0.0,0.0,0.0,0.0,DONE,-1,0.0,1.095,0
63.952,2.9028,-0.8257,-0.1594,2.9492,-0.4259,-0.1438,0.0,0.0,0.0,0.0,DONE,-1,0.0,1.095,0
64.048,2.9028,-0.8257,-0.1594,2.9492,-0.4259,-0.1438,0.0,0.0,0.0,0.0,DONE,-1,0.0,1.095,0
64.144,2.9028,-0.8257,-0.1594,2.9492,-0.4259,-0.1438,0.0,0.0,0.0,0.0,DONE,-1,0.0,1.095,0
64.24,2.9028,-0.8257,-0.1594,2.9492,-0.4259,-0.1438,0.0,0.0,0.0,0.0,DONE,-1,0.0,1.095,0
64.336,2.9028,-0.8257,-0.1594,2.9492,-0.4259,-0.1438,0.0,0.0,0.0,0.0,DONE,-1,0.0,1.095,0
64.432,2.9028,-0.8257,-0.1594,2.9492,-0.4259,-0.1438,0.0,0.0,0.0,0.0,DONE,-1,0.0,1.095,0
64.528,2.9028,-0.8257,-0.1594,2.9492,-0.4259,-0.1438,0.0,0.0,0.0,0.0,DONE,-1,0.0,1.095,0
64.624,2.9028,-0.8257,-0.1594,2.9492,-0.4259,-0.1438,0.0,0.0,0.0,0.0,DONE,-1,0.0,1.095,0
64.72,2.9028,-0.8257,-0.1594,2.9492,-0.4259,-0.1438,0.0,0.0,0.0,0.0,DONE,-1,0.0,1.095,0
64.816,2.9028,-0.8257,-0.1594,2.9492,-0.4259,-0.1438,0.0,0.0,0.0,0.0,DONE,-1,0.0,1.095,0
64.912,2.9028,-0.8257,-0.1594,2.9492,-0.4259,-0.1438,0.0,0.0,0.0,0.0,DONE,-1,0.0,1.095,0
65.008,2.9028,-0.8257,-0.1594,2.9492,-0.4259,-0.1438,0.0,0.0,0.0,0.0,DONE,-1,0.0,1.095,0
65.104,2.9028,-0.8257,-0.1594,2.9492,-0.4259,-0.1438,0.0,0.0,0.0,0.0,DONE,-1,0.0,1.095,0
65.2,2.9028,-0.8257,-0.1594,2.9492,-0.4259,-0.1438,0.0,0.0,0.0,0.0,DONE,-1,0.0,1.095,0
65.296,2.9028,-0.8257,-0.1594,2.9492,-0.4259,-0.1438,0.0,0.0,0.0,0.0,DONE,-1,0.0,1.095,0
65.392,2.9028,-0.8257,-0.1594,2.9492,-0.4259,-0.1438,0.0,0.0,0.0,0.0,DONE,-1,0.0,1.095,0
65.488,2.9028,-0.8257,-0.1594,2.9492,-0.4259,-0.1438,0.0,0.0,0.0,0.0,DONE,-1,0.0,1.095,0
65.584,2.9028,-0.8257,-0.1594,2.9492,-0.4259,-0.1438,0.0,0.0,0.0,0.0,DONE,-1,0.0,1.095,0
65.68,2.9028,-0.8257,-0.1594,2.9492,-0.4259,-0.1438,0.0,0.0,0.0,0.0,DONE,-1,0.0,1.095,0
65.776,2.9028,-0.8257,-0.1594,2.9492,-0.4259,-0.1438,0.0,0.0,0.0,0.0,DONE,-1,0.0,1.095,0
65.872,2.9028,-0.8257,-0.1594,2.9492,-0.4259,-0.1438,0.0,0.0,0.0,0.0,DONE,-1,0.0,1.095,0
65.968,2.9028,-0.8257,-0.1594,2.9492,-0.4259,-0.1438,0.0,0.0,0.0,0.0,DONE,-1,0.0,1.095,0
66.064,2.9028,-0.8257,-0.1594,2.9492,-0.4259,-0.1438,0.0,0.0,0.0,0.0,DONE,-1,0.0,1.095,0
66.16,2.9028,-0.8257,-0.1594,2.9492,-0.4259,-0.1438,0.0,0.0,0.0,0.0,DONE,-1,0.0,1.095,0
66.256,2.9028,-0.8257,-0.1594,2.9492,-0.4259,-0.1438,0.0,0.0,0.0,0.0,DONE,-1,0.0,1.095,0
66.352,2.9028,-0.8257,-0.1594,2.9492,-0.4259,-0.1438,0.0,0.0,0.0,0.0,DONE,-1,0.0,1.095,0
66.448,2.9028,-0.8257,-0.1594,2.9492,-0.4259,-0.1438,0.0,0.0,0.0,0.0,DONE,-1,0.0,1.095,0
66.544,2.9028,-0.8257,-0.1594,2.9492,-0.4259,-0.1438,0.0,0.0,0.0,0.0,DONE,-1,0.0,1.095,0
66.64,2.9028,-0.8257,-0.1594,2.9492,-0.4259,-0.1438,0.0,0.0,0.0,0.0,DONE,-1,0.0,1.095,0
66.736,2.9028,-0.8257,-0.1594,2.9492,-0.4259,-0.1438,0.0,0.0,0.0,0.0,DONE,-1,0.0,1.095,0
66.832,2.9028,-0.8257,-0.1594,2.9492,-0.4259,-0.1438,0.0,0.0,0.0,0.0,DONE,-1,0.0,1.095,0
66.928,2.9028,-0.8257,-0.1594,2.9492,-0.4259,-0.1438,0.0,0.0,0.0,0.0,DONE,-1,0.0,1.095,0
67.024,2.9028,-0.8257,-0.1594,2.9492,-0.4259,-0.1438,0.0,0.0,0.0,0.0,DONE,-1,0.0,1.095,0
67.12,2.9028,-0.8257,-0.1594,2.9492,-0.4259,-0.1438,0.0,0.0,0.0,0.0,DONE,-1,0.0,1.095,0
67.216,2.9028,-0.8257,-0.1594,2.9492,-0.4259,-0.1438,0.0,0.0,0.0,0.0,DONE,-1,0.0,1.095,0
67.312,2.9028,-0.8257,-0.1594,2.9492,-0.4259,-0.1438,0.0,0.0,0.0,0.0,DONE,-1,0.0,1.095,0
67.408,2.9028,-0.8257,-0.1594,2.9492,-0.4259,-0.1438,0.0,0.0,0.0,0.0,DONE,-1,0.0,1.095,0
67.504,2.9028,-0.8257,-0.1594,2.9492,-0.4259,-0.1438,0.0,0.0,0.0,0.0,DONE,-1,0.0,1.095,0
67.6,2.9028,-0.8257,-0.1594,2.9492,-0.4259,-0.1438,0.0,0.0,0.0,0.0,DONE,-1,0.0,1.095,0
67.696,2.9028,-0.8257,-0.1594,2.9492,-0.4259,-0.1438,0.0,0.0,0.0,0.0,DONE,-1,0.0,1.095,0
67.792,2.9028,-0.8257,-0.1594,2.9492,-0.4259,-0.1438,0.0,0.0,0.0,0.0,DONE,-1,0.0,1.095,0
67.888,2.9028,-0.8257,-0.1594,2.9492,-0.4259,-0.1438,0.0,0.0,0.0,0.0,DONE,-1,0.0,1.095,0
67.984,2.9028,-0.8257,-0.1594,2.9492,-0.4259,-0.1438,0.0,0.0,0.0,0.0,DONE,-1,0.0,1.095,0
68.08,2.9028,-0.8257,-0.1594,2.9492,-0.4259,-0.1438,0.0,0.0,0.0,0.0,DONE,-1,0.0,1.095,0
68.176,2.9028,-0.8257,-0.1594,2.9492,-0.4259,-0.1438,0.0,0.0,0.0,0.0,DONE,-1,0.0,1.095,0
68.272,2.9028,-0.8257,-0.1594,2.9492,-0.4259,-0.1438,0.0,0.0,0.0,0.0,DONE,-1,0.0,1.095,0
68.368,2.9028,-0.8257,-0.1594,2.9492,-0.4259,-0.1438,0.0,0.0,0.0,0.0,DONE,-1,0.0,1.095,0
68.464,2.9028,-0.8257,-0.1594,2.9492,-0.4259,-0.1438,0.0,0.0,0.0,0.0,DONE,-1,0.0,1.095,0
68.56,2.9028,-0.8257,-0.1594,2.9492,-0.4259,-0.1438,0.0,0.0,0.0,0.0,DONE,-1,0.0,1.095,0
68.656,2.9028,-0.8257,-0.1594,2.9492,-0.4259,-0.1438,0.0,0.0,0.0,0.0,DONE,-1,0.0,1.095,0
68.752,2.9028,-0.8257,-0.1594,2.9492,-0.4259,-0.1438,0.0,0.0,0.0,0.0,DONE,-1,0.0,1.095,0
68.848,2.9028,-0.8257,-0.1594,2.9492,-0.4259,-0.1438,0.0,0.0,0.0,0.0,DONE,-1,0.0,1.095,0
68.944,2.9028,-0.8257,-0.1594,2.9492,-0.4259,-0.1438,0.0,0.0,0.0,0.0,DONE,-1,0.0,1.095,0
69.04,2.9028,-0.8257,-0.1594,2.9492,-0.4259,-0.1438,0.0,0.0,0.0,0.0,DONE,-1,0.0,1.095,0
69.136,2.9028,-0.8257,-0.1594,2.9492,-0.4259,-0.1438,0.0,0.0,0.0,0.0,DONE,-1,0.0,1.095,0
69.232,2.9028,-0.8257,-0.1594,2.9492,-0.4259,-0.1438,0.0,0.0,0.0,0.0,DONE,-1,0.0,1.095,0
69.328,2.9028,-0.8257,-0.1594,2.9492,-0.4259,-0.1438,0.0,0.0,0.0,0.0,DONE,-1,0.0,1.095,0
69.424,2.9028,-0.8257,-0.1594,2.9492,-0.4259,-0.1438,0.0,0.0,0.0,0.0,DONE,-1,0.0,1.095,0
69.52,2.9028,-0.8257,-0.1594,2.9492,-0.4259,-0.1438,0.0,0.0,0.0,0.0,DONE,-1,0.0,1.095,0
69.616,2.9028,-0.8257,-0.1594,2.9492,-0.4259,-0.1438,0.0,0.0,0.0,0.0,DONE,-1,0.0,1.095,0
69.712,2.9028,-0.8257,-0.1594,2.9492,-0.4259,-0.1438,0.0,0.0,0.0,0.0,DONE,-1,0.0,1.095,0
69.808,2.9028,-0.8257,-0.1594,2.9492,-0.4259,-0.1438,0.0,0.0,0.0,0.0,DONE,-1,0.0,1.095,0
69.904,2.9028,-0.8257,-0.1594,2.9492,-0.4259,-0.1438,0.0,0.0,0.0,0.0,DONE,-1,0.0,1.095,0
70.0,2.9028,-0.8257,-0.1594,2.9492,-0.4259,-0.1438,0.0,0.0,0.0,0.0,DONE,-1,0.0,1.095,0
70.096,2.9028,-0.8257,-0.1594,2.9492,-0.4259,-0.1438,0.0,0.0,0.0,0.0,DONE,-1,0.0,1.095,0
70.192,2.9028,-0.8257,-0.1594,2.9492,-0.4259,-0.1438,0.0,0.0,0.0,0.0,DONE,-1,0.0,1.095,0
70.288,2.9028,-0.8257,-0.1594,2.9492,-0.4259,-0.1438,0.0,0.0,0.0,0.0,DONE,-1,0.0,1.095,0
70.384,2.9028,-0.8257,-0.1594,2.9492,-0.4259,-0.1438,0.0,0.0,0.0,0.0,DONE,-1,0.0,1.095,0
70.48,2.9028,-0.8257,-0.1594,2.9492,-0.4259,-0.1438,0.0,0.0,0.0,0.0,DONE,-1,0.0,1.095,0
70.576,2.9028,-0.8257,-0.1594,2.9492,-0.4259,-0.1438,0.0,0.0,0.0,0.0,DONE,-1,0.0,1.095,0
70.672,2.9028,-0.8257,-0.1594,2.9492,-0.4259,-0.1438,0.0,0.0,0.0,0.0,DONE,-1,0.0,1.095,0
70.768,2.9028,-0.8257,-0.1594,2.9492,-0.4259,-0.1438,0.0,0.0,0.0,0.0,DONE,-1,0.0,1.095,0
70.864,2.9028,-0.8257,-0.1594,2.9492,-0.4259,-0.1438,0.0,0.0,0.0,0.0,DONE,-1,0.0,1.095,0
70.96,2.9028,-0.8257,-0.1594,2.9492,-0.4259,-0.1438,0.0,0.0,0.0,0.0,DONE,-1,0.0,1.095,0
71.056,2.9028,-0.8257,-0.1594,2.9492,-0.4259,-0.1438,0.0,0.0,0.0,0.0,DONE,-1,0.0,1.095,0
71.152,2.9028,-0.8257,-0.1594,2.9492,-0.4259,-0.1438,0.0,0.0,0.0,0.0,DONE,-1,0.0,1.095,0
71.248,2.9028,-0.8257,-0.1594,2.9492,-0.4259,-0.1438,0.0,0.0,0.0,0.0,DONE,-1,0.0,1.095,0
71.344,2.9028,-0.8257,-0.1594,2.9492,-0.4259,-0.1438,0.0,0.0,0.0,0.0,DONE,-1,0.0,1.095,0
71.44,2.9028,-0.8257,-0.1594,2.9492,-0.4259,-0.1438,0.0,0.0,0.0,0.0,DONE,-1,0.0,1.095,0
71.536,2.9028,-0.8257,-0.1594,2.9492,-0.4259,-0.1438,0.0,0.0,0.0,0.0,DONE,-1,0.0,1.095,0
71.632,2.9028,-0.8257,-0.1594,2.9492,-0.4259,-0.1438,0.0,0.0,0.0,0.0,DONE,-1,0.0,1.095,0
71.728,2.9028,-0.8257,-0.1594,2.9492,-0.4259,-0.1438,0.0,0.0,0.0,0.0,DONE,-1,0.0,1.095,0
71.824,2.9028,-0.8257,-0.1594,2.9492,-0.4259,-0.1438,0.0,0.0,0.0,0.0,DONE,-1,0.0,1.095,0
71.92,2.9028,-0.8257,-0.1594,2.9492,-0.4259,-0.1438,0.0,0.0,0.0,0.0,DONE,-1,0.0,1.095,0
72.016,2.9028,-0.8257,-0.1594,2.9492,-0.4259,-0.1438,0.0,0.0,0.0,0.0,DONE,-1,0.0,1.095,0
72.112,2.9028,-0.8257,-0.1594,2.9492,-0.4259,-0.1438,0.0,0.0,0.0,0.0,DONE,-1,0.0,1.095,0
72.208,2.9028,-0.8257,-0.1594,2.9492,-0.4259,-0.1438,0.0,0.0,0.0,0.0,DONE,-1,0.0,1.095,0
72.304,2.9028,-0.8257,-0.1594,2.9492,-0.4259,-0.1438,0.0,0.0,0.0,0.0,DONE,-1,0.0,1.095,0
72.4,2.9028,-0.8257,-0.1594,2.9492,-0.4259,-0.1438,0.0,0.0,0.0,0.0,DONE,-1,0.0,1.095,0
72.496,2.9028,-0.8257,-0.1594,2.9492,-0.4259,-0.1438,0.0,0.0,0.0,0.0,DONE,-1,0.0,1.095,0
72.592,2.9028,-0.8257,-0.1594,2.9492,-0.4259,-0.1438,0.0,0.0,0.0,0.0,DONE,-1,0.0,1.095,0
72.688,2.9028,-0.8257,-0.1594,2.9492,-0.4259,-0.1438,0.0,0.0,0.0,0.0,DONE,-1,0.0,1.095,0
72.784,2.9028,-0.8257,-0.1594,2.9492,-0.4259,-0.1438,0.0,0.0,0.0,0.0,DONE,-1,0.0,1.095,0
72.88,2.9028,-0.8257,-0.1594,2.9492,-0.4259,-0.1438,0.0,0.0,0.0,0.0,DONE,-1,0.0,1.095,0
72.976,2.9028,-0.8257,-0.1594,2.9492,-0.4259,-0.1438,0.0,0.0,0.0,0.0,DONE,-1,0.0,1.095,0
73.072,2.9028,-0.8257,-0.1594,2.9492,-0.4259,-0.1438,0.0,0.0,0.0,0.0,DONE,-1,0.0,1.095,0
73.168,2.9028,-0.8257,-0.1594,2.9492,-0.4259,-0.1438,0.0,0.0,0.0,0.0,DONE,-1,0.0,1.095,0
73.264,2.9028,-0.8257,-0.1594,2.9492,-0.4259,-0.1438,0.0,0.0,0.0,0.0,DONE,-1,0.0,1.095,0
73.36,2.9028,-0.8257,-0.1594,2.9492,-0.4259,-0.1438,0.0,0.0,0.0,0.0,DONE,-1,0.0,1.095,0
73.456,2.9028,-0.8257,-0.1594,2.9492,-0.4259,-0.1438,0.0,0.0,0.0,0.0,DONE,-1,0.0,1.095,0
73.552,2.9028,-0.8257,-0.1594,2.9492,-0.4259,-0.1438,0.0,0.0,0.0,0.0,DONE,-1,0.0,1.095,0
73.648,2.9028,-0.8257,-0.1594,2.9492,-0.4259,-0.1438,0.0,0.0,0.0,0.0,DONE,-1,0.0,1.095,0
73.744,2.9028,-0.8257,-0.1594,2.9492,-0.4259,-0.1438,0.0,0.0,0.0,0.0,DONE,-1,0.0,1.095,0
73.84,2.9028,-0.8257,-0.1594,2.9492,-0.4259,-0.1438,0.0,0.0,0.0,0.0,DONE,-1,0.0,1.095,0
73.936,2.9028,-0.8257,-0.1594,2.9492,-0.4259,-0.1438,0.0,0.0,0.0,0.0,DONE,-1,0.0,1.095,0
74.032,2.9028,-0.8257,-0.1594,2.9492,-0.4259,-0.1438,0.0,0.0,0.0,0.0,DONE,-1,0.0,1.095,0
74.128,2.9028,-0.8257,-0.1594,2.9492,-0.4259,-0.1438,0.0,0.0,0.0,0.0,DONE,-1,0.0,1.095,0
74.224,2.9028,-0.8257,-0.1594,2.9492,-0.4259,-0.1438,0.0,0.0,0.0,0.0,DONE,-1,0.0,1.095,0
74.32,2.9028,-0.8257,-0.1594,2.9492,-0.4259,-0.1438,0.0,0.0,0.0,0.0,DONE,-1,0.0,1.095,0
74.416,2.9028,-0.8257,-0.1594,2.9492,-0.4259,-0.1438,0.0,0.0,0.0,0.0,DONE,-1,0.0,1.095,0
74.512,2.9028,-0.8257,-0.1594,2.9492,-0.4259,-0.1438,0.0,0.0,0.0,0.0,DONE,-1,0.0,1.095,0
74.608,2.9028,-0.8257,-0.1594,2.9492,-0.4259,-0.1438,0.0,0.0,0.0,0.0,DONE,-1,0.0,1.095,0
74.704,2.9028,-0.8257,-0.1594,2.9492,-0.4259,-0.1438,0.0,0.0,0.0,0.0,DONE,-1,0.0,1.095,0
74.8,2.9028,-0.8257,-0.1594,2.9492,-0.4259,-0.1438,0.0,0.0,0.0,0.0,DONE,-1,0.0,1.095,0
74.896,2.9028,-0.8257,-0.1594,2.9492,-0.4259,-0.1438,0.0,0.0,0.0,0.0,DONE,-1,0.0,1.095,0
74.992,2.9028,-0.8257,-0.1594,2.9492,-0.4259,-0.1438,0.0,0.0,0.0,0.0,DONE,-1,0.0,1.095,0
75.088,2.9028,-0.8257,-0.1594,2.9492,-0.4259,-0.1438,0.0,0.0,0.0,0.0,DONE,-1,0.0,1.095,0
75.184,2.9028,-0.8257,-0.1594,2.9492,-0.4259,-0.1438,0.0,0.0,0.0,0.0,DONE,-1,0.0,1.095,0
75.28,2.9028,-0.8257,-0.1594,2.9492,-0.4259,-0.1438,0.0,0.0,0.0,0.0,DONE,-1,0.0,1.095,0
75.376,2.9028,-0.8257,-0.1594,2.9492,-0.4259,-0.1438,0.0,0.0,0.0,0.0,DONE,-1,0.0,1.095,0
75.472,2.9028,-0.8257,-0.1594,2.9492,-0.4259,-0.1438,0.0,0.0,0.0,0.0,DONE,-1,0.0,1.095,0
75.568,2.9028,-0.8257,-0.1594,2.9492,-0.4259,-0.1438,0.0,0.0,0.0,0.0,DONE,-1,0.0,1.095,0
75.664,2.9028,-0.8257,-0.1594,2.9492,-0.4259,-0.1438,0.0,0.0,0.0,0.0,DONE,-1,0.0,1.095,0
75.76,2.9028,-0.8257,-0.1594,2.9492,-0.4259,-0.1438,0.0,0.0,0.0,0.0,DONE,-1,0.0,1.095,0
75.856,2.9028,-0.8257,-0.1594,2.9492,-0.4259,-0.1438,0.0,0.0,0.0,0.0,DONE,-1,0.0,1.095,0
75.952,2.9028,-0.8257,-0.1594,2.9492,-0.4259,-0.1438,0.0,0.0,0.0,0.0,DONE,-1,0.0,1.095,0
76.048,2.9028,-0.8257,-0.1594,2.9492,-0.4259,-0.1438,0.0,0.0,0.0,0.0,DONE,-1,0.0,1.095,0
76.144,2.9028,-0.8257,-0.1594,2.9492,-0.4259,-0.1438,0.0,0.0,0.0,0.0,DONE,-1,0.0,1.095,0
76.24,2.9028,-0.8257,-0.1594,2.9492,-0.4259,-0.1438,0.0,0.0,0.0,0.0,DONE,-1,0.0,1.095,0
76.336,2.9028,-0.8257,-0.1594,2.9492,-0.4259,-0.1438,0.0,0.0,0.0,0.0,DONE,-1,0.0,1.095,0
76.432,2.9028,-0.8257,-0.1594,2.9492,-0.4259,-0.1438,0.0,0.0,0.0,0.0,DONE,-1,0.0,1.095,0
76.528,2.9028,-0.8257,-0.1594,2.9492,-0.4259,-0.1438,0.0,0.0,0.0,0.0,DONE,-1,0.0,1.095,0
76.624,2.9028,-0.8257,-0.1594,2.9492,-0.4259,-0.1438,0.0,0.0,0.0,0.0,DONE,-1,0.0,1.095,0
76.72,2.9028,-0.8257,-0.1594,2.9492,-0.4259,-0.1438,0.0,0.0,0.0,0.0,DONE,-1,0.0,1.095,0
76.816,2.9028,-0.8257,-0.1594,2.9492,-0.4259,-0.1438,0.0,0.0,0.0,0.0,DONE,-1,0.0,1.095,0
76.912,2.9028,-0.8257,-0.1594,2.9492,-0.4259,-0.1438,0.0,0.0,0.0,0.0,DONE,-1,0.0,1.095,0
77.008,2.9028,-0.8257,-0.1594,2.9492,-0.4259,-0.1438,0.0,0.0,0.0,0.0,DONE,-1,0.0,1.095,0
77.104,2.9028,-0.8257,-0.1594,2.9492,-0.4259,-0.1438,0.0,0.0,0.0,0.0,DONE,-1,0.0,1.095,0
77.2,2.9028,-0.8257,-0.1594,2.9492,-0.4259,-0.1438,0.0,0.0,0.0,0.0,DONE,-1,0.0,1.095,0
77.296,2.9028,-0.8257,-0.1594,2.9492,-0.4259,-0.1438,0.0,0.0,0.0,0.0,DONE,-1,0.0,1.095,0
77.392,2.9028,-0.8257,-0.1594,2.9492,-0.4259,-0.1438,0.0,0.0,0.0,0.0,DONE,-1,0.0,1.095,0
77.488,2.9028,-0.8257,-0.1594,2.9492,-0.4259,-0.1438,0.0,0.0,0.0,0.0,DONE,-1,0.0,1.095,0
77.584,2.9028,-0.8257,-0.1594,2.9492,-0.4259,-0.1438,0.0,0.0,0.0,0.0,DONE,-1,0.0,1.095,0
77.68,2.9028,-0.8257,-0.1594,2.9492,-0.4259,-0.1438,0.0,0.0,0.0,0.0,DONE,-1,0.0,1.095,0
77.776,2.9028,-0.8257,-0.1594,2.9492,-0.4259,-0.1438,0.0,0.0,0.0,0.0,DONE,-1,0.0,1.095,0
77.872,2.9028,-0.8257,-0.1594,2.9492,-0.4259,-0.1438,0.0,0.0,0.0,0.0,DONE,-1,0.0,1.095,0
77.968,2.9028,-0.8257,-0.1594,2.9492,-0.4259,-0.1438,0.0,0.0,0.0,0.0,DONE,-1,0.0,1.095,0
78.064,2.9028,-0.8257,-0.1594,2.9492,-0.4259,-0.1438,0.0,0.0,0.0,0.0,DONE,-1,0.0,1.095,0
78.16,2.9028,-0.8257,-0.1594,2.9492,-0.4259,-0.1438,0.0,0.0,0.0,0.0,DONE,-1,0.0,1.095,0
78.256,2.9028,-0.8257,-0.1594,2.9492,-0.4259,-0.1438,0.0,0.0,0.0,0.0,DONE,-1,0.0,1.095,0
78.352,2.9028,-0.8257,-0.1594,2.9492,-0.4259,-0.1438,0.0,0.0,0.0,0.0,DONE,-1,0.0,1.095,0
78.448,2.9028,-0.8257,-0.1594,2.9492,-0.4259,-0.1438,0.0,0.0,0.0,0.0,DONE,-1,0.0,1.095,0
78.544,2.9028,-0.8257,-0.1594,2.9492,-0.4259,-0.1438,0.0,0.0,0.0,0.0,DONE,-1,0.0,1.095,0
78.64,2.9028,-0.8257,-0.1594,2.9492,-0.4259,-0.1438,0.0,0.0,0.0,0.0,DONE,-1,0.0,1.095,0
78.736,2.9028,-0.8257,-0.1594,2.9492,-0.4259,-0.1438,0.0,0.0,0.0,0.0,DONE,-1,0.0,1.095,0
78.832,2.9028,-0.8257,-0.1594,2.9492,-0.4259,-0.1438,0.0,0.0,0.0,0.0,DONE,-1,0.0,1.095,0
78.928,2.9028,-0.8257,-0.1594,2.9492,-0.4259,-0.1438,0.0,0.0,0.0,0.0,DONE,-1,0.0,1.095,0
79.024,2.9028,-0.8257,-0.1594,2.9492,-0.4259,-0.1438,0.0,0.0,0.0,0.0,DONE,-1,0.0,1.095,0
79.12,2.9028,-0.8257,-0.1594,2.9492,-0.4259,-0.1438,0.0,0.0,0.0,0.0,DONE,-1,0.0,1.095,0
79.216,2.9028,-0.8257,-0.1594,2.9492,-0.4259,-0.1438,0.0,0.0,0.0,0.0,DONE,-1,0.0,1.095,0
79.312,2.9028,-0.8257,-0.1594,2.9492,-0.4259,-0.1438,0.0,0.0,0.0,0.0,DONE,-1,0.0,1.095,0
79.408,2.9028,-0.8257,-0.1594,2.9492,-0.4259,-0.1438,0.0,0.0,0.0,0.0,DONE,-1,0.0,1.095,0
79.504,2.9028,-0.8257,-0.1594,2.9492,-0.4259,-0.1438,0.0,0.0,0.0,0.0,DONE,-1,0.0,1.095,0
79.6,2.9028,-0.8257,-0.1594,2.9492,-0.4259,-0.1438,0.0,0.0,0.0,0.0,DONE,-1,0.0,1.095,0
79.696,2.9028,-0.8257,-0.1594,2.9492,-0.4259,-0.1438,0.0,0.0,0.0,0.0,DONE,-1,0.0,1.095,0
79.792,2.9028,-0.8257,-0.1594,2.9492,-0.4259,-0.1438,0.0,0.0,0.0,0.0,DONE,-1,0.0,1.095,0
79.888,2.9028,-0.8257,-0.1594,2.9492,-0.4259,-0.1438,0.0,0.0,0.0,0.0,DONE,-1,0.0,1.095,0
79.984,2.9028,-0.8257,-0.1594,2.9492,-0.4259,-0.1438,0.0,0.0,0.0,0.0,DONE,-1,0.0,1.095,0
80.08,2.9028,-0.8257,-0.1594,2.9492,-0.4259,-0.1438,0.0,0.0,0.0,0.0,DONE,-1,0.0,1.095,0
80.176,2.9028,-0.8257,-0.1594,2.9492,-0.4259,-0.1438,0.0,0.0,0.0,0.0,DONE,-1,0.0,1.095,0
80.272,2.9028,-0.8257,-0.1594,2.9492,-0.4259,-0.1438,0.0,0.0,0.0,0.0,DONE,-1,0.0,1.095,0
80.368,2.9028,-0.8257,-0.1594,2.9492,-0.4259,-0.1438,0.0,0.0,0.0,0.0,DONE,-1,0.0,1.095,0
80.464,2.9028,-0.8257,-0.1594,2.9492,-0.4259,-0.1438,0.0,0.0,0.0,0.0,DONE,-1,0.0,1.095,0
80.56,2.9028,-0.8257,-0.1594,2.9492,-0.4259,-0.1438,0.0,0.0,0.0,0.0,DONE,-1,0.0,1.095,0
80.656,2.9028,-0.8257,-0.1594,2.9492,-0.4259,-0.1438,0.0,0.0,0.0,0.0,DONE,-1,0.0,1.095,0
80.752,2.9028,-0.8257,-0.1594,2.9492,-0.4259,-0.1438,0.0,0.0,0.0,0.0,DONE,-1,0.0,1.095,0
80.848,2.9028,-0.8257,-0.1594,2.9492,-0.4259,-0.1438,0.0,0.0,0.0,0.0,DONE,-1,0.0,1.095,0
80.944,2.9028,-0.8257,-0.1594,2.9492,-0.4259,-0.1438,0.0,0.0,0.0,0.0,DONE,-1,0.0,1.095,0
81.04,2.9028,-0.8257,-0.1594,2.9492,-0.4259,-0.1438,0.0,0.0,0.0,0.0,DONE,-1,0.0,1.095,0
81.136,2.9028,-0.8257,-0.1594,2.9492,-0.4259,-0.1438,0.0,0.0,0.0,0.0,DONE,-1,0.0,1.095,0
81.232,2.9028,-0.8257,-0.1594,2.9492,-0.4259,-0.1438,0.0,0.0,0.0,0.0,DONE,-1,0.0,1.095,0
81.328,2.9028,-0.8257,-0.1594,2.9492,-0.4259,-0.1438,0.0,0.0,0.0,0.0,DONE,-1,0.0,1.095,0
81.424,2.9028,-0.8257,-0.1594,2.9492,-0.4259,-0.1438,0.0,0.0,0.0,0.0,DONE,-1,0.0,1.095,0
81.52,2.9028,-0.8257,-0.1594,2.9492,-0.4259,-0.1438,0.0,0.0,0.0,0.0,DONE,-1,0.0,1.095,0
81.616,2.9028,-0.8257,-0.1594,2.9492,-0.4259,-0.1438,0.0,0.0,0.0,0.0,DONE,-1,0.0,1.095,0
81.712,2.9028,-0.8257,-0.1594,2.9492,-0.4259,-0.1438,0.0,0.0,0.0,0.0,DONE,-1,0.0,1.095,0
81.808,2.9028,-0.8257,-0.1594,2.9492,-0.4259,-0.1438,0.0,0.0,0.0,0.0,DONE,-1,0.0,1.095,0
81.904,2.9028,-0.8257,-0.1594,2.9492,-0.4259,-0.1438,0.0,0.0,0.0,0.0,DONE,-1,0.0,1.095,0
82.0,2.9028,-0.8257,-0.1594,2.9492,-0.4259,-0.1438,0.0,0.0,0.0,0.0,DONE,-1,0.0,1.095,0
82.096,2.9028,-0.8257,-0.1594,2.9492,-0.4259,-0.1438,0.0,0.0,0.0,0.0,DONE,-1,0.0,1.095,0
82.192,2.9028,-0.8257,-0.1594,2.9492,-0.4259,-0.1438,0.0,0.0,0.0,0.0,DONE,-1,0.0,1.095,0
82.288,2.9028,-0.8257,-0.1594,2.9492,-0.4259,-0.1438,0.0,0.0,0.0,0.0,DONE,-1,0.0,1.095,0
82.384,2.9028,-0.8257,-0.1594,2.9492,-0.4259,-0.1438,0.0,0.0,0.0,0.0,DONE,-1,0.0,1.095,0
82.48,2.9028,-0.8257,-0.1594,2.9492,-0.4259,-0.1438,0.0,0.0,0.0,0.0,DONE,-1,0.0,1.095,0
82.576,2.9028,-0.8257,-0.1594,2.9492,-0.4259,-0.1438,0.0,0.0,0.0,0.0,DONE,-1,0.0,1.095,0
82.672,2.9028,-0.8257,-0.1594,2.9492,-0.4259,-0.1438,0.0,0.0,0.0,0.0,DONE,-1,0.0,1.095,0
82.768,2.9028,-0.8257,-0.1594,2.9492,-0.4259,-0.1438,0.0,0.0,0.0,0.0,DONE,-1,0.0,1.095,0
82.864,2.9028,-0.8257,-0.1594,2.9492,-0.4259,-0.1438,0.0,0.0,0.0,0.0,DONE,-1,0.0,1.095,0
82.96,2.9028,-0.8257,-0.1594,2.9492,-0.4259,-0.1438,0.0,0.0,0.0,0.0,DONE,-1,0.0,1.095,0
83.056,2.9028,-0.8257,-0.1594,2.9492,-0.4259,-0.1438,0.0,0.0,0.0,0.0,DONE,-1,0.0,1.095,0
83.152,2.9028,-0.8257,-0.1594,2.9492,-0.4259,-0.1438,0.0,0.0,0.0,0.0,DONE,-1,0.0,1.095,0
83.248,2.9028,-0.8257,-0.1594,2.9492,-0.4259,-0.1438,0.0,0.0,0.0,0.0,DONE,-1,0.0,1.095,0
83.344,2.9028,-0.8257,-0.1594,2.9492,-0.4259,-0.1438,0.0,0.0,0.0,0.0,DONE,-1,0.0,1.095,0
83.44,2.9028,-0.8257,-0.1594,2.9492,-0.4259,-0.1438,0.0,0.0,0.0,0.0,DONE,-1,0.0,1.095,0
83.536,2.9028,-0.8257,-0.1594,2.9492,-0.4259,-0.1438,0.0,0.0,0.0,0.0,DONE,-1,0.0,1.095,0
83.632,2.9028,-0.8257,-0.1594,2.9492,-0.4259,-0.1438,0.0,0.0,0.0,0.0,DONE,-1,0.0,1.095,0
83.728,2.9028,-0.8257,-0.1594,2.9492,-0.4259,-0.1438,0.0,0.0,0.0,0.0,DONE,-1,0.0,1.095,0
83.824,2.9028,-0.8257,-0.1594,2.9492,-0.4259,-0.1438,0.0,0.0,0.0,0.0,DONE,-1,0.0,1.095,0
83.92,2.9028,-0.8257,-0.1594,2.9492,-0.4259,-0.1438,0.0,0.0,0.0,0.0,DONE,-1,0.0,1.095,0
84.016,2.9028,-0.8257,-0.1594,2.9492,-0.4259,-0.1438,0.0,0.0,0.0,0.0,DONE,-1,0.0,1.095,0
84.112,2.9028,-0.8257,-0.1594,2.9492,-0.4259,-0.1438,0.0,0.0,0.0,0.0,DONE,-1,0.0,1.095,0
84.208,2.9028,-0.8257,-0.1594,2.9492,-0.4259,-0.1438,0.0,0.0,0.0,0.0,DONE,-1,0.0,1.095,0
84.304,2.9028,-0.8257,-0.1594,2.9492,-0.4259,-0.1438,0.0,0.0,0.0,0.0,DONE,-1,0.0,1.095,0
84.4,2.9028,-0.8257,-0.1594,2.9492,-0.4259,-0.1438,0.0,0.0,0.0,0.0,DONE,-1,0.0,1.095,0
84.496,2.9028,-0.8257,-0.1594,2.9492,-0.4259,-0.1438,0.0,0.0,0.0,0.0,DONE,-1,0.0,1.095,0
84.592,2.9028,-0.8257,-0.1594,2.9492,-0.4259,-0.1438,0.0,0.0,0.0,0.0,DONE,-1,0.0,1.095,0
84.688,2.9028,-0.8257,-0.1594,2.9492,-0.4259,-0.1438,0.0,0.0,0.0,0.0,DONE,-1,0.0,1.095,0
84.784,2.9028,-0.8257,-0.1594,2.9492,-0.4259,-0.1438,0.0,0.0,0.0,0.0,DONE,-1,0.0,1.095,0
84.88,2.9028,-0.8257,-0.1594,2.9492,-0.4259,-0.1438,0.0,0.0,0.0,0.0,DONE,-1,0.0,1.095,0
84.976,2.9028,-0.8257,-0.1594,2.9492,-0.4259,-0.1438,0.0,0.0,0.0,0.0,DONE,-1,0.0,1.095,0
85.072,2.9028,-0.8257,-0.1594,2.9492,-0.4259,-0.1438,0.0,0.0,0.0,0.0,DONE,-1,0.0,1.095,0
85.168,2.9028,-0.8257,-0.1594,2.9492,-0.4259,-0.1438,0.0,0.0,0.0,0.0,DONE,-1,0.0,1.095,0
85.264,2.9028,-0.8257,-0.1594,2.9492,-0.4259,-0.1438,0.0,0.0,0.0,0.0,DONE,-1,0.0,1.095,0
85.36,2.9028,-0.8257,-0.1594,2.9492,-0.4259,-0.1438,0.0,0.0,0.0,0.0,DONE,-1,0.0,1.095,0
85.456,2.9028,-0.8257,-0.1594,2.9492,-0.4259,-0.1438,0.0,0.0,0.0,0.0,DONE,-1,0.0,1.095,0
85.552,2.9028,-0.8257,-0.1594,2.9492,-0.4259,-0.1438,0.0,0.0,0.0,0.0,DONE,-1,0.0,1.095,0
85.648,2.9028,-0.8257,-0.1594,2.9492,-0.4259,-0.1438,0.0,0.0,0.0,0.0,DONE,-1,0.0,1.095,0
85.744,2.9028,-0.8257,-0.1594,2.9492,-0.4259,-0.1438,0.0,0.0,0.0,0.0,DONE,-1,0.0,1.095,0
85.84,2.9028,-0.8257,-0.1594,2.9492,-0.4259,-0.1438,0.0,0.0,0.0,0.0,DONE,-1,0.0,1.095,0
85.936,2.9028,-0.8257,-0.1594,2.9492,-0.4259,-0.1438,0.0,0.0,0.0,0.0,DONE,-1,0.0,1.095,0
86.032,2.9028,-0.8257,-0.1594,2.9492,-0.4259,-0.1438,0.0,0.0,0.0,0.0,DONE,-1,0.0,1.095,0
86.128,2.9028,-0.8257,-0.1594,2.9492,-0.4259,-0.1438,0.0,0.0,0.0,0.0,DONE,-1,0.0,1.095,0
86.224,2.9028,-0.8257,-0.1594,2.9492,-0.4259,-0.1438,0.0,0.0,0.0,0.0,DONE,-1,0.0,1.095,0
86.32,2.9028,-0.8257,-0.1594,2.9492,-0.4259,-0.1438,0.0,0.0,0.0,0.0,DONE,-1,0.0,1.095,0
86.416,2.9028,-0.8257,-0.1594,2.9492,-0.4259,-0.1438,0.0,0.0,0.0,0.0,DONE,-1,0.0,1.095,0
86.512,2.9028,-0.8257,-0.1594,2.9492,-0.4259,-0.1438,0.0,0.0,0.0,0.0,DONE,-1,0.0,1.095,0
86.608,2.9028,-0.8257,-0.1594,2.9492,-0.4259,-0.1438,0.0,0.0,0.0,0.0,DONE,-1,0.0,1.095,0
86.704,2.9028,-0.8257,-0.1594,2.9492,-0.4259,-0.1438,0.0,0.0,0.0,0.0,DONE,-1,0.0,1.095,0
86.8,2.9028,-0.8257,-0.1594,2.9492,-0.4259,-0.1438,0.0,0.0,0.0,0.0,DONE,-1,0.0,1.095,0
86.896,2.9028,-0.8257,-0.1594,2.9492,-0.4259,-0.1438,0.0,0.0,0.0,0.0,DONE,-1,0.0,1.095,0
86.992,2.9028,-0.8257,-0.1594,2.9492,-0.4259,-0.1438,0.0,0.0,0.0,0.0,DONE,-1,0.0,1.095,0
87.088,2.9028,-0.8257,-0.1594,2.9492,-0.4259,-0.1438,0.0,0.0,0.0,0.0,DONE,-1,0.0,1.095,0
87.184,2.9028,-0.8257,-0.1594,2.9492,-0.4259,-0.1438,0.0,0.0,0.0,0.0,DONE,-1,0.0,1.095,0
87.28,2.9028,-0.8257,-0.1594,2.9492,-0.4259,-0.1438,0.0,0.0,0.0,0.0,DONE,-1,0.0,1.095,0
87.376,2.9028,-0.8257,-0.1594,2.9492,-0.4259,-0.1438,0.0,0.0,0.0,0.0,DONE,-1,0.0,1.095,0
87.472,2.9028,-0.8257,-0.1594,2.9492,-0.4259,-0.1438,0.0,0.0,0.0,0.0,DONE,-1,0.0,1.095,0
87.568,2.9028,-0.8257,-0.1594,2.9492,-0.4259,-0.1438,0.0,0.0,0.0,0.0,DONE,-1,0.0,1.095,0
87.664,2.9028,-0.8257,-0.1594,2.9492,-0.4259,-0.1438,0.0,0.0,0.0,0.0,DONE,-1,0.0,1.095,0
87.76,2.9028,-0.8257,-0.1594,2.9492,-0.4259,-0.1438,0.0,0.0,0.0,0.0,DONE,-1,0.0,1.095,0
87.856,2.9028,-0.8257,-0.1594,2.9492,-0.4259,-0.1438,0.0,0.0,0.0,0.0,DONE,-1,0.0,1.095,0
87.952,2.9028,-0.8257,-0.1594,2.9492,-0.4259,-0.1438,0.0,0.0,0.0,0.0,DONE,-1,0.0,1.095,0
88.048,2.9028,-0.8257,-0.1594,2.9492,-0.4259,-0.1438,0.0,0.0,0.0,0.0,DONE,-1,0.0,1.095,0
88.144,2.9028,-0.8257,-0.1594,2.9492,-0.4259,-0.1438,0.0,0.0,0.0,0.0,DONE,-1,0.0,1.095,0
88.24,2.9028,-0.8257,-0.1594,2.9492,-0.4259,-0.1438,0.0,0.0,0.0,0.0,DONE,-1,0.0,1.095,0
88.336,2.9028,-0.8257,-0.1594,2.9492,-0.4259,-0.1438,0.0,0.0,0.0,0.0,DONE,-1,0.0,1.095,0
88.432,2.9028,-0.8257,-0.1594,2.9492,-0.4259,-0.1438,0.0,0.0,0.0,0.0,DONE,-1,0.0,1.095,0
88.528,2.9028,-0.8257,-0.1594,2.9492,-0.4259,-0.1438,0.0,0.0,0.0,0.0,DONE,-1,0.0,1.095,0
88.624,2.9028,-0.8257,-0.1594,2.9492,-0.4259,-0.1438,0.0,0.0,0.0,0.0,DONE,-1,0.0,1.095,0
88.72,2.9028,-0.8257,-0.1594,2.9492,-0.4259,-0.1438,0.0,0.0,0.0,0.0,DONE,-1,0.0,1.095,0
88.816,2.9028,-0.8257,-0.1594,2.9492,-0.4259,-0.1438,0.0,0.0,0.0,0.0,DONE,-1,0.0,1.095,0
88.912,2.9028,-0.8257,-0.1594,2.9492,-0.4259,-0.1438,0.0,0.0,0.0,0.0,DONE,-1,0.0,1.095,0
89.008,2.9028,-0.8257,-0.1594,2.9492,-0.4259,-0.1438,0.0,0.0,0.0,0.0,DONE,-1,0.0,1.095,0
89.104,2.9028,-0.8257,-0.1594,2.9492,-0.4259,-0.1438,0.0,0.0,0.0,0.0,DONE,-1,0.0,1.095,0
89.2,2.9028,-0.8257,-0.1594,2.9492,-0.4259,-0.1438,0.0,0.0,0.0,0.0,DONE,-1,0.0,1.095,0
89.296,2.9028,-0.8257,-0.1594,2.9492,-0.4259,-0.1438,0.0,0.0,0.0,0.0,DONE,-1,0.0,1.095,0
89.392,2.9028,-0.8257,-0.1594,2.9492,-0.4259,-0.1438,0.0,0.0,0.0,0.0,DONE,-1,0.0,1.095,0
89.488,2.9028,-0.8257,-0.1594,2.9492,-0.4259,-0.1438,0.0,0.0,0.0,0.0,DONE,-1,0.0,1.095,0
89.584,2.9028,-0.8257,-0.1594,2.9492,-0.4259,-0.1438,0.0,0.0,0.0,0.0,DONE,-1,0.0,1.095,0
89.68,2.9028,-0.8257,-0.1594,2.9492,-0.4259,-0.1438,0.0,0.0,0.0,0.0,DONE,-1,0.0,1.095,0
89.776,2.9028,-0.8257,-0.1594,2.9492,-0.4259,-0.1438,0.0,0.0,0.0,0.0,DONE,-1,0.0,1.095,0
89.872,2.9028,-0.8257,-0.1594,2.9492,-0.4259,-0.1438,0.0,0.0,0.0,0.0,DONE,-1,0.0,1.095,0
89.968,2.9028,-0.8257,-0.1594,2.9492,-0.4259,-0.1438,0.0,0.0,0.0,0.0,DONE,-1,0.0,1.095,0
90.064,2.9028,-0.8257,-0.1594,2.9492,-0.4259,-0.1438,0.0,0.0,0.0,0.0,DONE,-1,0.0,1.095,0
90.16,2.9028,-0.8257,-0.1594,2.9492,-0.4259,-0.1438,0.0,0.0,0.0,0.0,DONE,-1,0.0,1.095,0
90.256,2.9028,-0.8257,-0.1594,2.9492,-0.4259,-0.1438,0.0,0.0,0.0,0.0,DONE,-1,0.0,1.095,0
90.352,2.9028,-0.8257,-0.1594,2.9492,-0.4259,-0.1438,0.0,0.0,0.0,0.0,DONE,-1,0.0,1.095,0
90.448,2.9028,-0.8257,-0.1594,2.9492,-0.4259,-0.1438,0.0,0.0,0.0,0.0,DONE,-1,0.0,1.095,0
90.544,2.9028,-0.8257,-0.1594,2.9492,-0.4259,-0.1438,0.0,0.0,0.0,0.0,DONE,-1,0.0,1.095,0
90.64,2.9028,-0.8257,-0.1594,2.9492,-0.4259,-0.1438,0.0,0.0,0.0,0.0,DONE,-1,0.0,1.095,0
90.736,2.9028,-0.8257,-0.1594,2.9492,-0.4259,-0.1438,0.0,0.0,0.0,0.0,DONE,-1,0.0,1.095,0
90.832,2.9028,-0.8257,-0.1594,2.9492,-0.4259,-0.1438,0.0,0.0,0.0,0.0,DONE,-1,0.0,1.095,0
90.928,2.9028,-0.8257,-0.1594,2.9492,-0.4259,-0.1438,0.0,0.0,0.0,0.0,DONE,-1,0.0,1.095,0
91.024,2.9028,-0.8257,-0.1594,2.9492,-0.4259,-0.1438,0.0,0.0,0.0,0.0,DONE,-1,0.0,1.095,0
91.12,2.9028,-0.8257,-0.1594,2.9492,-0.4259,-0.1438,0.0,0.0,0.0,0.0,DONE,-1,0.0,1.095,0
91.216,2.9028,-0.8257,-0.1594,2.9492,-0.4259,-0.1438,0.0,0.0,0.0,0.0,DONE,-1,0.0,1.095,0
91.312,2.9028,-0.8257,-0.1594,2.9492,-0.4259,-0.1438,0.0,0.0,0.0,0.0,DONE,-1,0.0,1.095,0
91.408,2.9028,-0.8257,-0.1594,2.9492,-0.4259,-0.1438,0.0,0.0,0.0,0.0,DONE,-1,0.0,1.095,0
91.504,2.9028,-0.8257,-0.1594,2.9492,-0.4259,-0.1438,0.0,0.0,0.0,0.0,DONE,-1,0.0,1.095,0
91.6,2.9028,-0.8257,-0.1594,2.9492,-0.4259,-0.1438,0.0,0.0,0.0,0.0,DONE,-1,0.0,1.095,0
91.696,2.9028,-0.8257,-0.1594,2.9492,-0.4259,-0.1438,0.0,0.0,0.0,0.0,DONE,-1,0.0,1.095,0
91.792,2.9028,-0.8257,-0.1594,2.9492,-0.4259,-0.1438,0.0,0.0,0.0,0.0,DONE,-1,0.0,1.095,0
91.888,2.9028,-0.8257,-0.1594,2.9492,-0.4259,-0.1438,0.0,0.0,0.0,0.0,DONE,-1,0.0,1.095,0
91.984,2.9028,-0.8257,-0.1594,2.9492,-0.4259,-0.1438,0.0,0.0,0.0,0.0,DONE,-1,0.0,1.095,0
92.08,2.9028,-0.8257,-0.1594,2.9492,-0.4259,-0.1438,0.0,0.0,0.0,0.0,DONE,-1,0.0,1.095,0
92.176,2.9028,-0.8257,-0.1594,2.9492,-0.4259,-0.1438,0.0,0.0,0.0,0.0,DONE,-1,0.0,1.095,0
92.272,2.9028,-0.8257,-0.1594,2.9492,-0.4259,-0.1438,0.0,0.0,0.0,0.0,DONE,-1,0.0,1.095,0
92.368,2.9028,-0.8257,-0.1594,2.9492,-0.4259,-0.1438,0.0,0.0,0.0,0.0,DONE,-1,0.0,1.095,0
92.464,2.9028,-0.8257,-0.1594,2.9492,-0.4259,-0.1438,0.0,0.0,0.0,0.0,DONE,-1,0.0,1.095,0
92.56,2.9028,-0.8257,-0.1594,2.9492,-0.4259,-0.1438,0.0,0.0,0.0,0.0,DONE,-1,0.0,1.095,0
92.656,2.9028,-0.8257,-0.1594,2.9492,-0.4259,-0.1438,0.0,0.0,0.0,0.0,DONE,-1,0.0,1.095,0
92.752,2.9028,-0.8257,-0.1594,2.9492,-0.4259,-0.1438,0.0,0.0,0.0,0.0,DONE,-1,0.0,1.095,0
92.848,2.9028,-0.8257,-0.1594,2.9492,-0.4259,-0.1438,0.0,0.0,0.0,0.0,DONE,-1,0.0,1.095,0
92.944,2.9028,-0.8257,-0.1594,2.9492,-0.4259,-0.1438,0.0,0.0,0.0,0.0,DONE,-1,0.0,1.095,0
93.04,2.9028,-0.8257,-0.1594,2.9492,-0.4259,-0.1438,0.0,0.0,0.0,0.0,DONE,-1,0.0,1.095,0
93.136,2.9028,-0.8257,-0.1594,2.9492,-0.4259,-0.1438,0.0,0.0,0.0,0.0,DONE,-1,0.0,1.095,0
93.232,2.9028,-0.8257,-0.1594,2.9492,-0.4259,-0.1438,0.0,0.0,0.0,0.0,DONE,-1,0.0,1.095,0
93.328,2.9028,-0.8257,-0.1594,2.9492,-0.4259,-0.1438,0.0,0.0,0.0,0.0,DONE,-1,0.0,1.095,0
93.424,2.9028,-0.8257,-0.1594,2.9492,-0.4259,-0.1438,0.0,0.0,0.0,0.0,DONE,-1,0.0,1.095,0
93.52,2.9028,-0.8257,-0.1594,2.9492,-0.4259,-0.1438,0.0,0.0,0.0,0.0,DONE,-1,0.0,1.095,0
93.616,2.9028,-0.8257,-0.1594,2.9492,-0.4259,-0.1438,0.0,0.0,0.0,0.0,DONE,-1,0.0,1.095,0
93.712,2.9028,-0.8257,-0.1594,2.9492,-0.4259,-0.1438,0.0,0.0,0.0,0.0,DONE,-1,0.0,1.095,0
93.808,2.9028,-0.8257,-0.1594,2.9492,-0.4259,-0.1438,0.0,0.0,0.0,0.0,DONE,-1,0.0,1.095,0
93.904,2.9028,-0.8257,-0.1594,2.9492,-0.4259,-0.1438,0.0,0.0,0.0,0.0,DONE,-1,0.0,1.095,0
94.0,2.9028,-0.8257,-0.1594,2.9492,-0.4259,-0.1438,0.0,0.0,0.0,0.0,DONE,-1,0.0,1.095,0
94.096,2.9028,-0.8257,-0.1594,2.9492,-0.4259,-0.1438,0.0,0.0,0.0,0.0,DONE,-1,0.0,1.095,0
94.192,2.9028,-0.8257,-0.1594,2.9492,-0.4259,-0.1438,0.0,0.0,0.0,0.0,DONE,-1,0.0,1.095,0
94.288,2.9028,-0.8257,-0.1594,2.9492,-0.4259,-0.1438,0.0,0.0,0.0,0.0,DONE,-1,0.0,1.095,0
94.384,2.9028,-0.8257,-0.1594,2.9492,-0.4259,-0.1438,0.0,0.0,0.0,0.0,DONE,-1,0.0,1.095,0
94.48,2.9028,-0.8257,-0.1594,2.9492,-0.4259,-0.1438,0.0,0.0,0.0,0.0,DONE,-1,0.0,1.095,0
94.576,2.9028,-0.8257,-0.1594,2.9492,-0.4259,-0.1438,0.0,0.0,0.0,0.0,DONE,-1,0.0,1.095,0
94.672,2.9028,-0.8257,-0.1594,2.9492,-0.4259,-0.1438,0.0,0.0,0.0,0.0,DONE,-1,0.0,1.095,0
94.768,2.9028,-0.8257,-0.1594,2.9492,-0.4259,-0.1438,0.0,0.0,0.0,0.0,DONE,-1,0.0,1.095,0
94.864,2.9028,-0.8257,-0.1594,2.9492,-0.4259,-0.1438,0.0,0.0,0.0,0.0,DONE,-1,0.0,1.095,0
94.96,2.9028,-0.8257,-0.1594,2.9492,-0.4259,-0.1438,0.0,0.0,0.0,0.0,DONE,-1,0.0,1.095,0
95.056,2.9028,-0.8257,-0.1594,2.9492,-0.4259,-0.1438,0.0,0.0,0.0,0.0,DONE,-1,0.0,1.095,0
95.152,2.9028,-0.8257,-0.1594,2.9492,-0.4259,-0.1438,0.0,0.0,0.0,0.0,DONE,-1,0.0,1.095,0
95.248,2.9028,-0.8257,-0.1594,2.9492,-0.4259,-0.1438,0.0,0.0,0.0,0.0,DONE,-1,0.0,1.095,0
95.344,2.9028,-0.8257,-0.1594,2.9492,-0.4259,-0.1438,0.0,0.0,0.0,0.0,DONE,-1,0.0,1.095,0
95.44,2.9028,-0.8257,-0.1594,2.9492,-0.4259,-0.1438,0.0,0.0,0.0,0.0,DONE,-1,0.0,1.095,0
95.536,2.9028,-0.8257,-0.1594,2.9492,-0.4259,-0.1438,0.0,0.0,0.0,0.0,DONE,-1,0.0,1.095,0
95.632,2.9028,-0.8257,-0.1594,2.9492,-0.4259,-0.1438,0.0,0.0,0.0,0.0,DONE,-1,0.0,1.095,0
95.728,2.9028,-0.8257,-0.1594,2.9492,-0.4259,-0.1438,0.0,0.0,0.0,0.0,DONE,-1,0.0,1.095,0
95.824,2.9028,-0.8257,-0.1594,2.9492,-0.4259,-0.1438,0.0,0.0,0.0,0.0,DONE,-1,0.0,1.095,0
95.92,2.9028,-0.8257,-0.1594,2.9492,-0.4259,-0.1438,0.0,0.0,0.0,0.0,DONE,-1,0.0,1.095,0
96.016,2.9028,-0.8257,-0.1594,2.9492,-0.4259,-0.1438,0.0,0.0,0.0,0.0,DONE,-1,0.0,1.095,0
96.112,2.9028,-0.8257,-0.1594,2.9492,-0.4259,-0.1438,0.0,0.0,0.0,0.0,DONE,-1,0.0,1.095,0
96.208,2.9028,-0.8257,-0.1594,2.9492,-0.4259,-0.1438,0.0,0.0,0.0,0.0,DONE,-1,0.0,1.095,0
96.304,2.9028,-0.8257,-0.1594,2.9492,-0.4259,-0.1438,0.0,0.0,0.0,0.0,DONE,-1,0.0,1.095,0
96.4,2.9028,-0.8257,-0.1594,2.9492,-0.4259,-0.1438,0.0,0.0,0.0,0.0,DONE,-1,0.0,1.095,0
96.496,2.9028,-0.8257,-0.1594,2.9492,-0.4259,-0.1438,0.0,0.0,0.0,0.0,DONE,-1,0.0,1.095,0
96.592,2.9028,-0.8257,-0.1594,2.9492,-0.4259,-0.1438,0.0,0.0,0.0,0.0,DONE,-1,0.0,1.095,0
96.688,2.9028,-0.8257,-0.1594,2.9492,-0.4259,-0.1438,0.0,0.0,0.0,0.0,DONE,-1,0.0,1.095,0
96.784,2.9028,-0.8257,-0.1594,2.9492,-0.4259,-0.1438,0.0,0.0,0.0,0.0,DONE,-1,0.0,1.095,0
96.88,2.9028,-0.8257,-0.1594,2.9492,-0.4259,-0.1438,0.0,0.0,0.0,0.0,DONE,-1,0.0,1.095,0
96.976,2.9028,-0.8257,-0.1594,2.9492,-0.4259,-0.1438,0.0,0.0,0.0,0.0,DONE,-1,0.0,1.095,0
97.072,2.9028,-0.8257,-0.1594,2.9492,-0.4259,-0.1438,0.0,0.0,0.0,0.0,DONE,-1,0.0,1.095,0
97.168,2.9028,-0.8257,-0.1594,2.9492,-0.4259,-0.1438,0.0,0.0,0.0,0.0,DONE,-1,0.0,1.095,0
97.264,2.9028,-0.8257,-0.1594,2.9492,-0.4259,-0.1438,0.0,0.0,0.0,0.0,DONE,-1,0.0,1.095,0
97.36,2.9028,-0.8257,-0.1594,2.9492,-0.4259,-0.1438,0.0,0.0,0.0,0.0,DONE,-1,0.0,1.095,0
97.456,2.9028,-0.8257,-0.1594,2.9492,-0.4259,-0.1438,0.0,0.0,0.0,0.0,DONE,-1,0.0,1.095,0
97.552,2.9028,-0.8257,-0.1594,2.9492,-0.4259,-0.1438,0.0,0.0,0.0,0.0,DONE,-1,0.0,1.095,0
97.648,2.9028,-0.8257,-0.1594,2.9492,-0.4259,-0.1438,0.0,0.0,0.0,0.0,DONE,-1,0.0,1.095,0
97.744,2.9028,-0.8257,-0.1594,2.9492,-0.4259,-0.1438,0.0,0.0,0.0,0.0,DONE,-1,0.0,1.095,0
97.84,2.9028,-0.8257,-0.1594,2.9492,-0.4259,-0.1438,0.0,0.0,0.0,0.0,DONE,-1,0.0,1.095,0
97.936,2.9028,-0.8257,-0.1594,2.9492,-0.4259,-0.1438,0.0,0.0,0.0,0.0,DONE,-1,0.0,1.095,0
98.032,2.9028,-0.8257,-0.1594,2.9492,-0.4259,-0.1438,0.0,0.0,0.0,0.0,DONE,-1,0.0,1.095,0
98.128,2.9028,-0.8257,-0.1594,2.9492,-0.4259,-0.1438,0.0,0.0,0.0,0.0,DONE,-1,0.0,1.095,0
98.224,2.9028,-0.8257,-0.1594,2.9492,-0.4259,-0.1438,0.0,0.0,0.0,0.0,DONE,-1,0.0,1.095,0
98.32,2.9028,-0.8257,-0.1594,2.9492,-0.4259,-0.1438,0.0,0.0,0.0,0.0,DONE,-1,0.0,1.095,0
98.416,2.9028,-0.8257,-0.1594,2.9492,-0.4259,-0.1438,0.0,0.0,0.0,0.0,DONE,-1,0.0,1.095,0
98.512,2.9028,-0.8257,-0.1594,2.9492,-0.4259,-0.1438,0.0,0.0,0.0,0.0,DONE,-1,0.0,1.095,0
98.608,2.9028,-0.8257,-0.1594,2.9492,-0.4259,-0.1438,0.0,0.0,0.0,0.0,DONE,-1,0.0,1.095,0
98.704,2.9028,-0.8257,-0.1594,2.9492,-0.4259,-0.1438,0.0,0.0,0.0,0.0,DONE,-1,0.0,1.095,0
98.8,2.9028,-0.8257,-0.1594,2.9492,-0.4259,-0.1438,0.0,0.0,0.0,0.0,DONE,-1,0.0,1.095,0
98.896,2.9028,-0.8257,-0.1594,2.9492,-0.4259,-0.1438,0.0,0.0,0.0,0.0,DONE,-1,0.0,1.095,0
98.992,2.9028,-0.8257,-0.1594,2.9492,-0.4259,-0.1438,0.0,0.0,0.0,0.0,DONE,-1,0.0,1.095,0
99.088,2.9028,-0.8257,-0.1594,2.9492,-0.4259,-0.1438,0.0,0.0,0.0,0.0,DONE,-1,0.0,1.095,0
99.184,2.9028,-0.8257,-0.1594,2.9492,-0.4259,-0.1438,0.0,0.0,0.0,0.0,DONE,-1,0.0,1.095,0
99.28,2.9028,-0.8257,-0.1594,2.9492,-0.4259,-0.1438,0.0,0.0,0.0,0.0,DONE,-1,0.0,1.095,0
99.376,2.9028,-0.8257,-0.1594,2.9492,-0.4259,-0.1438,0.0,0.0,0.0,0.0,DONE,-1,0.0,1.095,0
99.472,2.9028,-0.8257,-0.1594,2.9492,-0.4259,-0.1438,0.0,0.0,0.0,0.0,DONE,-1,0.0,1.095,0
99.568,2.9028,-0.8257,-0.1594,2.9492,-0.4259,-0.1438,0.0,0.0,0.0,0.0,DONE,-1,0.0,1.095,0
99.664,2.9028,-0.8257,-0.1594,2.9492,-0.4259,-0.1438,0.0,0.0,0.0,0.0,DONE,-1,0.0,1.095,0
99.76,2.9028,-0.8257,-0.1594,2.9492,-0.4259,-0.1438,0.0,0.0,0.0,0.0,DONE,-1,0.0,1.095,0
99.856,2.9028,-0.8257,-0.1594,2.9492,-0.4259,-0.1438,0.0,0.0,0.0,0.0,DONE,-1,0.0,1.095,0
99.952,2.9028,-0.8257,-0.1594,2.9492,-0.4259,-0.1438,0.0,0.0,0.0,0.0,DONE,-1,0.0,1.095,0
100.048,2.9028,-0.8257,-0.1594,2.9492,-0.4259,-0.1438,0.0,0.0,0.0,0.0,DONE,-1,0.0,1.095,0
100.144,2.9028,-0.8257,-0.1594,2.9492,-0.4259,-0.1438,0.0,0.0,0.0,0.0,DONE,-1,0.0,1.095,0
100.24,2.9028,-0.8257,-0.1594,2.9492,-0.4259,-0.1438,0.0,0.0,0.0,0.0,DONE,-1,0.0,1.095,0
100.336,2.9028,-0.8257,-0.1594,2.9492,-0.4259,-0.1438,0.0,0.0,0.0,0.0,DONE,-1,0.0,1.095,0
100.432,2.9028,-0.8257,-0.1594,2.9492,-0.4259,-0.1438,0.0,0.0,0.0,0.0,DONE,-1,0.0,1.095,0
100.528,2.9028,-0.8257,-0.1594,2.9492,-0.4259,-0.1438,0.0,0.0,0.0,0.0,DONE,-1,0.0,1.095,0
100.624,2.9028,-0.8257,-0.1594,2.9492,-0.4259,-0.1438,0.0,0.0,0.0,0.0,DONE,-1,0.0,1.095,0
100.72,2.9028,-0.8257,-0.1594,2.9492,-0.4259,-0.1438,0.0,0.0,0.0,0.0,DONE,-1,0.0,1.095,0
100.816,2.9028,-0.8257,-0.1594,2.9492,-0.4259,-0.1438,0.0,0.0,0.0,0.0,DONE,-1,0.0,1.095,0
100.912,2.9028,-0.8257,-0.1594,2.9492,-0.4259,-0.1438,0.0,0.0,0.0,0.0,DONE,-1,0.0,1.095,0
101.008,2.9028,-0.8257,-0.1594,2.9492,-0.4259,-0.1438,0.0,0.0,0.0,0.0,DONE,-1,0.0,1.095,0
101.104,2.9028,-0.8257,-0.1594,2.9492,-0.4259,-0.1438,0.0,0.0,0.0,0.0,DONE,-1,0.0,1.095,0
101.2,2.9028,-0.8257,-0.1594,2.9492,-0.4259,-0.1438,0.0,0.0,0.0,0.0,DONE,-1,0.0,1.095,0
101.296,2.9028,-0.8257,-0.1594,2.9492,-0.4259,-0.1438,0.0,0.0,0.0,0.0,DONE,-1,0.0,1.095,0
101.392,2.9028,-0.8257,-0.1594,2.9492,-0.4259,-0.1438,0.0,0.0,0.0,0.0,DONE,-1,0.0,1.095,0
101.488,2.9028,-0.8257,-0.1594,2.9492,-0.4259,-0.1438,0.0,0.0,0.0,0.0,DONE,-1,0.0,1.095,0
101.584,2.9028,-0.8257,-0.1594,2.9492,-0.4259,-0.1438,0.0,0.0,0.0,0.0,DONE,-1,0.0,1.095,0
101.68,2.9028,-0.8257,-0.1594,2.9492,-0.4259,-0.1438,0.0,0.0,0.0,0.0,DONE,-1,0.0,1.095,0
101.776,2.9028,-0.8257,-0.1594,2.9492,-0.4259,-0.1438,0.0,0.0,0.0,0.0,DONE,-1,0.0,1.095,0
101.872,2.9028,-0.8257,-0.1594,2.9492,-0.4259,-0.1438,0.0,0.0,0.0,0.0,DONE,-1,0.0,1.095,0
101.968,2.9028,-0.8257,-0.1594,2.9492,-0.4259,-0.1438,0.0,0.0,0.0,0.0,DONE,-1,0.0,1.095,0
102.064,2.9028,-0.8257,-0.1594,2.9492,-0.4259,-0.1438,0.0,0.0,0.0,0.0,DONE,-1,0.0,1.095,0
102.16,2.9028,-0.8257,-0.1594,2.9492,-0.4259,-0.1438,0.0,0.0,0.0,0.0,DONE,-1,0.0,1.095,0
102.256,2.9028,-0.8257,-0.1594,2.9492,-0.4259,-0.1438,0.0,0.0,0.0,0.0,DONE,-1,0.0,1.095,0
102.352,2.9028,-0.8257,-0.1594,2.9492,-0.4259,-0.1438,0.0,0.0,0.0,0.0,DONE,-1,0.0,1.095,0
102.448,2.9028,-0.8257,-0.1594,2.9492,-0.4259,-0.1438,0.0,0.0,0.0,0.0,DONE,-1,0.0,1.095,0
102.544,2.9028,-0.8257,-0.1594,2.9492,-0.4259,-0.1438,0.0,0.0,0.0,0.0,DONE,-1,0.0,1.095,0
102.64,2.9028,-0.8257,-0.1594,2.9492,-0.4259,-0.1438,0.0,0.0,0.0,0.0,DONE,-1,0.0,1.095,0
102.736,2.9028,-0.8257,-0.1594,2.9492,-0.4259,-0.1438,0.0,0.0,0.0,0.0,DONE,-1,0.0,1.095,0
102.832,2.9028,-0.8257,-0.1594,2.9492,-0.4259,-0.1438,0.0,0.0,0.0,0.0,DONE,-1,0.0,1.095,0
102.928,2.9028,-0.8257,-0.1594,2.9492,-0.4259,-0.1438,0.0,0.0,0.0,0.0,DONE,-1,0.0,1.095,0
103.024,2.9028,-0.8257,-0.1594,2.9492,-0.4259,-0.1438,0.0,0.0,0.0,0.0,DONE,-1,0.0,1.095,0
103.12,2.9028,-0.8257,-0.1594,2.9492,-0.4259,-0.1438,0.0,0.0,0.0,0.0,DONE,-1,0.0,1.095,0
103.216,2.9028,-0.8257,-0.1594,2.9492,-0.4259,-0.1438,0.0,0.0,0.0,0.0,DONE,-1,0.0,1.095,0
103.312,2.9028,-0.8257,-0.1594,2.9492,-0.4259,-0.1438,0.0,0.0,0.0,0.0,DONE,-1,0.0,1.095,0
103.408,2.9028,-0.8257,-0.1594,2.9492,-0.4259,-0.1438,0.0,0.0,0.0,0.0,DONE,-1,0.0,1.095,0
103.504,2.9028,-0.8257,-0.1594,2.9492,-0.4259,-0.1438,0.0,0.0,0.0,0.0,DONE,-1,0.0,1.095,0
103.6,2.9028,-0.8257,-0.1594,2.9492,-0.4259,-0.1438,0.0,0.0,0.0,0.0,DONE,-1,0.0,1.095,0
103.696,2.9028,-0.8257,-0.1594,2.9492,-0.4259,-0.1438,0.0,0.0,0.0,0.0,DONE,-1,0.0,1.095,0
103.792,2.9028,-0.8257,-0.1594,2.9492,-0.4259,-0.1438,0.0,0.0,0.0,0.0,DONE,-1,0.0,1.095,0
103.888,2.9028,-0.8257,-0.1594,2.9492,-0.4259,-0.1438,0.0,0.0,0.0,0.0,DONE,-1,0.0,1.095,0
103.984,2.9028,-0.8257,-0.1594,2.9492,-0.4259,-0.1438,0.0,0.0,0.0,0.0,DONE,-1,0.0,1.095,0
104.08,2.9028,-0.8257,-0.1594,2.9492,-0.4259,-0.1438,0.0,0.0,0.0,0.0,DONE,-1,0.0,1.095,0
104.176,2.9028,-0.8257,-0.1594,2.9492,-0.4259,-0.1438,0.0,0.0,0.0,0.0,DONE,-1,0.0,1.095,0
104.272,2.9028,-0.8257,-0.1594,2.9492,-0.4259,-0.1438,0.0,0.0,0.0,0.0,DONE,-1,0.0,1.095,0
104.368,2.9028,-0.8257,-0.1594,2.9492,-0.4259,-0.1438,0.0,0.0,0.0,0.0,DONE,-1,0.0,1.095,0
104.464,2.9028,-0.8257,-0.1594,2.9492,-0.4259,-0.1438,0.0,0.0,0.0,0.0,DONE,-1,0.0,1.095,0
104.56,2.9028,-0.8257,-0.1594,2.9492,-0.4259,-0.1438,0.0,0.0,0.0,0.0,DONE,-1,0.0,1.095,0
104.656,2.9028,-0.8257,-0.1594,2.9492,-0.4259,-0.1438,0.0,0.0,0.0,0.0,DONE,-1,0.0,1.095,0
104.752,2.9028,-0.8257,-0.1594,2.9492,-0.4259,-0.1438,0.0,0.0,0.0,0.0,DONE,-1,0.0,1.095,0
104.848,2.9028,-0.8257,-0.1594,2.9492,-0.4259,-0.1438,0.0,0.0,0.0,0.0,DONE,-1,0.0,1.095,0
104.944,2.9028,-0.8257,-0.1594,2.9492,-0.4259,-0.1438,0.0,0.0,0.0,0.0,DONE,-1,0.0,1.095,0
105.04,2.9028,-0.8257,-0.1594,2.9492,-0.4259,-0.1438,0.0,0.0,0.0,0.0,DONE,-1,0.0,1.095,0
105.136,2.9028,-0.8257,-0.1594,2.9492,-0.4259,-0.1438,0.0,0.0,0.0,0.0,DONE,-1,0.0,1.095,0
105.232,2.9028,-0.8257,-0.1594,2.9492,-0.4259,-0.1438,0.0,0.0,0.0,0.0,DONE,-1,0.0,1.095,0
105.328,2.9028,-0.8257,-0.1594,2.9492,-0.4259,-0.1438,0.0,0.0,0.0,0.0,DONE,-1,0.0,1.095,0
105.424,2.9028,-0.8257,-0.1594,2.9492,-0.4259,-0.1438,0.0,0.0,0.0,0.0,DONE,-1,0.0,1.095,0
105.52,2.9028,-0.8257,-0.1594,2.9492,-0.4259,-0.1438,0.0,0.0,0.0,0.0,DONE,-1,0.0,1.095,0
105.616,2.9028,-0.8257,-0.1594,2.9492,-0.4259,-0.1438,0.0,0.0,0.0,0.0,DONE,-1,0.0,1.095,0
105.712,2.9028,-0.8257,-0.1594,2.9492,-0.4259,-0.1438,0.0,0.0,0.0,0.0,DONE,-1,0.0,1.095,0
105.808,2.9028,-0.8257,-0.1594,2.9492,-0.4259,-0.1438,0.0,0.0,0.0,0.0,DONE,-1,0.0,1.095,0
105.904,2.9028,-0.8257,-0.1594,2.9492,-0.4259,-0.1438,0.0,0.0,0.0,0.0,DONE,-1,0.0,1.095,0
106.0,2.9028,-0.8257,-0.1594,2.9492,-0.4259,-0.1438,0.0,0.0,0.0,0.0,DONE,-1,0.0,1.095,0
106.096,2.9028,-0.8257,-0.1594,2.9492,-0.4259,-0.1438,0.0,0.0,0.0,0.0,DONE,-1,0.0,1.095,0
106.192,2.9028,-0.8257,-0.1594,2.9492,-0.4259,-0.1438,0.0,0.0,0.0,0.0,DONE,-1,0.0,1.095,0
106.288,2.9028,-0.8257,-0.1594,2.9492,-0.4259,-0.1438,0.0,0.0,0.0,0.0,DONE,-1,0.0,1.095,0
106.384,2.9028,-0.8257,-0.1594,2.9492,-0.4259,-0.1438,0.0,0.0,0.0,0.0,DONE,-1,0.0,1.095,0
106.48,2.9028,-0.8257,-0.1594,2.9492,-0.4259,-0.1438,0.0,0.0,0.0,0.0,DONE,-1,0.0,1.095,0
106.576,2.9028,-0.8257,-0.1594,2.9492,-0.4259,-0.1438,0.0,0.0,0.0,0.0,DONE,-1,0.0,1.095,0
106.672,2.9028,-0.8257,-0.1594,2.9492,-0.4259,-0.1438,0.0,0.0,0.0,0.0,DONE,-1,0.0,1.095,0
106.768,2.9028,-0.8257,-0.1594,2.9492,-0.4259,-0.1438,0.0,0.0,0.0,0.0,DONE,-1,0.0,1.095,0
106.864,2.9028,-0.8257,-0.1594,2.9492,-0.4259,-0.1438,0.0,0.0,0.0,0.0,DONE,-1,0.0,1.095,0
106.96,2.9028,-0.8257,-0.1594,2.9492,-0.4259,-0.1438,0.0,0.0,0.0,0.0,DONE,-1,0.0,1.095,0
107.056,2.9028,-0.8257,-0.1594,2.9492,-0.4259,-0.1438,0.0,0.0,0.0,0.0,DONE,-1,0.0,1.095,0
107.152,2.9028,-0.8257,-0.1594,2.9492,-0.4259,-0.1438,0.0,0.0,0.0,0.0,DONE,-1,0.0,1.095,0
107.248,2.9028,-0.8257,-0.1594,2.9492,-0.4259,-0.1438,0.0,0.0,0.0,0.0,DONE,-1,0.0,1.095,0
107.344,2.9028,-0.8257,-0.1594,2.9492,-0.4259,-0.1438,0.0,0.0,0.0,0.0,DONE,-1,0.0,1.095,0
107.44,2.9028,-0.8257,-0.1594,2.9492,-0.4259,-0.1438,0.0,0.0,0.0,0.0,DONE,-1,0.0,1.095,0
107.536,2.9028,-0.8257,-0.1594,2.9492,-0.4259,-0.1438,0.0,0.0,0.0,0.0,DONE,-1,0.0,1.095,0
107.632,2.9028,-0.8257,-0.1594,2.9492,-0.4259,-0.1438,0.0,0.0,0.0,0.0,DONE,-1,0.0,1.095,0
107.728,2.9028,-0.8257,-0.1594,2.9492,-0.4259,-0.1438,0.0,0.0,0.0,0.0,DONE,-1,0.0,1.095,0
107.824,2.9028,-0.8257,-0.1594,2.9492,-0.4259,-0.1438,0.0,0.0,0.0,0.0,DONE,-1,0.0,1.095,0
107.92,2.9028,-0.8257,-0.1594,2.9492,-0.4259,-0.1438,0.0,0.0,0.0,0.0,DONE,-1,0.0,1.095,0
108.016,2.9028,-0.8257,-0.1594,2.9492,-0.4259,-0.1438,0.0,0.0,0.0,0.0,DONE,-1,0.0,1.095,0
108.112,2.9028,-0.8257,-0.1594,2.9492,-0.4259,-0.1438,0.0,0.0,0.0,0.0,DONE,-1,0.0,1.095,0
108.208,2.9028,-0.8257,-0.1594,2.9492,-0.4259,-0.1438,0.0,0.0,0.0,0.0,DONE,-1,0.0,1.095,0
108.304,2.9028,-0.8257,-0.1594,2.9492,-0.4259,-0.1438,0.0,0.0,0.0,0.0,DONE,-1,0.0,1.095,0
108.4,2.9028,-0.8257,-0.1594,2.9492,-0.4259,-0.1438,0.0,0.0,0.0,0.0,DONE,-1,0.0,1.095,0
108.496,2.9028,-0.8257,-0.1594,2.9492,-0.4259,-0.1438,0.0,0.0,0.0,0.0,DONE,-1,0.0,1.095,0
108.592,2.9028,-0.8257,-0.1594,2.9492,-0.4259,-0.1438,0.0,0.0,0.0,0.0,DONE,-1,0.0,1.095,0
108.688,2.9028,-0.8257,-0.1594,2.9492,-0.4259,-0.1438,0.0,0.0,0.0,0.0,DONE,-1,0.0,1.095,0
108.784,2.9028,-0.8257,-0.1594,2.9492,-0.4259,-0.1438,0.0,0.0,0.0,0.0,DONE,-1,0.0,1.095,0
108.88,2.9028,-0.8257,-0.1594,2.9492,-0.4259,-0.1438,0.0,0.0,0.0,0.0,DONE,-1,0.0,1.095,0
108.976,2.9028,-0.8257,-0.1594,2.9492,-0.4259,-0.1438,0.0,0.0,0.0,0.0,DONE,-1,0.0,1.095,0
109.072,2.9028,-0.8257,-0.1594,2.9492,-0.4259,-0.1438,0.0,0.0,0.0,0.0,DONE,-1,0.0,1.095,0
109.168,2.9028,-0.8257,-0.1594,2.9492,-0.4259,-0.1438,0.0,0.0,0.0,0.0,DONE,-1,0.0,1.095,0
109.264,2.9028,-0.8257,-0.1594,2.9492,-0.4259,-0.1438,0.0,0.0,0.0,0.0,DONE,-1,0.0,1.095,0
109.36,2.9028,-0.8257,-0.1594,2.9492,-0.4259,-0.1438,0.0,0.0,0.0,0.0,DONE,-1,0.0,1.095,0
109.456,2.9028,-0.8257,-0.1594,2.9492,-0.4259,-0.1438,0.0,0.0,0.0,0.0,DONE,-1,0.0,1.095,0
109.552,2.9028,-0.8257,-0.1594,2.9492,-0.4259,-0.1438,0.0,0.0,0.0,0.0,DONE,-1,0.0,1.095,0
109.648,2.9028,-0.8257,-0.1594,2.9492,-0.4259,-0.1438,0.0,0.0,0.0,0.0,DONE,-1,0.0,1.095,0
109.744,2.9028,-0.8257,-0.1594,2.9492,-0.4259,-0.1438,0.0,0.0,0.0,0.0,DONE,-1,0.0,1.095,0
109.84,2.9028,-0.8257,-0.1594,2.9492,-0.4259,-0.1438,0.0,0.0,0.0,0.0,DONE,-1,0.0,1.095,0
109.936,2.9028,-0.8257,-0.1594,2.9492,-0.4259,-0.1438,0.0,0.0,0.0,0.0,DONE,-1,0.0,1.095,0
110.032,2.9028,-0.8257,-0.1594,2.9492,-0.4259,-0.1438,0.0,0.0,0.0,0.0,DONE,-1,0.0,1.095,0
110.128,2.9028,-0.8257,-0.1594,2.9492,-0.4259,-0.1438,0.0,0.0,0.0,0.0,DONE,-1,0.0,1.095,0
110.224,2.9028,-0.8257,-0.1594,2.9492,-0.4259,-0.1438,0.0,0.0,0.0,0.0,DONE,-1,0.0,1.095,0
110.32,2.9028,-0.8257,-0.1594,2.9492,-0.4259,-0.1438,0.0,0.0,0.0,0.0,DONE,-1,0.0,1.095,0
110.416,2.9028,-0.8257,-0.1594,2.9492,-0.4259,-0.1438,0.0,0.0,0.0,0.0,DONE,-1,0.0,1.095,0
110.512,2.9028,-0.8257,-0.1594,2.9492,-0.4259,-0.1438,0.0,0.0,0.0,0.0,DONE,-1,0.0,1.095,0
110.608,2.9028,-0.8257,-0.1594,2.9492,-0.4259,-0.1438,0.0,0.0,0.0,0.0,DONE,-1,0.0,1.095,0
110.704,2.9028,-0.8257,-0.1594,2.9492,-0.4259,-0.1438,0.0,0.0,0.0,0.0,DONE,-1,0.0,1.095,0
110.8,2.9028,-0.8257,-0.1594,2.9492,-0.4259,-0.1438,0.0,0.0,0.0,0.0,DONE,-1,0.0,1.095,0
110.896,2.9028,-0.8257,-0.1594,2.9492,-0.4259,-0.1438,0.0,0.0,0.0,0.0,DONE,-1,0.0,1.095,0
110.992,2.9028,-0.8257,-0.1594,2.9492,-0.4259,-0.1438,0.0,0.0,0.0,0.0,DONE,-1,0.0,1.095,0
111.088,2.9028,-0.8257,-0.1594,2.9492,-0.4259,-0.1438,0.0,0.0,0.0,0.0,DONE,-1,0.0,1.095,0
111.184,2.9028,-0.8257,-0.1594,2.9492,-0.4259,-0.1438,0.0,0.0,0.0,0.0,DONE,-1,0.0,1.095,0
111.28,2.9028,-0.8257,-0.1594,2.9492,-0.4259,-0.1438,0.0,0.0,0.0,0.0,DONE,-1,0.0,1.095,0
111.376,2.9028,-0.8257,-0.1594,2.9492,-0.4259,-0.1438,0.0,0.0,0.0,0.0,DONE,-1,0.0,1.095,0
111.472,2.9028,-0.8257,-0.1594,2.9492,-0.4259,-0.1438,0.0,0.0,0.0,0.0,DONE,-1,0.0,1.095,0
111.568,2.9028,-0.8257,-0.1594,2.9492,-0.4259,-0.1438,0.0,0.0,0.0,0.0,DONE,-1,0.0,1.095,0
111.664,2.9028,-0.8257,-0.1594,2.9492,-0.4259,-0.1438,0.0,0.0,0.0,0.0,DONE,-1,0.0,1.095,0
111.76,2.9028,-0.8257,-0.1594,2.9492,-0.4259,-0.1438,0.0,0.0,0.0,0.0,DONE,-1,0.0,1.095,0
111.856,2.9028,-0.8257,-0.1594,2.9492,-0.4259,-0.1438,0.0,0.0,0.0,0.0,DONE,-1,0.0,1.095,0
111.952,2.9028,-0.8257,-0.1594,2.9492,-0.4259,-0.1438,0.0,0.0,0.0,0.0,DONE,-1,0.0,1.095,0
112.048,2.9028,-0.8257,-0.1594,2.9492,-0.4259,-0.1438,0.0,0.0,0.0,0.0,DONE,-1,0.0,1.095,0
112.144,2.9028,-0.8257,-0.1594,2.9492,-0.4259,-0.1438,0.0,0.0,0.0,0.0,DONE,-1,0.0,1.095,0
112.24,2.9028,-0.8257,-0.1594,2.9492,-0.4259,-0.1438,0.0,0.0,0.0,0.0,DONE,-1,0.0,1.095,0
112.336,2.9028,-0.8257,-0.1594,2.9492,-0.4259,-0.1438,0.0,0.0,0.0,0.0,DONE,-1,0.0,1.095,0
112.432,2.9028,-0.8257,-0.1594,2.9492,-0.4259,-0.1438,0.0,0.0,0.0,0.0,DONE,-1,0.0,1.095,0
112.528,2.9028,-0.8257,-0.1594,2.9492,-0.4259,-0.1438,0.0,0.0,0.0,0.0,DONE,-1,0.0,1.095,0
112.624,2.9028,-0.8257,-0.1594,2.9492,-0.4259,-0.1438,0.0,0.0,0.0,0.0,DONE,-1,0.0,1.095,0
112.72,2.9028,-0.8257,-0.1594,2.9492,-0.4259,-0.1438,0.0,0.0,0.0,0.0,DONE,-1,0.0,1.095,0
112.816,2.9028,-0.8257,-0.1594,2.9492,-0.4259,-0.1438,0.0,0.0,0.0,0.0,DONE,-1,0.0,1.095,0
112.912,2.9028,-0.8257,-0.1594,2.9492,-0.4259,-0.1438,0.0,0.0,0.0,0.0,DONE,-1,0.0,1.095,0
113.008,2.9028,-0.8257,-0.1594,2.9492,-0.4259,-0.1438,0.0,0.0,0.0,0.0,DONE,-1,0.0,1.095,0
113.104,2.9028,-0.8257,-0.1594,2.9492,-0.4259,-0.1438,0.0,0.0,0.0,0.0,DONE,-1,0.0,1.095,0
113.2,2.9028,-0.8257,-0.1594,2.9492,-0.4259,-0.1438,0.0,0.0,0.0,0.0,DONE,-1,0.0,1.095,0
113.296,2.9028,-0.8257,-0.1594,2.9492,-0.4259,-0.1438,0.0,0.0,0.0,0.0,DONE,-1,0.0,1.095,0
113.392,2.9028,-0.8257,-0.1594,2.9492,-0.4259,-0.1438,0.0,0.0,0.0,0.0,DONE,-1,0.0,1.095,0
113.488,2.9028,-0.8257,-0.1594,2.9492,-0.4259,-0.1438,0.0,0.0,0.0,0.0,DONE,-1,0.0,1.095,0
113.584,2.9028,-0.8257,-0.1594,2.9492,-0.4259,-0.1438,0.0,0.0,0.0,0.0,DONE,-1,0.0,1.095,0
113.68,2.9028,-0.8257,-0.1594,2.9492,-0.4259,-0.1438,0.0,0.0,0.0,0.0,DONE,-1,0.0,1.095,0
113.776,2.9028,-0.8257,-0.1594,2.9492,-0.4259,-0.1438,0.0,0.0,0.0,0.0,DONE,-1,0.0,1.095,0
113.872,2.9028,-0.8257,-0.1594,2.9492,-0.4259,-0.1438,0.0,0.0,0.0,0.0,DONE,-1,0.0,1.095,0
113.968,2.9028,-0.8257,-0.1594,2.9492,-0.4259,-0.1438,0.0,0.0,0.0,0.0,DONE,-1,0.0,1.095,0
114.064,2.9028,-0.8257,-0.1594,2.9492,-0.4259,-0.1438,0.0,0.0,0.0,0.0,DONE,-1,0.0,1.095,0
114.16,2.9028,-0.8257,-0.1594,2.9492,-0.4259,-0.1438,0.0,0.0,0.0,0.0,DONE,-1,0.0,1.095,0
114.256,2.9028,-0.8257,-0.1594,2.9492,-0.4259,-0.1438,0.0,0.0,0.0,0.0,DONE,-1,0.0,1.095,0
114.352,2.9028,-0.8257,-0.1594,2.9492,-0.4259,-0.1438,0.0,0.0,0.0,0.0,DONE,-1,0.0,1.095,0
114.448,2.9028,-0.8257,-0.1594,2.9492,-0.4259,-0.1438,0.0,0.0,0.0,0.0,DONE,-1,0.0,1.095,0
114.544,2.9028,-0.8257,-0.1594,2.9492,-0.4259,-0.1438,0.0,0.0,0.0,0.0,DONE,-1,0.0,1.095,0
114.64,2.9028,-0.8257,-0.1594,2.9492,-0.4259,-0.1438,0.0,0.0,0.0,0.0,DONE,-1,0.0,1.095,0
114.736,2.9028,-0.8257,-0.1594,2.9492,-0.4259,-0.1438,0.0,0.0,0.0,0.0,DONE,-1,0.0,1.095,0
114.832,2.9028,-0.8257,-0.1594,2.9492,-0.4259,-0.1438,0.0,0.0,0.0,0.0,DONE,-1,0.0,1.095,0
114.928,2.9028,-0.8257,-0.1594,2.9492,-0.4259,-0.1438,0.0,0.0,0.0,0.0,DONE,-1,0.0,1.095,0
115.024,2.9028,-0.8257,-0.1594,2.9492,-0.4259,-0.1438,0.0,0.0,0.0,0.0,DONE,-1,0.0,1.095,0
115.12,2.9028,-0.8257,-0.1594,2.9492,-0.4259,-0.1438,0.0,0.0,0.0,0.0,DONE,-1,0.0,1.095,0
115.216,2.9028,-0.8257,-0.1594,2.9492,-0.4259,-0.1438,0.0,0.0,0.0,0.0,DONE,-1,0.0,1.095,0
115.312,2.9028,-0.8257,-0.1594,2.9492,-0.4259,-0.1438,0.0,0.0,0.0,0.0,DONE,-1,0.0,1.095,0
115.408,2.9028,-0.8257,-0.1594,2.9492,-0.4259,-0.1438,0.0,0.0,0.0,0.0,DONE,-1,0.0,1.095,0
115.504,2.9028,-0.8257,-0.1594,2.9492,-0.4259,-0.1438,0.0,0.0,0.0,0.0,DONE,-1,0.0,1.095,0
115.6,2.9028,-0.8257,-0.1594,2.9492,-0.4259,-0.1438,0.0,0.0,0.0,0.0,DONE,-1,0.0,1.095,0
115.696,2.9028,-0.8257,-0.1594,2.9492,-0.4259,-0.1438,0.0,0.0,0.0,0.0,DONE,-1,0.0,1.095,0
115.792,2.9028,-0.8257,-0.1594,2.9492,-0.4259,-0.1438,0.0,0.0,0.0,0.0,DONE,-1,0.0,1.095,0
115.888,2.9028,-0.8257,-0.1594,2.9492,-0.4259,-0.1438,0.0,0.0,0.0,0.0,DONE,-1,0.0,1.095,0
115.984,2.9028,-0.8257,-0.1594,2.9492,-0.4259,-0.1438,0.0,0.0,0.0,0.0,DONE,-1,0.0,1.095,0
116.08,2.9028,-0.8257,-0.1594,2.9492,-0.4259,-0.1438,0.0,0.0,0.0,0.0,DONE,-1,0.0,1.095,0
116.176,2.9028,-0.8257,-0.1594,2.9492,-0.4259,-0.1438,0.0,0.0,0.0,0.0,DONE,-1,0.0,1.095,0
116.272,2.9028,-0.8257,-0.1594,2.9492,-0.4259,-0.1438,0.0,0.0,0.0,0.0,DONE,-1,0.0,1.095,0
116.368,2.9028,-0.8257,-0.1594,2.9492,-0.4259,-0.1438,0.0,0.0,0.0,0.0,DONE,-1,0.0,1.095,0
116.464,2.9028,-0.8257,-0.1594,2.9492,-0.4259,-0.1438,0.0,0.0,0.0,0.0,DONE,-1,0.0,1.095,0
116.56,2.9028,-0.8257,-0.1594,2.9492,-0.4259,-0.1438,0.0,0.0,0.0,0.0,DONE,-1,0.0,1.095,0
116.656,2.9028,-0.8257,-0.1594,2.9492,-0.4259,-0.1438,0.0,0.0,0.0,0.0,DONE,-1,0.0,1.095,0
116.752,2.9028,-0.8257,-0.1594,2.9492,-0.4259,-0.1438,0.0,0.0,0.0,0.0,DONE,-1,0.0,1.095,0
116.848,2.9028,-0.8257,-0.1594,2.9492,-0.4259,-0.1438,0.0,0.0,0.0,0.0,DONE,-1,0.0,1.095,0
116.944,2.9028,-0.8257,-0.1594,2.9492,-0.4259,-0.1438,0.0,0.0,0.0,0.0,DONE,-1,0.0,1.095,0
117.04,2.9028,-0.8257,-0.1594,2.9492,-0.4259,-0.1438,0.0,0.0,0.0,0.0,DONE,-1,0.0,1.095,0
117.136,2.9028,-0.8257,-0.1594,2.9492,-0.4259,-0.1438,0.0,0.0,0.0,0.0,DONE,-1,0.0,1.095,0
117.232,2.9028,-0.8257,-0.1594,2.9492,-0.4259,-0.1438,0.0,0.0,0.0,0.0,DONE,-1,0.0,1.095,0
117.328,2.9028,-0.8257,-0.1594,2.9492,-0.4259,-0.1438,0.0,0.0,0.0,0.0,DONE,-1,0.0,1.095,0
117.424,2.9028,-0.8257,-0.1594,2.9492,-0.4259,-0.1438,0.0,0.0,0.0,0.0,DONE,-1,0.0,1.095,0
117.52,2.9028,-0.8257,-0.1594,2.9492,-0.4259,-0.1438,0.0,0.0,0.0,0.0,DONE,-1,0.0,1.095,0
117.616,2.9028,-0.8257,-0.1594,2.9492,-0.4259,-0.1438,0.0,0.0,0.0,0.0,DONE,-1,0.0,1.095,0
117.712,2.9028,-0.8257,-0.1594,2.9492,-0.4259,-0.1438,0.0,0.0,0.0,0.0,DONE,-1,0.0,1.095,0
117.808,2.9028,-0.8257,-0.1594,2.9492,-0.4259,-0.1438,0.0,0.0,0.0,0.0,DONE,-1,0.0,1.095,0
117.904,2.9028,-0.8257,-0.1594,2.9492,-0.4259,-0.1438,0.0,0.0,0.0,0.0,DONE,-1,0.0,1.095,0
118.0,2.9028,-0.8257,-0.1594,2.9492,-0.4259,-0.1438,0.0,0.0,0.0,0.0,DONE,-1,0.0,1.095,0
118.096,2.9028,-0.8257,-0.1594,2.9492,-0.4259,-0.1438,0.0,0.0,0.0,0.0,DONE,-1,0.0,1.095,0
118.192,2.9028,-0.8257,-0.1594,2.9492,-0.4259,-0.1438,0.0,0.0,0.0,0.0,DONE,-1,0.0,1.095,0
118.288,2.9028,-0.8257,-0.1594,2.9492,-0.4259,-0.1438,0.0,0.0,0.0,0.0,DONE,-1,0.0,1.095,0
118.384,2.9028,-0.8257,-0.1594,2.9492,-0.4259,-0.1438,0.0,0.0,0.0,0.0,DONE,-1,0.0,1.095,0
118.48,2.9028,-0.8257,-0.1594,2.9492,-0.4259,-0.1438,0.0,0.0,0.0,0.0,DONE,-1,0.0,1.095,0
118.576,2.9028,-0.8257,-0.1594,2.9492,-0.4259,-0.1438,0.0,0.0,0.0,0.0,DONE,-1,0.0,1.095,0
118.672,2.9028,-0.8257,-0.1594,2.9492,-0.4259,-0.1438,0.0,0.0,0.0,0.0,DONE,-1,0.0,1.095,0
118.768,2.9028,-0.8257,-0.1594,2.9492,-0.4259,-0.1438,0.0,0.0,0.0,0.0,DONE,-1,0.0,1.095,0
118.864,2.9028,-0.8257,-0.1594,2.9492,-0.4259,-0.1438,0.0,0.0,0.0,0.0,DONE,-1,0.0,1.095,0
118.96,2.9028,-0.8257,-0.1594,2.9492,-0.4259,-0.1438,0.0,0.0,0.0,0.0,DONE,-1,0.0,1.095,0
119.056,2.9028,-0.8257,-0.1594,2.9492,-0.4259,-0.1438,0.0,0.0,0.0,0.0,DONE,-1,0.0,1.095,0
119.152,2.9028,-0.8257,-0.1594,2.9492,-0.4259,-0.1438,0.0,0.0,0.0,0.0,DONE,-1,0.0,1.095,0
119.248,2.9028,-0.8257,-0.1594,2.9492,-0.4259,-0.1438,0.0,0.0,0.0,0.0,DONE,-1,0.0,1.095,0
119.344,2.9028,-0.8257,-0.1594,2.9492,-0.4259,-0.1438,0.0,0.0,0.0,0.0,DONE,-1,0.0,1.095,0
119.44,2.9028,-0.8257,-0.1594,2.9492,-0.4259,-0.1438,0.0,0.0,0.0,0.0,DONE,-1,0.0,1.095,0
119.536,2.9028,-0.8257,-0.1594,2.9492,-0.4259,-0.1438,0.0,0.0,0.0,0.0,DONE,-1,0.0,1.095,0
119.632,2.9028,-0.8257,-0.1594,2.9492,-0.4259,-0.1438,0.0,0.0,0.0,0.0,DONE,-1,0.0,1.095,0
119.728,2.9028,-0.8257,-0.1594,2.9492,-0.4259,-0.1438,0.0,0.0,0.0,0.0,DONE,-1,0.0,1.095,0
119.824,2.9028,-0.8257,-0.1594,2.9492,-0.4259,-0.1438,0.0,0.0,0.0,0.0,DONE,-1,0.0,1.095,0
119.92,2.9028,-0.8257,-0.1594,2.9492,-0.4259,-0.1438,0.0,0.0,0.0,0.0,DONE,-1,0.0,1.095,0
120.016,2.9028,-0.8257,-0.1594,2.9492,-0.4259,-0.1438,0.0,0.0,0.0,0.0,DONE,-1,0.0,1.095,0
120.112,2.9028,-0.8257,-0.1594,2.9492,-0.4259,-0.1438,0.0,0.0,0.0,0.0,DONE,-1,0.0,1.095,0
120.208,2.9028,-0.8257,-0.1594,2.9492,-0.4259,-0.1438,0.0,0.0,0.0,0.0,DONE,-1,0.0,1.095,0
120.304,2.9028,-0.8257,-0.1594,2.9492,-0.4259,-0.1438,0.0,0.0,0.0,0.0,DONE,-1,0.0,1.095,0
120.4,2.9028,-0.8257,-0.1594,2.9492,-0.4259,-0.1438,0.0,0.0,0.0,0.0,DONE,-1,0.0,1.095,0
120.496,2.9028,-0.8257,-0.1594,2.9492,-0.4259,-0.1438,0.0,0.0,0.0,0.0,DONE,-1,0.0,1.095,0
120.592,2.9028,-0.8257,-0.1594,2.9492,-0.4259,-0.1438,0.0,0.0,0.0,0.0,DONE,-1,0.0,1.095,0
120.688,2.9028,-0.8257,-0.1594,2.9492,-0.4259,-0.1438,0.0,0.0,0.0,0.0,DONE,-1,0.0,1.095,0
120.784,2.9028,-0.8257,-0.1594,2.9492,-0.4259,-0.1438,0.0,0.0,0.0,0.0,DONE,-1,0.0,1.095,0
120.88,2.9028,-0.8257,-0.1594,2.9492,-0.4259,-0.1438,0.0,0.0,0.0,0.0,DONE,-1,0.0,1.095,0
120.976,2.9028,-0.8257,-0.1594,2.9492,-0.4259,-0.1438,0.0,0.0,0.0,0.0,DONE,-1,0.0,1.095,0
121.072,2.9028,-0.8257,-0.1594,2.9492,-0.4259,-0.1438,0.0,0.0,0.0,0.0,DONE,-1,0.0,1.095,0
121.168,2.9028,-0.8257,-0.1594,2.9492,-0.4259,-0.1438,0.0,0.0,0.0,0.0,DONE,-1,0.0,1.095,0
121.264,2.9028,-0.8257,-0.1594,2.9492,-0.4259,-0.1438,0.0,0.0,0.0,0.0,DONE,-1,0.0,1.095,0
121.36,2.9028,-0.8257,-0.1594,2.9492,-0.4259,-0.1438,0.0,0.0,0.0,0.0,DONE,-1,0.0,1.095,0
121.456,2.9028,-0.8257,-0.1594,2.9492,-0.4259,-0.1438,0.0,0.0,0.0,0.0,DONE,-1,0.0,1.095,0
121.552,2.9028,-0.8257,-0.1594,2.9492,-0.4259,-0.1438,0.0,0.0,0.0,0.0,DONE,-1,0.0,1.095,0
121.648,2.9028,-0.8257,-0.1594,2.9492,-0.4259,-0.1438,0.0,0.0,0.0,0.0,DONE,-1,0.0,1.095,0
121.744,2.9028,-0.8257,-0.1594,2.9492,-0.4259,-0.1438,0.0,0.0,0.0,0.0,DONE,-1,0.0,1.095,0
121.84,2.9028,-0.8257,-0.1594,2.9492,-0.4259,-0.1438,0.0,0.0,0.0,0.0,DONE,-1,0.0,1.095,0
121.936,2.9028,-0.8257,-0.1594,2.9492,-0.4259,-0.1438,0.0,0.0,0.0,0.0,DONE,-1,0.0,1.095,0
122.032,2.9028,-0.8257,-0.1594,2.9492,-0.4259,-0.1438,0.0,0.0,0.0,0.0,DONE,-1,0.0,1.095,0
122.128,2.9028,-0.8257,-0.1594,2.9492,-0.4259,-0.1438,0.0,0.0,0.0,0.0,DONE,-1,0.0,1.095,0
122.224,2.9028,-0.8257,-0.1594,2.9492,-0.4259,-0.1438,0.0,0.0,0.0,0.0,DONE,-1,0.0,1.095,0
122.32,2.9028,-0.8257,-0.1594,2.9492,-0.4259,-0.1438,0.0,0.0,0.0,0.0,DONE,-1,0.0,1.095,0
122.416,2.9028,-0.8257,-0.1594,2.9492,-0.4259,-0.1438,0.0,0.0,0.0,0.0,DONE,-1,0.0,1.095,0
122.512,2.9028,-0.8257,-0.1594,2.9492,-0.4259,-0.1438,0.0,0.0,0.0,0.0,DONE,-1,0.0,1.095,0
122.608,2.9028,-0.8257,-0.1594,2.9492,-0.4259,-0.1438,0.0,0.0,0.0,0.0,DONE,-1,0.0,1.095,0
122.704,2.9028,-0.8257,-0.1594,2.9492,-0.4259,-0.1438,0.0,0.0,0.0,0.0,DONE,-1,0.0,1.095,0
122.8,2.9028,-0.8257,-0.1594,2.9492,-0.4259,-0.1438,0.0,0.0,0.0,0.0,DONE,-1,0.0,1.095,0
122.896,2.9028,-0.8257,-0.1594,2.9492,-0.4259,-0.1438,0.0,0.0,0.0,0.0,DONE,-1,0.0,1.095,0
122.992,2.9028,-0.8257,-0.1594,2.9492,-0.4259,-0.1438,0.0,0.0,0.0,0.0,DONE,-1,0.0,1.095,0
123.088,2.9028,-0.8257,-0.1594,2.9492,-0.4259,-0.1438,0.0,0.0,0.0,0.0,DONE,-1,0.0,1.095,0
123.184,2.9028,-0.8257,-0.1594,2.9492,-0.4259,-0.1438,0.0,0.0,0.0,0.0,DONE,-1,0.0,1.095,0
123.28,2.9028,-0.8257,-0.1594,2.9492,-0.4259,-0.1438,0.0,0.0,0.0,0.0,DONE,-1,0.0,1.095,0
123.376,2.9028,-0.8257,-0.1594,2.9492,-0.4259,-0.1438,0.0,0.0,0.0,0.0,DONE,-1,0.0,1.095,0
123.472,2.9028,-0.8257,-0.1594,2.9492,-0.4259,-0.1438,0.0,0.0,0.0,0.0,DONE,-1,0.0,1.095,0
123.568,2.9028,-0.8257,-0.1594,2.9492,-0.4259,-0.1438,0.0,0.0,0.0,0.0,DONE,-1,0.0,1.095,0
123.664,2.9028,-0.8257,-0.1594,2.9492,-0.4259,-0.1438,0.0,0.0,0.0,0.0,DONE,-1,0.0,1.095,0
123.76,2.9028,-0.8257,-0.1594,2.9492,-0.4259,-0.1438,0.0,0.0,0.0,0.0,DONE,-1,0.0,1.095,0
123.856,2.9028,-0.8257,-0.1594,2.9492,-0.4259,-0.1438,0.0,0.0,0.0,0.0,DONE,-1,0.0,1.095,0
123.952,2.9028,-0.8257,-0.1594,2.9492,-0.4259,-0.1438,0.0,0.0,0.0,0.0,DONE,-1,0.0,1.095,0
124.048,2.9028,-0.8257,-0.1594,2.9492,-0.4259,-0.1438,0.0,0.0,0.0,0.0,DONE,-1,0.0,1.095,0
124.144,2.9028,-0.8257,-0.1594,2.9492,-0.4259,-0.1438,0.0,0.0,0.0,0.0,DONE,-1,0.0,1.095,0
124.24,2.9028,-0.8257,-0.1594,2.9492,-0.4259,-0.1438,0.0,0.0,0.0,0.0,DONE,-1,0.0,1.095,0
124.336,2.9028,-0.8257,-0.1594,2.9492,-0.4259,-0.1438,0.0,0.0,0.0,0.0,DONE,-1,0.0,1.095,0
124.432,2.9028,-0.8257,-0.1594,2.9492,-0.4259,-0.1438,0.0,0.0,0.0,0.0,DONE,-1,0.0,1.095,0
124.528,2.9028,-0.8257,-0.1594,2.9492,-0.4259,-0.1438,0.0,0.0,0.0,0.0,DONE,-1,0.0,1.095,0
124.624,2.9028,-0.8257,-0.1594,2.9492,-0.4259,-0.1438,0.0,0.0,0.0,0.0,DONE,-1,0.0,1.095,0
124.72,2.9028,-0.8257,-0.1594,2.9492,-0.4259,-0.1438,0.0,0.0,0.0,0.0,DONE,-1,0.0,1.095,0
124.816,2.9028,-0.8257,-0.1594,2.9492,-0.4259,-0.1438,0.0,0.0,0.0,0.0,DONE,-1,0.0,1.095,0
124.912,2.9028,-0.8257,-0.1594,2.9492,-0.4259,-0.1438,0.0,0.0,0.0,0.0,DONE,-1,0.0,1.095,0
125.008,2.9028,-0.8257,-0.1594,2.9492,-0.4259,-0.1438,0.0,0.0,0.0,0.0,DONE,-1,0.0,1.095,0
125.104,2.9028,-0.8257,-0.1594,2.9492,-0.4259,-0.1438,0.0,0.0,0.0,0.0,DONE,-1,0.0,1.095,0
125.2,2.9028,-0.8257,-0.1594,2.9492,-0.4259,-0.1438,0.0,0.0,0.0,0.0,DONE,-1,0.0,1.095,0
125.296,2.9028,-0.8257,-0.1594,2.9492,-0.4259,-0.1438,0.0,0.0,0.0,0.0,DONE,-1,0.0,1.095,0
125.392,2.9028,-0.8257,-0.1594,2.9492,-0.4259,-0.1438,0.0,0.0,0.0,0.0,DONE,-1,0.0,1.095,0
125.488,2.9028,-0.8257,-0.1594,2.9492,-0.4259,-0.1438,0.0,0.0,0.0,0.0,DONE,-1,0.0,1.095,0
125.584,2.9028,-0.8257,-0.1594,2.9492,-0.4259,-0.1438,0.0,0.0,0.0,0.0,DONE,-1,0.0,1.095,0
125.68,2.9028,-0.8257,-0.1594,2.9492,-0.4259,-0.1438,0.0,0.0,0.0,0.0,DONE,-1,0.0,1.095,0
125.776,2.9028,-0.8257,-0.1594,2.9492,-0.4259,-0.1438,0.0,0.0,0.0,0.0,DONE,-1,0.0,1.095,0
125.872,2.9028,-0.8257,-0.1594,2.9492,-0.4259,-0.1438,0.0,0.0,0.0,0.0,DONE,-1,0.0,1.095,0
125.968,2.9028,-0.8257,-0.1594,2.9492,-0.4259,-0.1438,0.0,0.0,0.0,0.0,DONE,-1,0.0,1.095,0
126.064,2.9028,-0.8257,-0.1594,2.9492,-0.4259,-0.1438,0.0,0.0,0.0,0.0,DONE,-1,0.0,1.095,0
126.16,2.9028,-0.8257,-0.1594,2.9492,-0.4259,-0.1438,0.0,0.0,0.0,0.0,DONE,-1,0.0,1.095,0
126.256,2.9028,-0.8257,-0.1594,2.9492,-0.4259,-0.1438,0.0,0.0,0.0,0.0,DONE,-1,0.0,1.095,0
126.352,2.9028,-0.8257,-0.1594,2.9492,-0.4259,-0.1438,0.0,0.0,0.0,0.0,DONE,-1,0.0,1.095,0
126.448,2.9028,-0.8257,-0.1594,2.9492,-0.4259,-0.1438,0.0,0.0,0.0,0.0,DONE,-1,0.0,1.095,0
126.544,2.9028,-0.8257,-0.1594,2.9492,-0.4259,-0.1438,0.0,0.0,0.0,0.0,DONE,-1,0.0,1.095,0
126.64,2.9028,-0.8257,-0.1594,2.9492,-0.4259,-0.1438,0.0,0.0,0.0,0.0,DONE,-1,0.0,1.095,0
126.736,2.9028,-0.8257,-0.1594,2.9492,-0.4259,-0.1438,0.0,0.0,0.0,0.0,DONE,-1,0.0,1.095,0
126.832,2.9028,-0.8257,-0.1594,2.9492,-0.4259,-0.1438,0.0,0.0,0.0,0.0,DONE,-1,0.0,1.095,0
126.928,2.9028,-0.8257,-0.1594,2.9492,-0.4259,-0.1438,0.0,0.0,0.0,0.0,DONE,-1,0.0,1.095,0
127.024,2.9028,-0.8257,-0.1594,2.9492,-0.4259,-0.1438,0.0,0.0,0.0,0.0,DONE,-1,0.0,1.095,0
127.12,2.9028,-0.8257,-0.1594,2.9492,-0.4259,-0.1438,0.0,0.0,0.0,0.0,DONE,-1,0.0,1.095,0
127.216,2.9028,-0.8257,-0.1594,2.9492,-0.4259,-0.1438,0.0,0.0,0.0,0.0,DONE,-1,0.0,1.095,0
127.312,2.9028,-0.8257,-0.1594,2.9492,-0.4259,-0.1438,0.0,0.0,0.0,0.0,DONE,-1,0.0,1.095,0
127.408,2.9028,-0.8257,-0.1594,2.9492,-0.4259,-0.1438,0.0,0.0,0.0,0.0,DONE,-1,0.0,1.095,0
127.504,2.9028,-0.8257,-0.1594,2.9492,-0.4259,-0.1438,0.0,0.0,0.0,0.0,DONE,-1,0.0,1.095,0
127.6,2.9028,-0.8257,-0.1594,2.9492,-0.4259,-0.1438,0.0,0.0,0.0,0.0,DONE,-1,0.0,1.095,0
127.696,2.9028,-0.8257,-0.1594,2.9492,-0.4259,-0.1438,0.0,0.0,0.0,0.0,DONE,-1,0.0,1.095,0
127.792,2.9028,-0.8257,-0.1594,2.9492,-0.4259,-0.1438,0.0,0.0,0.0,0.0,DONE,-1,0.0,1.095,0
127.888,2.9028,-0.8257,-0.1594,2.9492,-0.4259,-0.1438,0.0,0.0,0.0,0.0,DONE,-1,0.0,1.095,0
127.984,2.9028,-0.8257,-0.1594,2.9492,-0.4259,-0.1438,0.0,0.0,0.0,0.0,DONE,-1,0.0,1.095,0
128.08,2.9028,-0.8257,-0.1594,2.9492,-0.4259,-0.1438,0.0,0.0,0.0,0.0,DONE,-1,0.0,1.095,0
128.176,2.9028,-0.8257,-0.1594,2.9492,-0.4259,-0.1438,0.0,0.0,0.0,0.0,DONE,-1,0.0,1.095,0
128.272,2.9028,-0.8257,-0.1594,2.9492,-0.4259,-0.1438,0.0,0.0,0.0,0.0,DONE,-1,0.0,1.095,0
128.368,2.9028,-0.8257,-0.1594,2.9492,-0.4259,-0.1438,0.0,0.0,0.0,0.0,DONE,-1,0.0,1.095,0
128.464,2.9028,-0.8257,-0.1594,2.9492,-0.4259,-0.1438,0.0,0.0,0.0,0.0,DONE,-1,0.0,1.095,0
128.56,2.9028,-0.8257,-0.1594,2.9492,-0.4259,-0.1438,0.0,0.0,0.0,0.0,DONE,-1,0.0,1.095,0
128.656,2.9028,-0.8257,-0.1594,2.9492,-0.4259,-0.1438,0.0,0.0,0.0,0.0,DONE,-1,0.0,1.095,0
128.752,2.9028,-0.8257,-0.1594,2.9492,-0.4259,-0.1438,0.0,0.0,0.0,0.0,DONE,-1,0.0,1.095,0
128.848,2.9028,-0.8257,-0.1594,2.9492,-0.4259,-0.1438,0.0,0.0,0.0,0.0,DONE,-1,0.0,1.095,0
128.944,2.9028,-0.8257,-0.1594,2.9492,-0.4259,-0.1438,0.0,0.0,0.0,0.0,DONE,-1,0.0,1.095,0
129.04,2.9028,-0.8257,-0.1594,2.9492,-0.4259,-0.1438,0.0,0.0,0.0,0.0,DONE,-1,0.0,1.095,0
129.136,2.9028,-0.8257,-0.1594,2.9492,-0.4259,-0.1438,0.0,0.0,0.0,0.0,DONE,-1,0.0,1.095,0
129.232,2.9028,-0.8257,-0.1594,2.9492,-0.4259,-0.1438,0.0,0.0,0.0,0.0,DONE,-1,0.0,1.095,0
129.328,2.9028,-0.8257,-0.1594,2.9492,-0.4259,-0.1438,0.0,0.0,0.0,0.0,DONE,-1,0.0,1.095,0
129.424,2.9028,-0.8257,-0.1594,2.9492,-0.4259,-0.1438,0.0,0.0,0.0,0.0,DONE,-1,0.0,1.095,0
129.52,2.9028,-0.8257,-0.1594,2.9492,-0.4259,-0.1438,0.0,0.0,0.0,0.0,DONE,-1,0.0,1.095,0
129.616,2.9028,-0.8257,-0.1594,2.9492,-0.4259,-0.1438,0.0,0.0,0.0,0.0,DONE,-1,0.0,1.095,0
129.712,2.9028,-0.8257,-0.1594,2.9492,-0.4259,-0.1438,0.0,0.0,0.0,0.0,DONE,-1,0.0,1.095,0
129.808,2.9028,-0.8257,-0.1594,2.9492,-0.4259,-0.1438,0.0,0.0,0.0,0.0,DONE,-1,0.0,1.095,0
129.904,2.9028,-0.8257,-0.1594,2.9492,-0.4259,-0.1438,0.0,0.0,0.0,0.0,DONE,-1,0.0,1.095,0
130.0,2.9028,-0.8257,-0.1594,2.9492,-0.4259,-0.1438,0.0,0.0,0.0,0.0,DONE,-1,0.0,1.095,0
130.096,2.9028,-0.8257,-0.1594,2.9492,-0.4259,-0.1438,0.0,0.0,0.0,0.0,DONE,-1,0.0,1.095,0
130.192,2.9028,-0.8257,-0.1594,2.9492,-0.4259,-0.1438,0.0,0.0,0.0,0.0,DONE,-1,0.0,1.095,0
130.288,2.9028,-0.8257,-0.1594,2.9492,-0.4259,-0.1438,0.0,0.0,0.0,0.0,DONE,-1,0.0,1.095,0
130.384,2.9028,-0.8257,-0.1594,2.9492,-0.4259,-0.1438,0.0,0.0,0.0,0.0,DONE,-1,0.0,1.095,0
130.48,2.9028,-0.8257,-0.1594,2.9492,-0.4259,-0.1438,0.0,0.0,0.0,0.0,DONE,-1,0.0,1.095,0
130.576,2.9028,-0.8257,-0.1594,2.9492,-0.4259,-0.1438,0.0,0.0,0.0,0.0,DONE,-1,0.0,1.095,0
130.672,2.9028,-0.8257,-0.1594,2.9492,-0.4259,-0.1438,0.0,0.0,0.0,0.0,DONE,-1,0.0,1.095,0
130.768,2.9028,-0.8257,-0.1594,2.9492,-0.4259,-0.1438,0.0,0.0,0.0,0.0,DONE,-1,0.0,1.095,0
130.864,2.9028,-0.8257,-0.1594,2.9492,-0.4259,-0.1438,0.0,0.0,0.0,0.0,DONE,-1,0.0,1.095,0
130.96,2.9028,-0.8257,-0.1594,2.9492,-0.4259,-0.1438,0.0,0.0,0.0,0.0,DONE,-1,0.0,1.095,0
131.056,2.9028,-0.8257,-0.1594,2.9492,-0.4259,-0.1438,0.0,0.0,0.0,0.0,DONE,-1,0.0,1.095,0
131.152,2.9028,-0.8257,-0.1594,2.9492,-0.4259,-0.1438,0.0,0.0,0.0,0.0,DONE,-1,0.0,1.095,0
131.248,2.9028,-0.8257,-0.1594,2.9492,-0.4259,-0.1438,0.0,0.0,0.0,0.0,DONE,-1,0.0,1.095,0
131.344,2.9028,-0.8257,-0.1594,2.9492,-0.4259,-0.1438,0.0,0.0,0.0,0.0,DONE,-1,0.0,1.095,0
131.44,2.9028,-0.8257,-0.1594,2.9492,-0.4259,-0.1438,0.0,0.0,0.0,0.0,DONE,-1,0.0,1.095,0
131.536,2.9028,-0.8257,-0.1594,2.9492,-0.4259,-0.1438,0.0,0.0,0.0,0.0,DONE,-1,0.0,1.095,0
131.632,2.9028,-0.8257,-0.1594,2.9492,-0.4259,-0.1438,0.0,0.0,0.0,0.0,DONE,-1,0.0,1.095,0
131.728,2.9028,-0.8257,-0.1594,2.9492,-0.4259,-0.1438,0.0,0.0,0.0,0.0,DONE,-1,0.0,1.095,0
131.824,2.9028,-0.8257,-0.1594,2.9492,-0.4259,-0.1438,0.0,0.0,0.0,0.0,DONE,-1,0.0,1.095,0
131.92,2.9028,-0.8257,-0.1594,2.9492,-0.4259,-0.1438,0.0,0.0,0.0,0.0,DONE,-1,0.0,1.095,0
132.016,2.9028,-0.8257,-0.1594,2.9492,-0.4259,-0.1438,0.0,0.0,0.0,0.0,DONE,-1,0.0,1.095,0
132.112,2.9028,-0.8257,-0.1594,2.9492,-0.4259,-0.1438,0.0,0.0,0.0,0.0,DONE,-1,0.0,1.095,0
132.208,2.9028,-0.8257,-0.1594,2.9492,-0.4259,-0.1438,0.0,0.0,0.0,0.0,DONE,-1,0.0,1.095,0
132.304,2.9028,-0.8257,-0.1594,2.9492,-0.4259,-0.1438,0.0,0.0,0.0,0.0,DONE,-1,0.0,1.095,0
132.4,2.9028,-0.8257,-0.1594,2.9492,-0.4259,-0.1438,0.0,0.0,0.0,0.0,DONE,-1,0.0,1.095,0
132.496,2.9028,-0.8257,-0.1594,2.9492,-0.4259,-0.1438,0.0,0.0,0.0,0.0,DONE,-1,0.0,1.095,0
132.592,2.9028,-0.8257,-0.1594,2.9492,-0.4259,-0.1438,0.0,0.0,0.0,0.0,DONE,-1,0.0,1.095,0
132.688,2.9028,-0.8257,-0.1594,2.9492,-0.4259,-0.1438,0.0,0.0,0.0,0.0,DONE,-1,0.0,1.095,0
132.784,2.9028,-0.8257,-0.1594,2.9492,-0.4259,-0.1438,0.0,0.0,0.0,0.0,DONE,-1,0.0,1.095,0
132.88,2.9028,-0.8257,-0.1594,2.9492,-0.4259,-0.1438,0.0,0.0,0.0,0.0,DONE,-1,0.0,1.095,0
132.976,2.9028,-0.8257,-0.1594,2.9492,-0.4259,-0.1438,0.0,0.0,0.0,0.0,DONE,-1,0.0,1.095,0
133.072,2.9028,-0.8257,-0.1594,2.9492,-0.4259,-0.1438,0.0,0.0,0.0,0.0,DONE,-1,0.0,1.095,0
133.168,2.9028,-0.8257,-0.1594,2.9492,-0.4259,-0.1438,0.0,0.0,0.0,0.0,DONE,-1,0.0,1.095,0
133.264,2.9028,-0.8257,-0.1594,2.9492,-0.4259,-0.1438,0.0,0.0,0.0,0.0,DONE,-1,0.0,1.095,0
133.36,2.9028,-0.8257,-0.1594,2.9492,-0.4259,-0.1438,0.0,0.0,0.0,0.0,DONE,-1,0.0,1.095,0
133.456,2.9028,-0.8257,-0.1594,2.9492,-0.4259,-0.1438,0.0,0.0,0.0,0.0,DONE,-1,0.0,1.095,0
133.552,2.9028,-0.8257,-0.1594,2.9492,-0.4259,-0.1438,0.0,0.0,0.0,0.0,DONE,-1,0.0,1.095,0
133.648,2.9028,-0.8257,-0.1594,2.9492,-0.4259,-0.1438,0.0,0.0,0.0,0.0,DONE,-1,0.0,1.095,0
133.744,2.9028,-0.8257,-0.1594,2.9492,-0.4259,-0.1438,0.0,0.0,0.0,0.0,DONE,-1,0.0,1.095,0
133.84,2.9028,-0.8257,-0.1594,2.9492,-0.4259,-0.1438,0.0,0.0,0.0,0.0,DONE,-1,0.0,1.095,0
133.936,2.9028,-0.8257,-0.1594,2.9492,-0.4259,-0.1438,0.0,0.0,0.0,0.0,DONE,-1,0.0,1.095,0
134.032,2.9028,-0.8257,-0.1594,2.9492,-0.4259,-0.1438,0.0,0.0,0.0,0.0,DONE,-1,0.0,1.095,0
134.128,2.9028,-0.8257,-0.1594,2.9492,-0.4259,-0.1438,0.0,0.0,0.0,0.0,DONE,-1,0.0,1.095,0
134.224,2.9028,-0.8257,-0.1594,2.9492,-0.4259,-0.1438,0.0,0.0,0.0,0.0,DONE,-1,0.0,1.095,0
134.32,2.9028,-0.8257,-0.1594,2.9492,-0.4259,-0.1438,0.0,0.0,0.0,0.0,DONE,-1,0.0,1.095,0
134.416,2.9028,-0.8257,-0.1594,2.9492,-0.4259,-0.1438,0.0,0.0,0.0,0.0,DONE,-1,0.0,1.095,0
134.512,2.9028,-0.8257,-0.1594,2.9492,-0.4259,-0.1438,0.0,0.0,0.0,0.0,DONE,-1,0.0,1.095,0
134.608,2.9028,-0.8257,-0.1594,2.9492,-0.4259,-0.1438,0.0,0.0,0.0,0.0,DONE,-1,0.0,1.095,0
134.704,2.9028,-0.8257,-0.1594,2.9492,-0.4259,-0.1438,0.0,0.0,0.0,0.0,DONE,-1,0.0,1.095,0
134.8,2.9028,-0.8257,-0.1594,2.9492,-0.4259,-0.1438,0.0,0.0,0.0,0.0,DONE,-1,0.0,1.095,0
134.896,2.9028,-0.8257,-0.1594,2.9492,-0.4259,-0.1438,0.0,0.0,0.0,0.0,DONE,-1,0.0,1.095,0
134.992,2.9028,-0.8257,-0.1594,2.9492,-0.4259,-0.1438,0.0,0.0,0.0,0.0,DONE,-1,0.0,1.095,0
135.088,2.9028,-0.8257,-0.1594,2.9492,-0.4259,-0.1438,0.0,0.0,0.0,0.0,DONE,-1,0.0,1.095,0
135.184,2.9028,-0.8257,-0.1594,2.9492,-0.4259,-0.1438,0.0,0.0,0.0,0.0,DONE,-1,0.0,1.095,0
135.28,2.9028,-0.8257,-0.1594,2.9492,-0.4259,-0.1438,0.0,0.0,0.0,0.0,DONE,-1,0.0,1.095,0
135.376,2.9028,-0.8257,-0.1594,2.9492,-0.4259,-0.1438,0.0,0.0,0.0,0.0,DONE,-1,0.0,1.095,0
135.472,2.9028,-0.8257,-0.1594,2.9492,-0.4259,-0.1438,0.0,0.0,0.0,0.0,DONE,-1,0.0,1.095,0
135.568,2.9028,-0.8257,-0.1594,2.9492,-0.4259,-0.1438,0.0,0.0,0.0,0.0,DONE,-1,0.0,1.095,0
135.664,2.9028,-0.8257,-0.1594,2.9492,-0.4259,-0.1438,0.0,0.0,0.0,0.0,DONE,-1,0.0,1.095,0
135.76,2.9028,-0.8257,-0.1594,2.9492,-0.4259,-0.1438,0.0,0.0,0.0,0.0,DONE,-1,0.0,1.095,0
135.856,2.9028,-0.8257,-0.1594,2.9492,-0.4259,-0.1438,0.0,0.0,0.0,0.0,DONE,-1,0.0,1.095,0
135.952,2.9028,-0.8257,-0.1594,2.9492,-0.4259,-0.1438,0.0,0.0,0.0,0.0,DONE,-1,0.0,1.095,0
136.048,2.9028,-0.8257,-0.1594,2.9492,-0.4259,-0.1438,0.0,0.0,0.0,0.0,DONE,-1,0.0,1.095,0
136.144,2.9028,-0.8257,-0.1594,2.9492,-0.4259,-0.1438,0.0,0.0,0.0,0.0,DONE,-1,0.0,1.095,0
136.24,2.9028,-0.8257,-0.1594,2.9492,-0.4259,-0.1438,0.0,0.0,0.0,0.0,DONE,-1,0.0,1.095,0
136.336,2.9028,-0.8257,-0.1594,2.9492,-0.4259,-0.1438,0.0,0.0,0.0,0.0,DONE,-1,0.0,1.095,0
136.432,2.9028,-0.8257,-0.1594,2.9492,-0.4259,-0.1438,0.0,0.0,0.0,0.0,DONE,-1,0.0,1.095,0
136.528,2.9028,-0.8257,-0.1594,2.9492,-0.4259,-0.1438,0.0,0.0,0.0,0.0,DONE,-1,0.0,1.095,0
136.624,2.9028,-0.8257,-0.1594,2.9492,-0.4259,-0.1438,0.0,0.0,0.0,0.0,DONE,-1,0.0,1.095,0
136.72,2.9028,-0.8257,-0.1594,2.9492,-0.4259,-0.1438,0.0,0.0,0.0,0.0,DONE,-1,0.0,1.095,0
136.816,2.9028,-0.8257,-0.1594,2.9492,-0.4259,-0.1438,0.0,0.0,0.0,0.0,DONE,-1,0.0,1.095,0
136.912,2.9028,-0.8257,-0.1594,2.9492,-0.4259,-0.1438,0.0,0.0,0.0,0.0,DONE,-1,0.0,1.095,0
137.008,2.9028,-0.8257,-0.1594,2.9492,-0.4259,-0.1438,0.0,0.0,0.0,0.0,DONE,-1,0.0,1.095,0
137.104,2.9028,-0.8257,-0.1594,2.9492,-0.4259,-0.1438,0.0,0.0,0.0,0.0,DONE,-1,0.0,1.095,0
137.2,2.9028,-0.8257,-0.1594,2.9492,-0.4259,-0.1438,0.0,0.0,0.0,0.0,DONE,-1,0.0,1.095,0
137.296,2.9028,-0.8257,-0.1594,2.9492,-0.4259,-0.1438,0.0,0.0,0.0,0.0,DONE,-1,0.0,1.095,0
137.392,2.9028,-0.8257,-0.1594,2.9492,-0.4259,-0.1438,0.0,0.0,0.0,0.0,DONE,-1,0.0,1.095,0
137.488,2.9028,-0.8257,-0.1594,2.9492,-0.4259,-0.1438,0.0,0.0,0.0,0.0,DONE,-1,0.0,1.095,0
137.584,2.9028,-0.8257,-0.1594,2.9492,-0.4259,-0.1438,0.0,0.0,0.0,0.0,DONE,-1,0.0,1.095,0
137.68,2.9028,-0.8257,-0.1594,2.9492,-0.4259,-0.1438,0.0,0.0,0.0,0.0,DONE,-1,0.0,1.095,0
137.776,2.9028,-0.8257,-0.1594,2.9492,-0.4259,-0.1438,0.0,0.0,0.0,0.0,DONE,-1,0.0,1.095,0
137.872,2.9028,-0.8257,-0.1594,2.9492,-0.4259,-0.1438,0.0,0.0,0.0,0.0,DONE,-1,0.0,1.095,0
137.968,2.9028,-0.8257,-0.1594,2.9492,-0.4259,-0.1438,0.0,0.0,0.0,0.0,DONE,-1,0.0,1.095,0
138.064,2.9028,-0.8257,-0.1594,2.9492,-0.4259,-0.1438,0.0,0.0,0.0,0.0,DONE,-1,0.0,1.095,0
138.16,2.9028,-0.8257,-0.1594,2.9492,-0.4259,-0.1438,0.0,0.0,0.0,0.0,DONE,-1,0.0,1.095,0
138.256,2.9028,-0.8257,-0.1594,2.9492,-0.4259,-0.1438,0.0,0.0,0.0,0.0,DONE,-1,0.0,1.095,0
138.352,2.9028,-0.8257,-0.1594,2.9492,-0.4259,-0.1438,0.0,0.0,0.0,0.0,DONE,-1,0.0,1.095,0
138.448,2.9028,-0.8257,-0.1594,2.9492,-0.4259,-0.1438,0.0,0.0,0.0,0.0,DONE,-1,0.0,1.095,0
138.544,2.9028,-0.8257,-0.1594,2.9492,-0.4259,-0.1438,0.0,0.0,0.0,0.0,DONE,-1,0.0,1.095,0
138.64,2.9028,-0.8257,-0.1594,2.9492,-0.4259,-0.1438,0.0,0.0,0.0,0.0,DONE,-1,0.0,1.095,0
138.736,2.9028,-0.8257,-0.1594,2.9492,-0.4259,-0.1438,0.0,0.0,0.0,0.0,DONE,-1,0.0,1.095,0
138.832,2.9028,-0.8257,-0.1594,2.9492,-0.4259,-0.1438,0.0,0.0,0.0,0.0,DONE,-1,0.0,1.095,0
138.928,2.9028,-0.8257,-0.1594,2.9492,-0.4259,-0.1438,0.0,0.0,0.0,0.0,DONE,-1,0.0,1.095,0
139.024,2.9028,-0.8257,-0.1594,2.9492,-0.4259,-0.1438,0.0,0.0,0.0,0.0,DONE,-1,0.0,1.095,0
139.12,2.9028,-0.8257,-0.1594,2.9492,-0.4259,-0.1438,0.0,0.0,0.0,0.0,DONE,-1,0.0,1.095,0
139.216,2.9028,-0.8257,-0.1594,2.9492,-0.4259,-0.1438,0.0,0.0,0.0,0.0,DONE,-1,0.0,1.095,0
139.312,2.9028,-0.8257,-0.1594,2.9492,-0.4259,-0.1438,0.0,0.0,0.0,0.0,DONE,-1,0.0,1.095,0
139.408,2.9028,-0.8257,-0.1594,2.9492,-0.4259,-0.1438,0.0,0.0,0.0,0.0,DONE,-1,0.0,1.095,0
139.504,2.9028,-0.8257,-0.1594,2.9492,-0.4259,-0.1438,0.0,0.0,0.0,0.0,DONE,-1,0.0,1.095,0
139.6,2.9028,-0.8257,-0.1594,2.9492,-0.4259,-0.1438,0.0,0.0,0.0,0.0,DONE,-1,0.0,1.095,0
139.696,2.9028,-0.8257,-0.1594,2.9492,-0.4259,-0.1438,0.0,0.0,0.0,0.0,DONE,-1,0.0,1.095,0
139.792,2.9028,-0.8257,-0.1594,2.9492,-0.4259,-0.1438,0.0,0.0,0.0,0.0,DONE,-1,0.0,1.095,0
139.888,2.9028,-0.8257,-0.1594,2.9492,-0.4259,-0.1438,0.0,0.0,0.0,0.0,DONE,-1,0.0,1.095,0
139.984,2.9028,-0.8257,-0.1594,2.9492,-0.4259,-0.1438,0.0,0.0,0.0,0.0,DONE,-1,0.0,1.095,0
140.08,2.9028,-0.8257,-0.1594,2.9492,-0.4259,-0.1438,0.0,0.0,0.0,0.0,DONE,-1,0.0,1.095,0
140.176,2.9028,-0.8257,-0.1594,2.9492,-0.4259,-0.1438,0.0,0.0,0.0,0.0,DONE,-1,0.0,1.095,0
140.272,2.9028,-0.8257,-0.1594,2.9492,-0.4259,-0.1438,0.0,0.0,0.0,0.0,DONE,-1,0.0,1.095,0
140.368,2.9028,-0.8257,-0.1594,2.9492,-0.4259,-0.1438,0.0,0.0,0.0,0.0,DONE,-1,0.0,1.095,0
140.464,2.9028,-0.8257,-0.1594,2.9492,-0.4259,-0.1438,0.0,0.0,0.0,0.0,DONE,-1,0.0,1.095,0
140.56,2.9028,-0.8257,-0.1594,2.9492,-0.4259,-0.1438,0.0,0.0,0.0,0.0,DONE,-1,0.0,1.095,0
140.656,2.9028,-0.8257,-0.1594,2.9492,-0.4259,-0.1438,0.0,0.0,0.0,0.0,DONE,-1,0.0,1.095,0
140.752,2.9028,-0.8257,-0.1594,2.9492,-0.4259,-0.1438,0.0,0.0,0.0,0.0,DONE,-1,0.0,1.095,0
140.848,2.9028,-0.8257,-0.1594,2.9492,-0.4259,-0.1438,0.0,0.0,0.0,0.0,DONE,-1,0.0,1.095,0
140.944,2.9028,-0.8257,-0.1594,2.9492,-0.4259,-0.1438,0.0,0.0,0.0,0.0,DONE,-1,0.0,1.095,0
141.04,2.9028,-0.8257,-0.1594,2.9492,-0.4259,-0.1438,0.0,0.0,0.0,0.0,DONE,-1,0.0,1.095,0
141.136,2.9028,-0.8257,-0.1594,2.9492,-0.4259,-0.1438,0.0,0.0,0.0,0.0,DONE,-1,0.0,1.095,0
141.232,2.9028,-0.8257,-0.1594,2.9492,-0.4259,-0.1438,0.0,0.0,0.0,0.0,DONE,-1,0.0,1.095,0
141.328,2.9028,-0.8257,-0.1594,2.9492,-0.4259,-0.1438,0.0,0.0,0.0,0.0,DONE,-1,0.0,1.095,0
141.424,2.9028,-0.8257,-0.1594,2.9492,-0.4259,-0.1438,0.0,0.0,0.0,0.0,DONE,-1,0.0,1.095,0
141.52,2.9028,-0.8257,-0.1594,2.9492,-0.4259,-0.1438,0.0,0.0,0.0,0.0,DONE,-1,0.0,1.095,0
141.616,2.9028,-0.8257,-0.1594,2.9492,-0.4259,-0.1438,0.0,0.0,0.0,0.0,DONE,-1,0.0,1.095,0
141.712,2.9028,-0.8257,-0.1594,2.9492,-0.4259,-0.1438,0.0,0.0,0.0,0.0,DONE,-1,0.0,1.095,0
141.808,2.9028,-0.8257,-0.1594,2.9492,-0.4259,-0.1438,0.0,0.0,0.0,0.0,DONE,-1,0.0,1.095,0
141.904,2.9028,-0.8257,-0.1594,2.9492,-0.4259,-0.1438,0.0,0.0,0.0,0.0,DONE,-1,0.0,1.095,0
142.0,2.9028,-0.8257,-0.1594,2.9492,-0.4259,-0.1438,0.0,0.0,0.0,0.0,DONE,-1,0.0,1.095,0
142.096,2.9028,-0.8257,-0.1594,2.9492,-0.4259,-0.1438,0.0,0.0,0.0,0.0,DONE,-1,0.0,1.095,0
142.192,2.9028,-0.8257,-0.1594,2.9492,-0.4259,-0.1438,0.0,0.0,0.0,0.0,DONE,-1,0.0,1.095,0
142.288,2.9028,-0.8257,-0.1594,2.9492,-0.4259,-0.1438,0.0,0.0,0.0,0.0,DONE,-1,0.0,1.095,0
142.384,2.9028,-0.8257,-0.1594,2.9492,-0.4259,-0.1438,0.0,0.0,0.0,0.0,DONE,-1,0.0,1.095,0
142.48,2.9028,-0.8257,-0.1594,2.9492,-0.4259,-0.1438,0.0,0.0,0.0,0.0,DONE,-1,0.0,1.095,0
142.576,2.9028,-0.8257,-0.1594,2.9492,-0.4259,-0.1438,0.0,0.0,0.0,0.0,DONE,-1,0.0,1.095,0
142.672,2.9028,-0.8257,-0.1594,2.9492,-0.4259,-0.1438,0.0,0.0,0.0,0.0,DONE,-1,0.0,1.095,0
142.768,2.9028,-0.8257,-0.1594,2.9492,-0.4259,-0.1438,0.0,0.0,0.0,0.0,DONE,-1,0.0,1.095,0
142.864,2.9028,-0.8257,-0.1594,2.9492,-0.4259,-0.1438,0.0,0.0,0.0,0.0,DONE,-1,0.0,1.095,0
142.96,2.9028,-0.8257,-0.1594,2.9492,-0.4259,-0.1438,0.0,0.0,0.0,0.0,DONE,-1,0.0,1.095,0
143.056,2.9028,-0.8257,-0.1594,2.9492,-0.4259,-0.1438,0.0,0.0,0.0,0.0,DONE,-1,0.0,1.095,0
143.152,2.9028,-0.8257,-0.1594,2.9492,-0.4259,-0.1438,0.0,0.0,0.0,0.0,DONE,-1,0.0,1.095,0
143.248,2.9028,-0.8257,-0.1594,2.9492,-0.4259,-0.1438,0.0,0.0,0.0,0.0,DONE,-1,0.0,1.095,0
143.344,2.9028,-0.8257,-0.1594,2.9492,-0.4259,-0.1438,0.0,0.0,0.0,0.0,DONE,-1,0.0,1.095,0
143.44,2.9028,-0.8257,-0.1594,2.9492,-0.4259,-0.1438,0.0,0.0,0.0,0.0,DONE,-1,0.0,1.095,0
143.536,2.9028,-0.8257,-0.1594,2.9492,-0.4259,-0.1438,0.0,0.0,0.0,0.0,DONE,-1,0.0,1.095,0
143.632,2.9028,-0.8257,-0.1594,2.9492,-0.4259,-0.1438,0.0,0.0,0.0,0.0,DONE,-1,0.0,1.095,0
143.728,2.9028,-0.8257,-0.1594,2.9492,-0.4259,-0.1438,0.0,0.0,0.0,0.0,DONE,-1,0.0,1.095,0
143.824,2.9028,-0.8257,-0.1594,2.9492,-0.4259,-0.1438,0.0,0.0,0.0,0.0,DONE,-1,0.0,1.095,0
143.92,2.9028,-0.8257,-0.1594,2.9492,-0.4259,-0.1438,0.0,0.0,0.0,0.0,DONE,-1,0.0,1.095,0
144.016,2.9028,-0.8257,-0.1594,2.9492,-0.4259,-0.1438,0.0,0.0,0.0,0.0,DONE,-1,0.0,1.095,0
144.112,2.9028,-0.8257,-0.1594,2.9492,-0.4259,-0.1438,0.0,0.0,0.0,0.0,DONE,-1,0.0,1.095,0
144.208,2.9028,-0.8257,-0.1594,2.9492,-0.4259,-0.1438,0.0,0.0,0.0,0.0,DONE,-1,0.0,1.095,0
144.304,2.9028,-0.8257,-0.1594,2.9492,-0.4259,-0.1438,0.0,0.0,0.0,0.0,DONE,-1,0.0,1.095,0
144.4,2.9028,-0.8257,-0.1594,2.9492,-0.4259,-0.1438,0.0,0.0,0.0,0.0,DONE,-1,0.0,1.095,0
144.496,2.9028,-0.8257,-0.1594,2.9492,-0.4259,-0.1438,0.0,0.0,0.0,0.0,DONE,-1,0.0,1.095,0
144.592,2.9028,-0.8257,-0.1594,2.9492,-0.4259,-0.1438,0.0,0.0,0.0,0.0,DONE,-1,0.0,1.095,0
144.688,2.9028,-0.8257,-0.1594,2.9492,-0.4259,-0.1438,0.0,0.0,0.0,0.0,DONE,-1,0.0,1.095,0
144.784,2.9028,-0.8257,-0.1594,2.9492,-0.4259,-0.1438,0.0,0.0,0.0,0.0,DONE,-1,0.0,1.095,0
144.88,2.9028,-0.8257,-0.1594,2.9492,-0.4259,-0.1438,0.0,0.0,0.0,0.0,DONE,-1,0.0,1.095,0
144.976,2.9028,-0.8257,-0.1594,2.9492,-0.4259,-0.1438,0.0,0.0,0.0,0.0,DONE,-1,0.0,1.095,0
145.072,2.9028,-0.8257,-0.1594,2.9492,-0.4259,-0.1438,0.0,0.0,0.0,0.0,DONE,-1,0.0,1.095,0
145.168,2.9028,-0.8257,-0.1594,2.9492,-0.4259,-0.1438,0.0,0.0,0.0,0.0,DONE,-1,0.0,1.095,0
145.264,2.9028,-0.8257,-0.1594,2.9492,-0.4259,-0.1438,0.0,0.0,0.0,0.0,DONE,-1,0.0,1.095,0
145.36,2.9028,-0.8257,-0.1594,2.9492,-0.4259,-0.1438,0.0,0.0,0.0,0.0,DONE,-1,0.0,1.095,0
145.456,2.9028,-0.8257,-0.1594,2.9492,-0.4259,-0.1438,0.0,0.0,0.0,0.0,DONE,-1,0.0,1.095,0
145.552,2.9028,-0.8257,-0.1594,2.9492,-0.4259,-0.1438,0.0,0.0,0.0,0.0,DONE,-1,0.0,1.095,0
145.648,2.9028,-0.8257,-0.1594,2.9492,-0.4259,-0.1438,0.0,0.0,0.0,0.0,DONE,-1,0.0,1.095,0
145.744,2.9028,-0.8257,-0.1594,2.9492,-0.4259,-0.1438,0.0,0.0,0.0,0.0,DONE,-1,0.0,1.095,0
145.84,2.9028,-0.8257,-0.1594,2.9492,-0.4259,-0.1438,0.0,0.0,0.0,0.0,DONE,-1,0.0,1.095,0
145.936,2.9028,-0.8257,-0.1594,2.9492,-0.4259,-0.1438,0.0,0.0,0.0,0.0,DONE,-1,0.0,1.095,0
146.032,2.9028,-0.8257,-0.1594,2.9492,-0.4259,-0.1438,0.0,0.0,0.0,0.0,DONE,-1,0.0,1.095,0
146.128,2.9028,-0.8257,-0.1594,2.9492,-0.4259,-0.1438,0.0,0.0,0.0,0.0,DONE,-1,0.0,1.095,0
146.224,2.9028,-0.8257,-0.1594,2.9492,-0.4259,-0.1438,0.0,0.0,0.0,0.0,DONE,-1,0.0,1.095,0
146.32,2.9028,-0.8257,-0.1594,2.9492,-0.4259,-0.1438,0.0,0.0,0.0,0.0,DONE,-1,0.0,1.095,0
146.416,2.9028,-0.8257,-0.1594,2.9492,-0.4259,-0.1438,0.0,0.0,0.0,0.0,DONE,-1,0.0,1.095,0
146.512,2.9028,-0.8257,-0.1594,2.9492,-0.4259,-0.1438,0.0,0.0,0.0,0.0,DONE,-1,0.0,1.095,0
146.608,2.9028,-0.8257,-0.1594,2.9492,-0.4259,-0.1438,0.0,0.0,0.0,0.0,DONE,-1,0.0,1.095,0
146.704,2.9028,-0.8257,-0.1594,2.9492,-0.4259,-0.1438,0.0,0.0,0.0,0.0,DONE,-1,0.0,1.095,0
146.8,2.9028,-0.8257,-0.1594,2.9492,-0.4259,-0.1438,0.0,0.0,0.0,0.0,DONE,-1,0.0,1.095,0
146.896,2.9028,-0.8257,-0.1594,2.9492,-0.4259,-0.1438,0.0,0.0,0.0,0.0,DONE,-1,0.0,1.095,0
146.992,2.9028,-0.8257,-0.1594,2.9492,-0.4259,-0.1438,0.0,0.0,0.0,0.0,DONE,-1,0.0,1.095,0
147.088,2.9028,-0.8257,-0.1594,2.9492,-0.4259,-0.1438,0.0,0.0,0.0,0.0,DONE,-1,0.0,1.095,0
147.184,2.9028,-0.8257,-0.1594,2.9492,-0.4259,-0.1438,0.0,0.0,0.0,0.0,DONE,-1,0.0,1.095,0
147.28,2.9028,-0.8257,-0.1594,2.9492,-0.4259,-0.1438,0.0,0.0,0.0,0.0,DONE,-1,0.0,1.095,0
147.376,2.9028,-0.8257,-0.1594,2.9492,-0.4259,-0.1438,0.0,0.0,0.0,0.0,DONE,-1,0.0,1.095,0
147.472,2.9028,-0.8257,-0.1594,2.9492,-0.4259,-0.1438,0.0,0.0,0.0,0.0,DONE,-1,0.0,1.095,0
147.568,2.9028,-0.8257,-0.1594,2.9492,-0.4259,-0.1438,0.0,0.0,0.0,0.0,DONE,-1,0.0,1.095,0
147.664,2.9028,-0.8257,-0.1594,2.9492,-0.4259,-0.1438,0.0,0.0,0.0,0.0,DONE,-1,0.0,1.095,0
147.76,2.9028,-0.8257,-0.1594,2.9492,-0.4259,-0.1438,0.0,0.0,0.0,0.0,DONE,-1,0.0,1.095,0
147.856,2.9028,-0.8257,-0.1594,2.9492,-0.4259,-0.1438,0.0,0.0,0.0,0.0,DONE,-1,0.0,1.095,0
147.952,2.9028,-0.8257,-0.1594,2.9492,-0.4259,-0.1438,0.0,0.0,0.0,0.0,DONE,-1,0.0,1.095,0
148.048,2.9028,-0.8257,-0.1594,2.9492,-0.4259,-0.1438,0.0,0.0,0.0,0.0,DONE,-1,0.0,1.095,0
148.144,2.9028,-0.8257,-0.1594,2.9492,-0.4259,-0.1438,0.0,0.0,0.0,0.0,DONE,-1,0.0,1.095,0
148.24,2.9028,-0.8257,-0.1594,2.9492,-0.4259,-0.1438,0.0,0.0,0.0,0.0,DONE,-1,0.0,1.095,0
148.336,2.9028,-0.8257,-0.1594,2.9492,-0.4259,-0.1438,0.0,0.0,0.0,0.0,DONE,-1,0.0,1.095,0
148.432,2.9028,-0.8257,-0.1594,2.9492,-0.4259,-0.1438,0.0,0.0,0.0,0.0,DONE,-1,0.0,1.095,0
148.528,2.9028,-0.8257,-0.1594,2.9492,-0.4259,-0.1438,0.0,0.0,0.0,0.0,DONE,-1,0.0,1.095,0
148.624,2.9028,-0.8257,-0.1594,2.9492,-0.4259,-0.1438,0.0,0.0,0.0,0.0,DONE,-1,0.0,1.095,0
148.72,2.9028,-0.8257,-0.1594,2.9492,-0.4259,-0.1438,0.0,0.0,0.0,0.0,DONE,-1,0.0,1.095,0
148.816,2.9028,-0.8257,-0.1594,2.9492,-0.4259,-0.1438,0.0,0.0,0.0,0.0,DONE,-1,0.0,1.095,0
148.912,2.9028,-0.8257,-0.1594,2.9492,-0.4259,-0.1438,0.0,0.0,0.0,0.0,DONE,-1,0.0,1.095,0
149.008,2.9028,-0.8257,-0.1594,2.9492,-0.4259,-0.1438,0.0,0.0,0.0,0.0,DONE,-1,0.0,1.095,0
149.104,2.9028,-0.8257,-0.1594,2.9492,-0.4259,-0.1438,0.0,0.0,0.0,0.0,DONE,-1,0.0,1.095,0
149.2,2.9028,-0.8257,-0.1594,2.9492,-0.4259,-0.1438,0.0,0.0,0.0,0.0,DONE,-1,0.0,1.095,0
149.296,2.9028,-0.8257,-0.1594,2.9492,-0.4259,-0.1438,0.0,0.0,0.0,0.0,DONE,-1,0.0,1.095,0
149.392,2.9028,-0.8257,-0.1594,2.9492,-0.4259,-0.1438,0.0,0.0,0.0,0.0,DONE,-1,0.0,1.095,0
149.488,2.9028,-0.8257,-0.1594,2.9492,-0.4259,-0.1438,0.0,0.0,0.0,0.0,DONE,-1,0.0,1.095,0
149.584,2.9028,-0.8257,-0.1594,2.9492,-0.4259,-0.1438,0.0,0.0,0.0,0.0,DONE,-1,0.0,1.095,0
149.68,2.9028,-0.8257,-0.1594,2.9492,-0.4259,-0.1438,0.0,0.0,0.0,0.0,DONE,-1,0.0,1.095,0
149.776,2.9028,-0.8257,-0.1594,2.9492,-0.4259,-0.1438,0.0,0.0,0.0,0.0,DONE,-1,0.0,1.095,0
149.872,2.9028,-0.8257,-0.1594,2.9492,-0.4259,-0.1438,0.0,0.0,0.0,0.0,DONE,-1,0.0,1.095,0
149.968,2.9028,-0.8257,-0.1594,2.9492,-0.4259,-0.1438,0.0,0.0,0.0,0.0,DONE,-1,0.0,1.095,0
150.064,2.9028,-0.8257,-0.1594,2.9492,-0.4259,-0.1438,0.0,0.0,0.0,0.0,DONE,-1,0.0,1.095,0
150.16,2.9028,-0.8257,-0.1594,2.9492,-0.4259,-0.1438,0.0,0.0,0.0,0.0,DONE,-1,0.0,1.095,0
150.256,2.9028,-0.8257,-0.1594,2.9492,-0.4259,-0.1438,0.0,0.0,0.0,0.0,DONE,-1,0.0,1.095,0
150.352,2.9028,-0.8257,-0.1594,2.9492,-0.4259,-0.1438,0.0,0.0,0.0,0.0,DONE,-1,0.0,1.095,0
150.448,2.9028,-0.8257,-0.1594,2.9492,-0.4259,-0.1438,0.0,0.0,0.0,0.0,DONE,-1,0.0,1.095,0
150.544,2.9028,-0.8257,-0.1594,2.9492,-0.4259,-0.1438,0.0,0.0,0.0,0.0,DONE,-1,0.0,1.095,0
150.64,2.9028,-0.8257,-0.1594,2.9492,-0.4259,-0.1438,0.0,0.0,0.0,0.0,DONE,-1,0.0,1.095,0
150.736,2.9028,-0.8257,-0.1594,2.9492,-0.4259,-0.1438,0.0,0.0,0.0,0.0,DONE,-1,0.0,1.095,0
150.832,2.9028,-0.8257,-0.1594,2.9492,-0.4259,-0.1438,0.0,0.0,0.0,0.0,DONE,-1,0.0,1.095,0
150.928,2.9028,-0.8257,-0.1594,2.9492,-0.4259,-0.1438,0.0,0.0,0.0,0.0,DONE,-1,0.0,1.095,0
151.024,2.9028,-0.8257,-0.1594,2.9492,-0.4259,-0.1438,0.0,0.0,0.0,0.0,DONE,-1,0.0,1.095,0
151.12,2.9028,-0.8257,-0.1594,2.9492,-0.4259,-0.1438,0.0,0.0,0.0,0.0,DONE,-1,0.0,1.095,0
151.216,2.9028,-0.8257,-0.1594,2.9492,-0.4259,-0.1438,0.0,0.0,0.0,0.0,DONE,-1,0.0,1.095,0
151.312,2.9028,-0.8257,-0.1594,2.9492,-0.4259,-0.1438,0.0,0.0,0.0,0.0,DONE,-1,0.0,1.095,0
151.408,2.9028,-0.8257,-0.1594,2.9492,-0.4259,-0.1438,0.0,0.0,0.0,0.0,DONE,-1,0.0,1.095,0
151.504,2.9028,-0.8257,-0.1594,2.9492,-0.4259,-0.1438,0.0,0.0,0.0,0.0,DONE,-1,0.0,1.095,0
151.6,2.9028,-0.8257,-0.1594,2.9492,-0.4259,-0.1438,0.0,0.0,0.0,0.0,DONE,-1,0.0,1.095,0
151.696,2.9028,-0.8257,-0.1594,2.9492,-0.4259,-0.1438,0.0,0.0,0.0,0.0,DONE,-1,0.0,1.095,0
151.792,2.9028,-0.8257,-0.1594,2.9492,-0.4259,-0.1438,0.0,0.0,0.0,0.0,DONE,-1,0.0,1.095,0
151.888,2.9028,-0.8257,-0.1594,2.9492,-0.4259,-0.1438,0.0,0.0,0.0,0.0,DONE,-1,0.0,1.095,0
151.984,2.9028,-0.8257,-0.1594,2.9492,-0.4259,-0.1438,0.0,0.0,0.0,0.0,DONE,-1,0.0,1.095,0
152.08,2.9028,-0.8257,-0.1594,2.9492,-0.4259,-0.1438,0.0,0.0,0.0,0.0,DONE,-1,0.0,1.095,0
152.176,2.9028,-0.8257,-0.1594,2.9492,-0.4259,-0.1438,0.0,0.0,0.0,0.0,DONE,-1,0.0,1.095,0
152.272,2.9028,-0.8257,-0.1594,2.9492,-0.4259,-0.1438,0.0,0.0,0.0,0.0,DONE,-1,0.0,1.095,0
152.368,2.9028,-0.8257,-0.1594,2.9492,-0.4259,-0.1438,0.0,0.0,0.0,0.0,DONE,-1,0.0,1.095,0
152.464,2.9028,-0.8257,-0.1594,2.9492,-0.4259,-0.1438,0.0,0.0,0.0,0.0,DONE,-1,0.0,1.095,0
152.56,2.9028,-0.8257,-0.1594,2.9492,-0.4259,-0.1438,0.0,0.0,0.0,0.0,DONE,-1,0.0,1.095,0
152.656,2.9028,-0.8257,-0.1594,2.9492,-0.4259,-0.1438,0.0,0.0,0.0,0.0,DONE,-1,0.0,1.095,0
152.752,2.9028,-0.8257,-0.1594,2.9492,-0.4259,-0.1438,0.0,0.0,0.0,0.0,DONE,-1,0.0,1.095,0
152.848,2.9028,-0.8257,-0.1594,2.9492,-0.4259,-0.1438,0.0,0.0,0.0,0.0,DONE,-1,0.0,1.095,0
152.944,2.9028,-0.8257,-0.1594,2.9492,-0.4259,-0.1438,0.0,0.0,0.0,0.0,DONE,-1,0.0,1.095,0
153.04,2.9028,-0.8257,-0.1594,2.9492,-0.4259,-0.1438,0.0,0.0,0.0,0.0,DONE,-1,0.0,1.095,0
153.136,2.9028,-0.8257,-0.1594,2.9492,-0.4259,-0.1438,0.0,0.0,0.0,0.0,DONE,-1,0.0,1.095,0
153.232,2.9028,-0.8257,-0.1594,2.9492,-0.4259,-0.1438,0.0,0.0,0.0,0.0,DONE,-1,0.0,1.095,0
153.328,2.9028,-0.8257,-0.1594,2.9492,-0.4259,-0.1438,0.0,0.0,0.0,0.0,DONE,-1,0.0,1.095,0
153.424,2.9028,-0.8257,-0.1594,2.9492,-0.4259,-0.1438,0.0,0.0,0.0,0.0,DONE,-1,0.0,1.095,0
153.52,2.9028,-0.8257,-0.1594,2.9492,-0.4259,-0.1438,0.0,0.0,0.0,0.0,DONE,-1,0.0,1.095,0
153.616,2.9028,-0.8257,-0.1594,2.9492,-0.4259,-0.1438,0.0,0.0,0.0,0.0,DONE,-1,0.0,1.095,0
153.712,2.9028,-0.8257,-0.1594,2.9492,-0.4259,-0.1438,0.0,0.0,0.0,0.0,DONE,-1,0.0,1.095,0
153.808,2.9028,-0.8257,-0.1594,2.9492,-0.4259,-0.1438,0.0,0.0,0.0,0.0,DONE,-1,0.0,1.095,0
153.904,2.9028,-0.8257,-0.1594,2.9492,-0.4259,-0.1438,0.0,0.0,0.0,0.0,DONE,-1,0.0,1.095,0
154.0,2.9028,-0.8257,-0.1594,2.9492,-0.4259,-0.1438,0.0,0.0,0.0,0.0,DONE,-1,0.0,1.095,0
154.096,2.9028,-0.8257,-0.1594,2.9492,-0.4259,-0.1438,0.0,0.0,0.0,0.0,DONE,-1,0.0,1.095,0
154.192,2.9028,-0.8257,-0.1594,2.9492,-0.4259,-0.1438,0.0,0.0,0.0,0.0,DONE,-1,0.0,1.095,0
154.288,2.9028,-0.8257,-0.1594,2.9492,-0.4259,-0.1438,0.0,0.0,0.0,0.0,DONE,-1,0.0,1.095,0
154.384,2.9028,-0.8257,-0.1594,2.9492,-0.4259,-0.1438,0.0,0.0,0.0,0.0,DONE,-1,0.0,1.095,0
154.48,2.9028,-0.8257,-0.1594,2.9492,-0.4259,-0.1438,0.0,0.0,0.0,0.0,DONE,-1,0.0,1.095,0
154.576,2.9028,-0.8257,-0.1594,2.9492,-0.4259,-0.1438,0.0,0.0,0.0,0.0,DONE,-1,0.0,1.095,0
154.672,2.9028,-0.8257,-0.1594,2.9492,-0.4259,-0.1438,0.0,0.0,0.0,0.0,DONE,-1,0.0,1.095,0
154.768,2.9028,-0.8257,-0.1594,2.9492,-0.4259,-0.1438,0.0,0.0,0.0,0.0,DONE,-1,0.0,1.095,0
154.864,2.9028,-0.8257,-0.1594,2.9492,-0.4259,-0.1438,0.0,0.0,0.0,0.0,DONE,-1,0.0,1.095,0
154.96,2.9028,-0.8257,-0.1594,2.9492,-0.4259,-0.1438,0.0,0.0,0.0,0.0,DONE,-1,0.0,1.095,0
155.056,2.9028,-0.8257,-0.1594,2.9492,-0.4259,-0.1438,0.0,0.0,0.0,0.0,DONE,-1,0.0,1.095,0
155.152,2.9028,-0.8257,-0.1594,2.9492,-0.4259,-0.1438,0.0,0.0,0.0,0.0,DONE,-1,0.0,1.095,0
155.248,2.9028,-0.8257,-0.1594,2.9492,-0.4259,-0.1438,0.0,0.0,0.0,0.0,DONE,-1,0.0,1.095,0
155.344,2.9028,-0.8257,-0.1594,2.9492,-0.4259,-0.1438,0.0,0.0,0.0,0.0,DONE,-1,0.0,1.095,0
155.44,2.9028,-0.8257,-0.1594,2.9492,-0.4259,-0.1438,0.0,0.0,0.0,0.0,DONE,-1,0.0,1.095,0
155.536,2.9028,-0.8257,-0.1594,2.9492,-0.4259,-0.1438,0.0,0.0,0.0,0.0,DONE,-1,0.0,1.095,0
155.632,2.9028,-0.8257,-0.1594,2.9492,-0.4259,-0.1438,0.0,0.0,0.0,0.0,DONE,-1,0.0,1.095,0
155.728,2.9028,-0.8257,-0.1594,2.9492,-0.4259,-0.1438,0.0,0.0,0.0,0.0,DONE,-1,0.0,1.095,0
155.824,2.9028,-0.8257,-0.1594,2.9492,-0.4259,-0.1438,0.0,0.0,0.0,0.0,DONE,-1,0.0,1.095,0
155.92,2.9028,-0.8257,-0.1594,2.9492,-0.4259,-0.1438,0.0,0.0,0.0,0.0,DONE,-1,0.0,1.095,0
156.016,2.9028,-0.8257,-0.1594,2.9492,-0.4259,-0.1438,0.0,0.0,0.0,0.0,DONE,-1,0.0,1.095,0
156.112,2.9028,-0.8257,-0.1594,2.9492,-0.4259,-0.1438,0.0,0.0,0.0,0.0,DONE,-1,0.0,1.095,0
156.208,2.9028,-0.8257,-0.1594,2.9492,-0.4259,-0.1438,0.0,0.0,0.0,0.0,DONE,-1,0.0,1.095,0
156.304,2.9028,-0.8257,-0.1594,2.9492,-0.4259,-0.1438,0.0,0.0,0.0,0.0,DONE,-1,0.0,1.095,0
156.4,2.9028,-0.8257,-0.1594,2.9492,-0.4259,-0.1438,0.0,0.0,0.0,0.0,DONE,-1,0.0,1.095,0
156.496,2.9028,-0.8257,-0.1594,2.9492,-0.4259,-0.1438,0.0,0.0,0.0,0.0,DONE,-1,0.0,1.095,0
156.592,2.9028,-0.8257,-0.1594,2.9492,-0.4259,-0.1438,0.0,0.0,0.0,0.0,DONE,-1,0.0,1.095,0
156.688,2.9028,-0.8257,-0.1594,2.9492,-0.4259,-0.1438,0.0,0.0,0.0,0.0,DONE,-1,0.0,1.095,0
156.784,2.9028,-0.8257,-0.1594,2.9492,-0.4259,-0.1438,0.0,0.0,0.0,0.0,DONE,-1,0.0,1.095,0
156.88,2.9028,-0.8257,-0.1594,2.9492,-0.4259,-0.1438,0.0,0.0,0.0,0.0,DONE,-1,0.0,1.095,0
156.976,2.9028,-0.8257,-0.1594,2.9492,-0.4259,-0.1438,0.0,0.0,0.0,0.0,DONE,-1,0.0,1.095,0
157.072,2.9028,-0.8257,-0.1594,2.9492,-0.4259,-0.1438,0.0,0.0,0.0,0.0,DONE,-1,0.0,1.095,0
157.168,2.9028,-0.8257,-0.1594,2.9492,-0.4259,-0.1438,0.0,0.0,0.0,0.0,DONE,-1,0.0,1.095,0
157.264,2.9028,-0.8257,-0.1594,2.9492,-0.4259,-0.1438,0.0,0.0,0.0,0.0,DONE,-1,0.0,1.095,0
157.36,2.9028,-0.8257,-0.1594,2.9492,-0.4259,-0.1438,0.0,0.0,0.0,0.0,DONE,-1,0.0,1.095,0
157.456,2.9028,-0.8257,-0.1594,2.9492,-0.4259,-0.1438,0.0,0.0,0.0,0.0,DONE,-1,0.0,1.095,0
157.552,2.9028,-0.8257,-0.1594,2.9492,-0.4259,-0.1438,0.0,0.0,0.0,0.0,DONE,-1,0.0,1.095,0
157.648,2.9028,-0.8257,-0.1594,2.9492,-0.4259,-0.1438,0.0,0.0,0.0,0.0,DONE,-1,0.0,1.095,0
157.744,2.9028,-0.8257,-0.1594,2.9492,-0.4259,-0.1438,0.0,0.0,0.0,0.0,DONE,-1,0.0,1.095,0
157.84,2.9028,-0.8257,-0.1594,2.9492,-0.4259,-0.1438,0.0,0.0,0.0,0.0,DONE,-1,0.0,1.095,0
157.936,2.9028,-0.8257,-0.1594,2.9492,-0.4259,-0.1438,0.0,0.0,0.0,0.0,DONE,-1,0.0,1.095,0
158.032,2.9028,-0.8257,-0.1594,2.9492,-0.4259,-0.1438,0.0,0.0,0.0,0.0,DONE,-1,0.0,1.095,0
158.128,2.9028,-0.8257,-0.1594,2.9492,-0.4259,-0.1438,0.0,0.0,0.0,0.0,DONE,-1,0.0,1.095,0
158.224,2.9028,-0.8257,-0.1594,2.9492,-0.4259,-0.1438,0.0,0.0,0.0,0.0,DONE,-1,0.0,1.095,0
158.32,2.9028,-0.8257,-0.1594,2.9492,-0.4259,-0.1438,0.0,0.0,0.0,0.0,DONE,-1,0.0,1.095,0
158.416,2.9028,-0.8257,-0.1594,2.9492,-0.4259,-0.1438,0.0,0.0,0.0,0.0,DONE,-1,0.0,1.095,0
158.512,2.9028,-0.8257,-0.1594,2.9492,-0.4259,-0.1438,0.0,0.0,0.0,0.0,DONE,-1,0.0,1.095,0
158.608,2.9028,-0.8257,-0.1594,2.9492,-0.4259,-0.1438,0.0,0.0,0.0,0.0,DONE,-1,0.0,1.095,0
158.704,2.9028,-0.8257,-0.1594,2.9492,-0.4259,-0.1438,0.0,0.0,0.0,0.0,DONE,-1,0.0,1.095,0
158.8,2.9028,-0.8257,-0.1594,2.9492,-0.4259,-0.1438,0.0,0.0,0.0,0.0,DONE,-1,0.0,1.095,0
158.896,2.9028,-0.8257,-0.1594,2.9492,-0.4259,-0.1438,0.0,0.0,0.0,0.0,DONE,-1,0.0,1.095,0
158.992,2.9028,-0.8257,-0.1594,2.9492,-0.4259,-0.1438,0.0,0.0,0.0,0.0,DONE,-1,0.0,1.095,0
159.088,2.9028,-0.8257,-0.1594,2.9492,-0.4259,-0.1438,0.0,0.0,0.0,0.0,DONE,-1,0.0,1.095,0
159.184,2.9028,-0.8257,-0.1594,2.9492,-0.4259,-0.1438,0.0,0.0,0.0,0.0,DONE,-1,0.0,1.095,0
159.28,2.9028,-0.8257,-0.1594,2.9492,-0.4259,-0.1438,0.0,0.0,0.0,0.0,DONE,-1,0.0,1.095,0
159.376,2.9028,-0.8257,-0.1594,2.9492,-0.4259,-0.1438,0.0,0.0,0.0,0.0,DONE,-1,0.0,1.095,0
159.472,2.9028,-0.8257,-0.1594,2.9492,-0.4259,-0.1438,0.0,0.0,0.0,0.0,DONE,-1,0.0,1.095,0
159.568,2.9028,-0.8257,-0.1594,2.9492,-0.4259,-0.1438,0.0,0.0,0.0,0.0,DONE,-1,0.0,1.095,0
159.664,2.9028,-0.8257,-0.1594,2.9492,-0.4259,-0.1438,0.0,0.0,0.0,0.0,DONE,-1,0.0,1.095,0
159.76,2.9028,-0.8257,-0.1594,2.9492,-0.4259,-0.1438,0.0,0.0,0.0,0.0,DONE,-1,0.0,1.095,0
159.856,2.9028,-0.8257,-0.1594,2.9492,-0.4259,-0.1438,0.0,0.0,0.0,0.0,DONE,-1,0.0,1.095,0
159.952,2.9028,-0.8257,-0.1594,2.9492,-0.4259,-0.1438,0.0,0.0,0.0,0.0,DONE,-1,0.0,1.095,0
160.048,2.9028,-0.8257,-0.1594,2.9492,-0.4259,-0.1438,0.0,0.0,0.0,0.0,DONE,-1,0.0,1.095,0
160.144,2.9028,-0.8257,-0.1594,2.9492,-0.4259,-0.1438,0.0,0.0,0.0,0.0,DONE,-1,0.0,1.095,0
160.24,2.9028,-0.8257,-0.1594,2.9492,-0.4259,-0.1438,0.0,0.0,0.0,0.0,DONE,-1,0.0,1.095,0
160.336,2.9028,-0.8257,-0.1594,2.9492,-0.4259,-0.1438,0.0,0.0,0.0,0.0,DONE,-1,0.0,1.095,0
160.432,2.9028,-0.8257,-0.1594,2.9492,-0.4259,-0.1438,0.0,0.0,0.0,0.0,DONE,-1,0.0,1.095,0
160.528,2.9028,-0.8257,-0.1594,2.9492,-0.4259,-0.1438,0.0,0.0,0.0,0.0,DONE,-1,0.0,1.095,0
160.624,2.9028,-0.8257,-0.1594,2.9492,-0.4259,-0.1438,0.0,0.0,0.0,0.0,DONE,-1,0.0,1.095,0
160.72,2.9028,-0.8257,-0.1594,2.9492,-0.4259,-0.1438,0.0,0.0,0.0,0.0,DONE,-1,0.0,1.095,0
160.816,2.9028,-0.8257,-0.1594,2.9492,-0.4259,-0.1438,0.0,0.0,0.0,0.0,DONE,-1,0.0,1.095,0
160.912,2.9028,-0.8257,-0.1594,2.9492,-0.4259,-0.1438,0.0,0.0,0.0,0.0,DONE,-1,0.0,1.095,0
161.008,2.9028,-0.8257,-0.1594,2.9492,-0.4259,-0.1438,0.0,0.0,0.0,0.0,DONE,-1,0.0,1.095,0
161.104,2.9028,-0.8257,-0.1594,2.9492,-0.4259,-0.1438,0.0,0.0,0.0,0.0,DONE,-1,0.0,1.095,0
161.2,2.9028,-0.8257,-0.1594,2.9492,-0.4259,-0.1438,0.0,0.0,0.0,0.0,DONE,-1,0.0,1.095,0
161.296,2.9028,-0.8257,-0.1594,2.9492,-0.4259,-0.1438,0.0,0.0,0.0,0.0,DONE,-1,0.0,1.095,0
161.392,2.9028,-0.8257,-0.1594,2.9492,-0.4259,-0.1438,0.0,0.0,0.0,0.0,DONE,-1,0.0,1.095,0
161.488,2.9028,-0.8257,-0.1594,2.9492,-0.4259,-0.1438,0.0,0.0,0.0,0.0,DONE,-1,0.0,1.095,0
161.584,2.9028,-0.8257,-0.1594,2.9492,-0.4259,-0.1438,0.0,0.0,0.0,0.0,DONE,-1,0.0,1.095,0
161.68,2.9028,-0.8257,-0.1594,2.9492,-0.4259,-0.1438,0.0,0.0,0.0,0.0,DONE,-1,0.0,1.095,0
161.776,2.9028,-0.8257,-0.1594,2.9492,-0.4259,-0.1438,0.0,0.0,0.0,0.0,DONE,-1,0.0,1.095,0
161.872,2.9028,-0.8257,-0.1594,2.9492,-0.4259,-0.1438,0.0,0.0,0.0,0.0,DONE,-1,0.0,1.095,0
161.968,2.9028,-0.8257,-0.1594,2.9492,-0.4259,-0.1438,0.0,0.0,0.0,0.0,DONE,-1,0.0,1.095,0
162.064,2.9028,-0.8257,-0.1594,2.9492,-0.4259,-0.1438,0.0,0.0,0.0,0.0,DONE,-1,0.0,1.095,0
162.16,2.9028,-0.8257,-0.1594,2.9492,-0.4259,-0.1438,0.0,0.0,0.0,0.0,DONE,-1,0.0,1.095,0
162.256,2.9028,-0.8257,-0.1594,2.9492,-0.4259,-0.1438,0.0,0.0,0.0,0.0,DONE,-1,0.0,1.095,0
162.352,2.9028,-0.8257,-0.1594,2.9492,-0.4259,-0.1438,0.0,0.0,0.0,0.0,DONE,-1,0.0,1.095,0
162.448,2.9028,-0.8257,-0.1594,2.9492,-0.4259,-0.1438,0.0,0.0,0.0,0.0,DONE,-1,0.0,1.095,0
162.544,2.9028,-0.8257,-0.1594,2.9492,-0.4259,-0.1438,0.0,0.0,0.0,0.0,DONE,-1,0.0,1.095,0
162.64,2.9028,-0.8257,-0.1594,2.9492,-0.4259,-0.1438,0.0,0.0,0.0,0.0,DONE,-1,0.0,1.095,0
162.736,2.9028,-0.8257,-0.1594,2.9492,-0.4259,-0.1438,0.0,0.0,0.0,0.0,DONE,-1,0.0,1.095,0
162.832,2.9028,-0.8257,-0.1594,2.9492,-0.4259,-0.1438,0.0,0.0,0.0,0.0,DONE,-1,0.0,1.095,0
162.928,2.9028,-0.8257,-0.1594,2.9492,-0.4259,-0.1438,0.0,0.0,0.0,0.0,DONE,-1,0.0,1.095,0
163.024,2.9028,-0.8257,-0.1594,2.9492,-0.4259,-0.1438,0.0,0.0,0.0,0.0,DONE,-1,0.0,1.095,0
163.12,2.9028,-0.8257,-0.1594,2.9492,-0.4259,-0.1438,0.0,0.0,0.0,0.0,DONE,-1,0.0,1.095,0
163.216,2.9028,-0.8257,-0.1594,2.9492,-0.4259,-0.1438,0.0,0.0,0.0,0.0,DONE,-1,0.0,1.095,0
163.312,2.9028,-0.8257,-0.1594,2.9492,-0.4259,-0.1438,0.0,0.0,0.0,0.0,DONE,-1,0.0,1.095,0
163.408,2.9028,-0.8257,-0.1594,2.9492,-0.4259,-0.1438,0.0,0.0,0.0,0.0,DONE,-1,0.0,1.095,0
163.504,2.9028,-0.8257,-0.1594,2.9492,-0.4259,-0.1438,0.0,0.0,0.0,0.0,DONE,-1,0.0,1.095,0
163.6,2.9028,-0.8257,-0.1594,2.9492,-0.4259,-0.1438,0.0,0.0,0.0,0.0,DONE,-1,0.0,1.095,0
163.696,2.9028,-0.8257,-0.1594,2.9492,-0.4259,-0.1438,0.0,0.0,0.0,0.0,DONE,-1,0.0,1.095,0
163.792,2.9028,-0.8257,-0.1594,2.9492,-0.4259,-0.1438,0.0,0.0,0.0,0.0,DONE,-1,0.0,1.095,0
163.888,2.9028,-0.8257,-0.1594,2.9492,-0.4259,-0.1438,0.0,0.0,0.0,0.0,DONE,-1,0.0,1.095,0
163.984,2.9028,-0.8257,-0.1594,2.9492,-0.4259,-0.1438,0.0,0.0,0.0,0.0,DONE,-1,0.0,1.095,0
164.08,2.9028,-0.8257,-0.1594,2.9492,-0.4259,-0.1438,0.0,0.0,0.0,0.0,DONE,-1,0.0,1.095,0
164.176,2.9028,-0.8257,-0.1594,2.9492,-0.4259,-0.1438,0.0,0.0,0.0,0.0,DONE,-1,0.0,1.095,0
164.272,2.9028,-0.8257,-0.1594,2.9492,-0.4259,-0.1438,0.0,0.0,0.0,0.0,DONE,-1,0.0,1.095,0
164.368,2.9028,-0.8257,-0.1594,2.9492,-0.4259,-0.1438,0.0,0.0,0.0,0.0,DONE,-1,0.0,1.095,0
164.464,2.9028,-0.8257,-0.1594,2.9492,-0.4259,-0.1438,0.0,0.0,0.0,0.0,DONE,-1,0.0,1.095,0
164.56,2.9028,-0.8257,-0.1594,2.9492,-0.4259,-0.1438,0.0,0.0,0.0,0.0,DONE,-1,0.0,1.095,0
164.656,2.9028,-0.8257,-0.1594,2.9492,-0.4259,-0.1438,0.0,0.0,0.0,0.0,DONE,-1,0.0,1.095,0
164.752,2.9028,-0.8257,-0.1594,2.9492,-0.4259,-0.1438,0.0,0.0,0.0,0.0,DONE,-1,0.0,1.095,0
164.848,2.9028,-0.8257,-0.1594,2.9492,-0.4259,-0.1438,0.0,0.0,0.0,0.0,DONE,-1,0.0,1.095,0
164.944,2.9028,-0.8257,-0.1594,2.9492,-0.4259,-0.1438,0.0,0.0,0.0,0.0,DONE,-1,0.0,1.095,0
165.04,2.9028,-0.8257,-0.1594,2.9492,-0.4259,-0.1438,0.0,0.0,0.0,0.0,DONE,-1,0.0,1.095,0
165.136,2.9028,-0.8257,-0.1594,2.9492,-0.4259,-0.1438,0.0,0.0,0.0,0.0,DONE,-1,0.0,1.095,0
165.232,2.9028,-0.8257,-0.1594,2.9492,-0.4259,-0.1438,0.0,0.0,0.0,0.0,DONE,-1,0.0,1.095,0
165.328,2.9028,-0.8257,-0.1594,2.9492,-0.4259,-0.1438,0.0,0.0,0.0,0.0,DONE,-1,0.0,1.095,0
165.424,2.9028,-0.8257,-0.1594,2.9492,-0.4259,-0.1438,0.0,0.0,0.0,0.0,DONE,-1,0.0,1.095,0
165.52,2.9028,-0.8257,-0.1594,2.9492,-0.4259,-0.1438,0.0,0.0,0.0,0.0,DONE,-1,0.0,1.095,0
165.616,2.9028,-0.8257,-0.1594,2.9492,-0.4259,-0.1438,0.0,0.0,0.0,0.0,DONE,-1,0.0,1.095,0
165.712,2.9028,-0.8257,-0.1594,2.9492,-0.4259,-0.1438,0.0,0.0,0.0,0.0,DONE,-1,0.0,1.095,0
165.808,2.9028,-0.8257,-0.1594,2.9492,-0.4259,-0.1438,0.0,0.0,0.0,0.0,DONE,-1,0.0,1.095,0
165.904,2.9028,-0.8257,-0.1594,2.9492,-0.4259,-0.1438,0.0,0.0,0.0,0.0,DONE,-1,0.0,1.095,0
166.0,2.9028,-0.8257,-0.1594,2.9492,-0.4259,-0.1438,0.0,0.0,0.0,0.0,DONE,-1,0.0,1.095,0
166.096,2.9028,-0.8257,-0.1594,2.9492,-0.4259,-0.1438,0.0,0.0,0.0,0.0,DONE,-1,0.0,1.095,0
166.192,2.9028,-0.8257,-0.1594,2.9492,-0.4259,-0.1438,0.0,0.0,0.0,0.0,DONE,-1,0.0,1.095,0
166.288,2.9028,-0.8257,-0.1594,2.9492,-0.4259,-0.1438,0.0,0.0,0.0,0.0,DONE,-1,0.0,1.095,0
166.384,2.9028,-0.8257,-0.1594,2.9492,-0.4259,-0.1438,0.0,0.0,0.0,0.0,DONE,-1,0.0,1.095,0
166.48,2.9028,-0.8257,-0.1594,2.9492,-0.4259,-0.1438,0.0,0.0,0.0,0.0,DONE,-1,0.0,1.095,0
166.576,2.9028,-0.8257,-0.1594,2.9492,-0.4259,-0.1438,0.0,0.0,0.0,0.0,DONE,-1,0.0,1.095,0
166.672,2.9028,-0.8257,-0.1594,2.9492,-0.4259,-0.1438,0.0,0.0,0.0,0.0,DONE,-1,0.0,1.095,0
166.768,2.9028,-0.8257,-0.1594,2.9492,-0.4259,-0.1438,0.0,0.0,0.0,0.0,DONE,-1,0.0,1.095,0
166.864,2.9028,-0.8257,-0.1594,2.9492,-0.4259,-0.1438,0.0,0.0,0.0,0.0,DONE,-1,0.0,1.095,0
166.96,2.9028,-0.8257,-0.1594,2.9492,-0.4259,-0.1438,0.0,0.0,0.0,0.0,DONE,-1,0.0,1.095,0
167.056,2.9028,-0.8257,-0.1594,2.9492,-0.4259,-0.1438,0.0,0.0,0.0,0.0,DONE,-1,0.0,1.095,0
167.152,2.9028,-0.8257,-0.1594,2.9492,-0.4259,-0.1438,0.0,0.0,0.0,0.0,DONE,-1,0.0,1.095,0
167.248,2.9028,-0.8257,-0.1594,2.9492,-0.4259,-0.1438,0.0,0.0,0.0,0.0,DONE,-1,0.0,1.095,0
167.344,2.9028,-0.8257,-0.1594,2.9492,-0.4259,-0.1438,0.0,0.0,0.0,0.0,DONE,-1,0.0,1.095,0
167.44,2.9028,-0.8257,-0.1594,2.9492,-0.4259,-0.1438,0.0,0.0,0.0,0.0,DONE,-1,0.0,1.095,0
167.536,2.9028,-0.8257,-0.1594,2.9492,-0.4259,-0.1438,0.0,0.0,0.0,0.0,DONE,-1,0.0,1.095,0
167.632,2.9028,-0.8257,-0.1594,2.9492,-0.4259,-0.1438,0.0,0.0,0.0,0.0,DONE,-1,0.0,1.095,0
167.728,2.9028,-0.8257,-0.1594,2.9492,-0.4259,-0.1438,0.0,0.0,0.0,0.0,DONE,-1,0.0,1.095,0
167.824,2.9028,-0.8257,-0.1594,2.9492,-0.4259,-0.1438,0.0,0.0,0.0,0.0,DONE,-1,0.0,1.095,0
167.92,2.9028,-0.8257,-0.1594,2.9492,-0.4259,-0.1438,0.0,0.0,0.0,0.0,DONE,-1,0.0,1.095,0
168.016,2.9028,-0.8257,-0.1594,2.9492,-0.4259,-0.1438,0.0,0.0,0.0,0.0,DONE,-1,0.0,1.095,0
168.112,2.9028,-0.8257,-0.1594,2.9492,-0.4259,-0.1438,0.0,0.0,0.0,0.0,DONE,-1,0.0,1.095,0
168.208,2.9028,-0.8257,-0.1594,2.9492,-0.4259,-0.1438,0.0,0.0,0.0,0.0,DONE,-1,0.0,1.095,0
168.304,2.9028,-0.8257,-0.1594,2.9492,-0.4259,-0.1438,0.0,0.0,0.0,0.0,DONE,-1,0.0,1.095,0
168.4,2.9028,-0.8257,-0.1594,2.9492,-0.4259,-0.1438,0.0,0.0,0.0,0.0,DONE,-1,0.0,1.095,0
168.496,2.9028,-0.8257,-0.1594,2.9492,-0.4259,-0.1438,0.0,0.0,0.0,0.0,DONE,-1,0.0,1.095,0
168.592,2.9028,-0.8257,-0.1594,2.9492,-0.4259,-0.1438,0.0,0.0,0.0,0.0,DONE,-1,0.0,1.095,0
168.688,2.9028,-0.8257,-0.1594,2.9492,-0.4259,-0.1438,0.0,0.0,0.0,0.0,DONE,-1,0.0,1.095,0
168.784,2.9028,-0.8257,-0.1594,2.9492,-0.4259,-0.1438,0.0,0.0,0.0,0.0,DONE,-1,0.0,1.095,0
168.88,2.9028,-0.8257,-0.1594,2.9492,-0.4259,-0.1438,0.0,0.0,0.0,0.0,DONE,-1,0.0,1.095,0
168.976,2.9028,-0.8257,-0.1594,2.9492,-0.4259,-0.1438,0.0,0.0,0.0,0.0,DONE,-1,0.0,1.095,0
169.072,2.9028,-0.8257,-0.1594,2.9492,-0.4259,-0.1438,0.0,0.0,0.0,0.0,DONE,-1,0.0,1.095,0
169.168,2.9028,-0.8257,-0.1594,2.9492,-0.4259,-0.1438,0.0,0.0,0.0,0.0,DONE,-1,0.0,1.095,0
169.264,2.9028,-0.8257,-0.1594,2.9492,-0.4259,-0.1438,0.0,0.0,0.0,0.0,DONE,-1,0.0,1.095,0
169.36,2.9028,-0.8257,-0.1594,2.9492,-0.4259,-0.1438,0.0,0.0,0.0,0.0,DONE,-1,0.0,1.095,0
169.456,2.9028,-0.8257,-0.1594,2.9492,-0.4259,-0.1438,0.0,0.0,0.0,0.0,DONE,-1,0.0,1.095,0
169.552,2.9028,-0.8257,-0.1594,2.9492,-0.4259,-0.1438,0.0,0.0,0.0,0.0,DONE,-1,0.0,1.095,0
169.648,2.9028,-0.8257,-0.1594,2.9492,-0.4259,-0.1438,0.0,0.0,0.0,0.0,DONE,-1,0.0,1.095,0
169.744,2.9028,-0.8257,-0.1594,2.9492,-0.4259,-0.1438,0.0,0.0,0.0,0.0,DONE,-1,0.0,1.095,0
169.84,2.9028,-0.8257,-0.1594,2.9492,-0.4259,-0.1438,0.0,0.0,0.0,0.0,DONE,-1,0.0,1.095,0
169.936,2.9028,-0.8257,-0.1594,2.9492,-0.4259,-0.1438,0.0,0.0,0.0,0.0,DONE,-1,0.0,1.095,0
170.032,2.9028,-0.8257,-0.1594,2.9492,-0.4259,-0.1438,0.0,0.0,0.0,0.0,DONE,-1,0.0,1.095,0
170.128,2.9028,-0.8257,-0.1594,2.9492,-0.4259,-0.1438,0.0,0.0,0.0,0.0,DONE,-1,0.0,1.095,0
170.224,2.9028,-0.8257,-0.1594,2.9492,-0.4259,-0.1438,0.0,0.0,0.0,0.0,DONE,-1,0.0,1.095,0
170.32,2.9028,-0.8257,-0.1594,2.9492,-0.4259,-0.1438,0.0,0.0,0.0,0.0,DONE,-1,0.0,1.095,0
170.416,2.9028,-0.8257,-0.1594,2.9492,-0.4259,-0.1438,0.0,0.0,0.0,0.0,DONE,-1,0.0,1.095,0
170.512,2.9028,-0.8257,-0.1594,2.9492,-0.4259,-0.1438,0.0,0.0,0.0,0.0,DONE,-1,0.0,1.095,0
170.608,2.9028,-0.8257,-0.1594,2.9492,-0.4259,-0.1438,0.0,0.0,0.0,0.0,DONE,-1,0.0,1.095,0
170.704,2.9028,-0.8257,-0.1594,2.9492,-0.4259,-0.1438,0.0,0.0,0.0,0.0,DONE,-1,0.0,1.095,0
170.8,2.9028,-0.8257,-0.1594,2.9492,-0.4259,-0.1438,0.0,0.0,0.0,0.0,DONE,-1,0.0,1.095,0
170.896,2.9028,-0.8257,-0.1594,2.9492,-0.4259,-0.1438,0.0,0.0,0.0,0.0,DONE,-1,0.0,1.095,0
170.992,2.9028,-0.8257,-0.1594,2.9492,-0.4259,-0.1438,0.0,0.0,0.0,0.0,DONE,-1,0.0,1.095,0
171.088,2.9028,-0.8257,-0.1594,2.9492,-0.4259,-0.1438,0.0,0.0,0.0,0.0,DONE,-1,0.0,1.095,0
171.184,2.9028,-0.8257,-0.1594,2.9492,-0.4259,-0.1438,0.0,0.0,0.0,0.0,DONE,-1,0.0,1.095,0
171.28,2.9028,-0.8257,-0.1594,2.9492,-0.4259,-0.1438,0.0,0.0,0.0,0.0,DONE,-1,0.0,1.095,0
171.376,2.9028,-0.8257,-0.1594,2.9492,-0.4259,-0.1438,0.0,0.0,0.0,0.0,DONE,-1,0.0,1.095,0
171.472,2.9028,-0.8257,-0.1594,2.9492,-0.4259,-0.1438,0.0,0.0,0.0,0.0,DONE,-1,0.0,1.095,0
171.568,2.9028,-0.8257,-0.1594,2.9492,-0.4259,-0.1438,0.0,0.0,0.0,0.0,DONE,-1,0.0,1.095,0
171.664,2.9028,-0.8257,-0.1594,2.9492,-0.4259,-0.1438,0.0,0.0,0.0,0.0,DONE,-1,0.0,1.095,0
171.76,2.9028,-0.8257,-0.1594,2.9492,-0.4259,-0.1438,0.0,0.0,0.0,0.0,DONE,-1,0.0,1.095,0
171.856,2.9028,-0.8257,-0.1594,2.9492,-0.4259,-0.1438,0.0,0.0,0.0,0.0,DONE,-1,0.0,1.095,0
171.952,2.9028,-0.8257,-0.1594,2.9492,-0.4259,-0.1438,0.0,0.0,0.0,0.0,DONE,-1,0.0,1.095,0
172.048,2.9028,-0.8257,-0.1594,2.9492,-0.4259,-0.1438,0.0,0.0,0.0,0.0,DONE,-1,0.0,1.095,0
172.144,2.9028,-0.8257,-0.1594,2.9492,-0.4259,-0.1438,0.0,0.0,0.0,0.0,DONE,-1,0.0,1.095,0
172.24,2.9028,-0.8257,-0.1594,2.9492,-0.4259,-0.1438,0.0,0.0,0.0,0.0,DONE,-1,0.0,1.095,0
172.336,2.9028,-0.8257,-0.1594,2.9492,-0.4259,-0.1438,0.0,0.0,0.0,0.0,DONE,-1,0.0,1.095,0
172.432,2.9028,-0.8257,-0.1594,2.9492,-0.4259,-0.1438,0.0,0.0,0.0,0.0,DONE,-1,0.0,1.095,0
172.528,2.9028,-0.8257,-0.1594,2.9492,-0.4259,-0.1438,0.0,0.0,0.0,0.0,DONE,-1,0.0,1.095,0
172.624,2.9028,-0.8257,-0.1594,2.9492,-0.4259,-0.1438,0.0,0.0,0.0,0.0,DONE,-1,0.0,1.095,0
172.72,2.9028,-0.8257,-0.1594,2.9492,-0.4259,-0.1438,0.0,0.0,0.0,0.0,DONE,-1,0.0,1.095,0
172.816,2.9028,-0.8257,-0.1594,2.9492,-0.4259,-0.1438,0.0,0.0,0.0,0.0,DONE,-1,0.0,1.095,0
172.912,2.9028,-0.8257,-0.1594,2.9492,-0.4259,-0.1438,0.0,0.0,0.0,0.0,DONE,-1,0.0,1.095,0
173.008,2.9028,-0.8257,-0.1594,2.9492,-0.4259,-0.1438,0.0,0.0,0.0,0.0,DONE,-1,0.0,1.095,0
173.104,2.9028,-0.8257,-0.1594,2.9492,-0.4259,-0.1438,0.0,0.0,0.0,0.0,DONE,-1,0.0,1.095,0
173.2,2.9028,-0.8257,-0.1594,2.9492,-0.4259,-0.1438,0.0,0.0,0.0,0.0,DONE,-1,0.0,1.095,0
173.296,2.9028,-0.8257,-0.1594,2.9492,-0.4259,-0.1438,0.0,0.0,0.0,0.0,DONE,-1,0.0,1.095,0
173.392,2.9028,-0.8257,-0.1594,2.9492,-0.4259,-0.1438,0.0,0.0,0.0,0.0,DONE,-1,0.0,1.095,0
173.488,2.9028,-0.8257,-0.1594,2.9492,-0.4259,-0.1438,0.0,0.0,0.0,0.0,DONE,-1,0.0,1.095,0
173.584,2.9028,-0.8257,-0.1594,2.9492,-0.4259,-0.1438,0.0,0.0,0.0,0.0,DONE,-1,0.0,1.095,0
173.68,2.9028,-0.8257,-0.1594,2.9492,-0.4259,-0.1438,0.0,0.0,0.0,0.0,DONE,-1,0.0,1.095,0
173.776,2.9028,-0.8257,-0.1594,2.9492,-0.4259,-0.1438,0.0,0.0,0.0,0.0,DONE,-1,0.0,1.095,0
173.872,2.9028,-0.8257,-0.1594,2.9492,-0.4259,-0.1438,0.0,0.0,0.0,0.0,DONE,-1,0.0,1.095,0
173.968,2.9028,-0.8257,-0.1594,2.9492,-0.4259,-0.1438,0.0,0.0,0.0,0.0,DONE,-1,0.0,1.095,0
174.064,2.9028,-0.8257,-0.1594,2.9492,-0.4259,-0.1438,0.0,0.0,0.0,0.0,DONE,-1,0.0,1.095,0
174.16,2.9028,-0.8257,-0.1594,2.9492,-0.4259,-0.1438,0.0,0.0,0.0,0.0,DONE,-1,0.0,1.095,0
174.256,2.9028,-0.8257,-0.1594,2.9492,-0.4259,-0.1438,0.0,0.0,0.0,0.0,DONE,-1,0.0,1.095,0
174.352,2.9028,-0.8257,-0.1594,2.9492,-0.4259,-0.1438,0.0,0.0,0.0,0.0,DONE,-1,0.0,1.095,0
174.448,2.9028,-0.8257,-0.1594,2.9492,-0.4259,-0.1438,0.0,0.0,0.0,0.0,DONE,-1,0.0,1.095,0
174.544,2.9028,-0.8257,-0.1594,2.9492,-0.4259,-0.1438,0.0,0.0,0.0,0.0,DONE,-1,0.0,1.095,0
174.64,2.9028,-0.8257,-0.1594,2.9492,-0.4259,-0.1438,0.0,0.0,0.0,0.0,DONE,-1,0.0,1.095,0
174.736,2.9028,-0.8257,-0.1594,2.9492,-0.4259,-0.1438,0.0,0.0,0.0,0.0,DONE,-1,0.0,1.095,0
174.832,2.9028,-0.8257,-0.1594,2.9492,-0.4259,-0.1438,0.0,0.0,0.0,0.0,DONE,-1,0.0,1.095,0
174.928,2.9028,-0.8257,-0.1594,2.9492,-0.4259,-0.1438,0.0,0.0,0.0,0.0,DONE,-1,0.0,1.095,0
175.024,2.9028,-0.8257,-0.1594,2.9492,-0.4259,-0.1438,0.0,0.0,0.0,0.0,DONE,-1,0.0,1.095,0
175.12,2.9028,-0.8257,-0.1594,2.9492,-0.4259,-0.1438,0.0,0.0,0.0,0.0,DONE,-1,0.0,1.095,0
175.216,2.9028,-0.8257,-0.1594,2.9492,-0.4259,-0.1438,0.0,0.0,0.0,0.0,DONE,-1,0.0,1.095,0
175.312,2.9028,-0.8257,-0.1594,2.9492,-0.4259,-0.1438,0.0,0.0,0.0,0.0,DONE,-1,0.0,1.095,0
175.408,2.9028,-0.8257,-0.1594,2.9492,-0.4259,-0.1438,0.0,0.0,0.0,0.0,DONE,-1,0.0,1.095,0
175.504,2.9028,-0.8257,-0.1594,2.9492,-0.4259,-0.1438,0.0,0.0,0.0,0.0,DONE,-1,0.0,1.095,0
175.6,2.9028,-0.8257,-0.1594,2.9492,-0.4259,-0.1438,0.0,0.0,0.0,0.0,DONE,-1,0.0,1.095,0
175.696,2.9028,-0.8257,-0.1594,2.9492,-0.4259,-0.1438,0.0,0.0,0.0,0.0,DONE,-1,0.0,1.095,0
175.792,2.9028,-0.8257,-0.1594,2.9492,-0.4259,-0.1438,0.0,0.0,0.0,0.0,DONE,-1,0.0,1.095,0
175.888,2.9028,-0.8257,-0.1594,2.9492,-0.4259,-0.1438,0.0,0.0,0.0,0.0,DONE,-1,0.0,1.095,0
175.984,2.9028,-0.8257,-0.1594,2.9492,-0.4259,-0.1438,0.0,0.0,0.0,0.0,DONE,-1,0.0,1.095,0
176.08,2.9028,-0.8257,-0.1594,2.9492,-0.4259,-0.1438,0.0,0.0,0.0,0.0,DONE,-1,0.0,1.095,0
176.176,2.9028,-0.8257,-0.1594,2.9492,-0.4259,-0.1438,0.0,0.0,0.0,0.0,DONE,-1,0.0,1.095,0
176.272,2.9028,-0.8257,-0.1594,2.9492,-0.4259,-0.1438,0.0,0.0,0.0,0.0,DONE,-1,0.0,1.095,0
176.368,2.9028,-0.8257,-0.1594,2.9492,-0.4259,-0.1438,0.0,0.0,0.0,0.0,DONE,-1,0.0,1.095,0
176.464,2.9028,-0.8257,-0.1594,2.9492,-0.4259,-0.1438,0.0,0.0,0.0,0.0,DONE,-1,0.0,1.095,0
176.56,2.9028,-0.8257,-0.1594,2.9492,-0.4259,-0.1438,0.0,0.0,0.0,0.0,DONE,-1,0.0,1.095,0
176.656,2.9028,-0.8257,-0.1594,2.9492,-0.4259,-0.1438,0.0,0.0,0.0,0.0,DONE,-1,0.0,1.095,0
176.752,2.9028,-0.8257,-0.1594,2.9492,-0.4259,-0.1438,0.0,0.0,0.0,0.0,DONE,-1,0.0,1.095,0
176.848,2.9028,-0.8257,-0.1594,2.9492,-0.4259,-0.1438,0.0,0.0,0.0,0.0,DONE,-1,0.0,1.095,0
176.944,2.9028,-0.8257,-0.1594,2.9492,-0.4259,-0.1438,0.0,0.0,0.0,0.0,DONE,-1,0.0,1.095,0
177.04,2.9028,-0.8257,-0.1594,2.9492,-0.4259,-0.1438,0.0,0.0,0.0,0.0,DONE,-1,0.0,1.095,0
177.136,2.9028,-0.8257,-0.1594,2.9492,-0.4259,-0.1438,0.0,0.0,0.0,0.0,DONE,-1,0.0,1.095,0
177.232,2.9028,-0.8257,-0.1594,2.9492,-0.4259,-0.1438,0.0,0.0,0.0,0.0,DONE,-1,0.0,1.095,0
177.328,2.9028,-0.8257,-0.1594,2.9492,-0.4259,-0.1438,0.0,0.0,0.0,0.0,DONE,-1,0.0,1.095,0
177.424,2.9028,-0.8257,-0.1594,2.9492,-0.4259,-0.1438,0.0,0.0,0.0,0.0,DONE,-1,0.0,1.095,0
177.52,2.9028,-0.8257,-0.1594,2.9492,-0.4259,-0.1438,0.0,0.0,0.0,0.0,DONE,-1,0.0,1.095,0
177.616,2.9028,-0.8257,-0.1594,2.9492,-0.4259,-0.1438,0.0,0.0,0.0,0.0,DONE,-1,0.0,1.095,0
177.712,2.9028,-0.8257,-0.1594,2.9492,-0.4259,-0.1438,0.0,0.0,0.0,0.0,DONE,-1,0.0,1.095,0
177.808,2.9028,-0.8257,-0.1594,2.9492,-0.4259,-0.1438,0.0,0.0,0.0,0.0,DONE,-1,0.0,1.095,0
177.904,2.9028,-0.8257,-0.1594,2.9492,-0.4259,-0.1438,0.0,0.0,0.0,0.0,DONE,-1,0.0,1.095,0
178.0,2.9028,-0.8257,-0.1594,2.9492,-0.4259,-0.1438,0.0,0.0,0.0,0.0,DONE,-1,0.0,1.095,0
178.096,2.9028,-0.8257,-0.1594,2.9492,-0.4259,-0.1438,0.0,0.0,0.0,0.0,DONE,-1,0.0,1.095,0
178.192,2.9028,-0.8257,-0.1594,2.9492,-0.4259,-0.1438,0.0,0.0,0.0,0.0,DONE,-1,0.0,1.095,0
178.288,2.9028,-0.8257,-0.1594,2.9492,-0.4259,-0.1438,0.0,0.0,0.0,0.0,DONE,-1,0.0,1.095,0
178.384,2.9028,-0.8257,-0.1594,2.9492,-0.4259,-0.1438,0.0,0.0,0.0,0.0,DONE,-1,0.0,1.095,0
178.48,2.9028,-0.8257,-0.1594,2.9492,-0.4259,-0.1438,0.0,0.0,0.0,0.0,DONE,-1,0.0,1.095,0
178.576,2.9028,-0.8257,-0.1594,2.9492,-0.4259,-0.1438,0.0,0.0,0.0,0.0,DONE,-1,0.0,1.095,0
178.672,2.9028,-0.8257,-0.1594,2.9492,-0.4259,-0.1438,0.0,0.0,0.0,0.0,DONE,-1,0.0,1.095,0
178.768,2.9028,-0.8257,-0.1594,2.9492,-0.4259,-0.1438,0.0,0.0,0.0,0.0,DONE,-1,0.0,1.095,0
178.864,2.9028,-0.8257,-0.1594,2.9492,-0.4259,-0.1438,0.0,0.0,0.0,0.0,DONE,-1,0.0,1.095,0
178.96,2.9028,-0.8257,-0.1594,2.9492,-0.4259,-0.1438,0.0,0.0,0.0,0.0,DONE,-1,0.0,1.095,0
179.056,2.9028,-0.8257,-0.1594,2.9492,-0.4259,-0.1438,0.0,0.0,0.0,0.0,DONE,-1,0.0,1.095,0
179.152,2.9028,-0.8257,-0.1594,2.9492,-0.4259,-0.1438,0.0,0.0,0.0,0.0,DONE,-1,0.0,1.095,0
179.248,2.9028,-0.8257,-0.1594,2.9492,-0.4259,-0.1438,0.0,0.0,0.0,0.0,DONE,-1,0.0,1.095,0
179.344,2.9028,-0.8257,-0.1594,2.9492,-0.4259,-0.1438,0.0,0.0,0.0,0.0,DONE,-1,0.0,1.095,0
179.44,2.9028,-0.8257,-0.1594,2.9492,-0.4259,-0.1438,0.0,0.0,0.0,0.0,DONE,-1,0.0,1.095,0
179.536,2.9028,-0.8257,-0.1594,2.9492,-0.4259,-0.1438,0.0,0.0,0.0,0.0,DONE,-1,0.0,1.095,0
179.632,2.9028,-0.8257,-0.1594,2.9492,-0.4259,-0.1438,0.0,0.0,0.0,0.0,DONE,-1,0.0,1.095,0
179.728,2.9028,-0.8257,-0.1594,2.9492,-0.4259,-0.1438,0.0,0.0,0.0,0.0,DONE,-1,0.0,1.095,0
179.824,2.9028,-0.8257,-0.1594,2.9492,-0.4259,-0.1438,0.0,0.0,0.0,0.0,DONE,-1,0.0,1.095,0
179.92,2.9028,-0.8257,-0.1594,2.9492,-0.4259,-0.1438,0.0,0.0,0.0,0.0,DONE,-1,0.0,1.095,0
180.016,2.9028,-0.8257,-0.1594,2.9492,-0.4259,-0.1438,0.0,0.0,0.0,0.0,DONE,-1,0.0,1.095,0
180.112,2.9028,-0.8257,-0.1594,2.9492,-0.4259,-0.1438,0.0,0.0,0.0,0.0,DONE,-1,0.0,1.095,0
180.208,2.9028,-0.8257,-0.1594,2.9492,-0.4259,-0.1438,0.0,0.0,0.0,0.0,DONE,-1,0.0,1.095,0
180.304,2.9028,-0.8257,-0.1594,2.9492,-0.4259,-0.1438,0.0,0.0,0.0,0.0,DONE,-1,0.0,1.095,0
180.4,2.9028,-0.8257,-0.1594,2.9492,-0.4259,-0.1438,0.0,0.0,0.0,0.0,DONE,-1,0.0,1.095,0
180.496,2.9028,-0.8257,-0.1594,2.9492,-0.4259,-0.1438,0.0,0.0,0.0,0.0,DONE,-1,0.0,1.095,0
180.592,2.9028,-0.8257,-0.1594,2.9492,-0.4259,-0.1438,0.0,0.0,0.0,0.0,DONE,-1,0.0,1.095,0
180.688,2.9028,-0.8257,-0.1594,2.9492,-0.4259,-0.1438,0.0,0.0,0.0,0.0,DONE,-1,0.0,1.095,0
180.784,2.9028,-0.8257,-0.1594,2.9492,-0.4259,-0.1438,0.0,0.0,0.0,0.0,DONE,-1,0.0,1.095,0
180.88,2.9028,-0.8257,-0.1594,2.9492,-0.4259,-0.1438,0.0,0.0,0.0,0.0,DONE,-1,0.0,1.095,0
180.976,2.9028,-0.8257,-0.1594,2.9492,-0.4259,-0.1438,0.0,0.0,0.0,0.0,DONE,-1,0.0,1.095,0
181.072,2.9028,-0.8257,-0.1594,2.9492,-0.4259,-0.1438,0.0,0.0,0.0,0.0,DONE,-1,0.0,1.095,0
